{"type":"FeatureCollection","features":[{"type":"Feature","properties":{"name":"Mata Atl\u00e2ntica, Pampa","area":22.83917777766601},"geometry":{"type":"MultiPolygon","coordinates":[[[[-53.0318343729632,-27.1594721868746],[-53.04119838153567,-27.15292458713203],[-53.0447773585791,-27.13392583027298],[-53.03827444155806,-27.12091720479014],[-53.02033105277112,-27.10455043966877],[-53.0171837345712,-27.09524924341917],[-53.02043941182934,-27.08752268533123],[-53.02734758823686,-27.08318240836245],[-53.0482135041163,-27.0836503932926],[-53.06414069525153,-27.0921457676093],[-53.07829215143723,-27.11130993035916],[-53.07904528676713,-27.11847355066782],[-53.07176978286208,-27.13454894483226],[-53.06971119498542,-27.14873523143198],[-53.07123991392671,-27.15696974179182],[-53.07747875499687,-27.16311583667324],[-53.10741973113954,-27.17028613538978],[-53.13218309765666,-27.18022869985038],[-53.1403447045894,-27.17441937914742],[-53.15028470959745,-27.14378231233492],[-53.15459286239571,-27.14061687220251],[-53.16239891583013,-27.14069762090665],[-53.17236217580694,-27.14802092826357],[-53.1774895629655,-27.18083775542097],[-53.18599655866896,-27.19159386918078],[-53.19721636051215,-27.1926527224795],[-53.23208570322182,-27.17111165889205],[-53.24165919627558,-27.17163567765945],[-53.26247289406324,-27.18474193026764],[-53.29306698266981,-27.1969193430846],[-53.30784924238205,-27.21654171414542],[-53.31584165830849,-27.21884510268106],[-53.32258175824082,-27.21150493143621],[-53.32072702654904,-27.19823827789702],[-53.30901725833902,-27.18161096247988],[-53.29598289946351,-27.15153754846932],[-53.29425221479695,-27.13555297051532],[-53.31224080886785,-27.11968799457377],[-53.34814078855362,-27.1200225303796],[-53.36498235812829,-27.09434788379754],[-53.37638997247342,-27.091465610402],[-53.39318971303678,-27.10879380118045],[-53.40621463819096,-27.13654420002536],[-53.41793825578521,-27.14444450749783],[-53.43183178869754,-27.14622837708307],[-53.45761576720153,-27.15715188435273],[-53.46547942258719,-27.15385959614397],[-53.48200971580386,-27.13495440158579],[-53.49119551300078,-27.13232507321306],[-53.50436421049969,-27.13564148161349],[-53.50825624351215,-27.14576544315985],[-53.50514961459217,-27.16145008010909],[-53.48890073129336,-27.18350420481546],[-53.48833303688163,-27.1954471284771],[-53.49308063191341,-27.20347846656164],[-53.51824902372348,-27.20217781478691],[-53.53074060152175,-27.19454664260789],[-53.54819363974823,-27.17606160350346],[-53.56173115456016,-27.17241484367784],[-53.59144179257932,-27.1874726971369],[-53.61823194001256,-27.18733644114596],[-53.63072581073595,-27.21337862018177],[-53.64386934624905,-27.21974429329978],[-53.65081923382468,-27.2155073785414],[-53.64791912099916,-27.19130848355576],[-53.65012579440307,-27.17882211125015],[-53.66779230020062,-27.16201947449091],[-53.68621906568455,-27.1636014635126],[-53.72738640311165,-27.18777134381208],[-53.74514496380029,-27.19250287483053],[-53.75105792671741,-27.18902310687255],[-53.7620333137052,-27.15712367396788],[-53.77032644054207,-27.14866762082604],[-53.77786559052154,-27.14814577548738],[-53.80900336251361,-27.17275975351549],[-53.81965485599412,-27.17565358429793],[-53.84159652906649,-27.16561146679744],[-53.86127824701457,-27.12848138565285],[-53.87515211949773,-27.12587842955736],[-53.88351992601978,-27.13186377150817],[-53.88827864126101,-27.1544912455001],[-53.90170389349956,-27.17386305892684],[-53.91689848252016,-27.17475236852062],[-53.92903656462038,-27.15896783237745],[-53.94658453214834,-27.15125927980863],[-53.95309968449576,-27.152939447802],[-53.95984735249529,-27.16013791879733],[-53.95558290909015,-27.1837170374188],[-53.96328724927517,-27.19774049263283],[-53.9921296541708,-27.19593799932324],[-54.00801728671264,-27.19839464278921],[-54.01498040647922,-27.20811040797399],[-54.01590906258275,-27.23300738814874],[-54.02438974566419,-27.2516543090123],[-54.05640133504989,-27.26507657791537],[-54.07227808570416,-27.29095445823565],[-54.08235989386414,-27.29894404831208],[-54.10104693514092,-27.3032629569842],[-54.15489505223065,-27.2968585199746],[-54.15994279932129,-27.29153682893309],[-54.15536579058525,-27.27648419960664],[-54.15732828900668,-27.26320573091451],[-54.1654856636228,-27.25407827344753],[-54.17418862413305,-27.254911066026],[-54.18655739665493,-27.26490931534662],[-54.1890437506547,-27.27161688249469],[-54.19419769539543,-27.29232621403228],[-54.19333962814642,-27.30846019850903],[-54.20862630289132,-27.33595592584597],[-54.21331149577755,-27.35124441724259],[-54.21443616605243,-27.38157810830899],[-54.22795639814233,-27.39208156985029],[-54.25357793984934,-27.39445062232185],[-54.26397379586025,-27.39933334889838],[-54.27066132643873,-27.41873425000377],[-54.26829310135732,-27.43626361280087],[-54.2829592602175,-27.44777823199928],[-54.29422481578803,-27.4459100969208],[-54.3106418225338,-27.42196231921704],[-54.33348003132235,-27.40351142949893],[-54.33890494370681,-27.40322079111384],[-54.34154200066578,-27.40435169639699],[-54.34283204182547,-27.41280713814607],[-54.33506606265304,-27.45129462901117],[-54.34038964849432,-27.46335601205734],[-54.35155063845182,-27.46704841115085],[-54.3697684600474,-27.45258285793136],[-54.3923381771823,-27.41810521465876],[-54.41140427870589,-27.40528599150865],[-54.43911988411122,-27.42474864599011],[-54.45664593068356,-27.42215965400926],[-54.46992506247064,-27.42583675010365],[-54.4720566033866,-27.43445949986132],[-54.46992448946233,-27.43802815379647],[-54.44399114335138,-27.45996166258649],[-54.44263268536143,-27.46492185379989],[-54.44579561044781,-27.47213725164487],[-54.46306733155289,-27.47971023320714],[-54.50619777217995,-27.48234908780339],[-54.52492354993118,-27.50617157653561],[-54.53441675417859,-27.50566179525179],[-54.53712709918242,-27.50281325203849],[-54.54246684356777,-27.48667122073403],[-54.56136696512257,-27.4624988582293],[-54.57335122801434,-27.45361009852801],[-54.58097101958597,-27.45325740923896],[-54.58939427392714,-27.45818447518234],[-54.59495002772938,-27.4873672403622],[-54.60954050688113,-27.51042047799055],[-54.61579206222885,-27.53224096021242],[-54.62689746247312,-27.54402223879961],[-54.64240188865666,-27.54480287737397],[-54.64802510464241,-27.54023437008886],[-54.66007884862189,-27.50859815452323],[-54.67547571436541,-27.50578126737202],[-54.67943237762976,-27.51285083201448],[-54.68011597658721,-27.52664102436923],[-54.67166483629943,-27.56641670823482],[-54.68085625646248,-27.57450141002761],[-54.73852618303852,-27.56093903054294],[-54.74486070954399,-27.56264135118284],[-54.75872508246094,-27.58150346292932],[-54.76630857059292,-27.58486046287138],[-54.77812739330932,-27.58371664886574],[-54.7845525915198,-27.57869433355991],[-54.78771886309434,-27.57017807768194],[-54.79518662390498,-27.53498285017193],[-54.80978712153336,-27.53004742324445],[-54.81714415552344,-27.53555958906603],[-54.8265534771427,-27.554025650922],[-54.83970750029681,-27.60522831679418],[-54.84772220175925,-27.62131306141048],[-54.8607649684926,-27.62944067036137],[-54.88850515486095,-27.62661209720608],[-54.89524875095123,-27.62922143583753],[-54.90659557679473,-27.6418764152088],[-54.90248673495937,-27.7155686263464],[-54.90663861200122,-27.72978694007385],[-54.92145685761604,-27.74556772223835],[-54.937407400689,-27.77045222394579],[-54.94942417738392,-27.77928455027],[-54.96094936617283,-27.77847995785942],[-54.97766215628469,-27.77086004593264],[-54.98876623401487,-27.77224366443351],[-54.99304244659006,-27.77554867296724],[-55.00026617630659,-27.79235657190599],[-55.01420491057591,-27.79702777889466],[-55.02431288736059,-27.79419978550802],[-55.0509131592285,-27.76875510506427],[-55.05791229479573,-27.76808582846144],[-55.08022441257792,-27.77827691280279],[-55.08386899912009,-27.78412844685471],[-55.08271059300536,-27.79685831691521],[-55.02762752401916,-27.83024576546518],[-55.02441435871575,-27.84222763408466],[-55.02983283651756,-27.85461966790545],[-55.03638351799768,-27.8577803295816],[-55.08530926416196,-27.84309574442914],[-55.11383254024832,-27.84899125539369],[-55.12627616423357,-27.85981842499508],[-55.1240060232437,-27.88148635451744],[-55.12820667583978,-27.89388839914379],[-55.1331247315696,-27.89610877349474],[-55.13931235082294,-27.89506543838166],[-55.15343422255933,-27.88261849136619],[-55.17156036000857,-27.86127603759981],[-55.19139370159849,-27.85540824055757],[-55.20268269845597,-27.85785919500922],[-55.23226715005907,-27.88406866488538],[-55.25012188568752,-27.91421363138681],[-55.26646173783,-27.92978954490525],[-55.27527826108586,-27.93311301047278],[-55.28580092312257,-27.93228425942845],[-55.30937084335738,-27.92224982375137],[-55.31925822734141,-27.92194788043708],[-55.33030652129409,-27.93145135231015],[-55.33998942125398,-27.96652611409913],[-55.34706875001964,-27.97224372204488],[-55.38227558159506,-27.97910379689862],[-55.3871822634231,-27.98999976632041],[-55.36904420149787,-28.01906583644942],[-55.36939500927869,-28.0272605354375],[-55.39050884338942,-28.04523066801521],[-55.41396790782964,-28.05464891731104],[-55.42217484746151,-28.062161106101],[-55.44255699073398,-28.09431113057906],[-55.45246011744572,-28.09795260815307],[-55.48787845282705,-28.0764550609319],[-55.49551860382584,-28.07686209343847],[-55.51324286103019,-28.11464776110008],[-55.5305812594712,-28.11545872797199],[-55.53982965470701,-28.12260505316549],[-55.54759541635744,-28.13648321503353],[-55.54933306784341,-28.15596288415365],[-55.55754616815465,-28.16456383008632],[-55.56416423571504,-28.16350542158382],[-55.5853399589792,-28.14795151313428],[-55.58909651941799,-28.14177568607911],[-55.58340622091372,-28.12517309008823],[-55.58690450688428,-28.11960378352764],[-55.59627117071017,-28.11575463147744],[-55.61073030569845,-28.11745542712675],[-55.62078491358099,-28.13098138841116],[-55.61968241681768,-28.15354913299229],[-55.62233204058244,-28.16102819841391],[-55.63423087721505,-28.1778381521009],[-55.65301677966709,-28.18210157260414],[-55.69258004465102,-28.2187902844754],[-55.70473249538259,-28.22429792946846],[-55.74997565510155,-28.233737500762],[-55.77124605684377,-28.24145453590076],[-55.77855056800735,-28.2478648770208],[-55.7825586813821,-28.25605743655495],[-55.77317858212847,-28.27424007442243],[-55.73290980370079,-28.28597531360985],[-55.70177312730366,-28.31119190486535],[-55.68020235057105,-28.32222625825327],[-55.67042134222106,-28.33439172179514],[-55.6707807500869,-28.3456873603042],[-55.68876890259288,-28.38815612220825],[-55.69073775530979,-28.4132956515195],[-55.69524752318032,-28.42296625712289],[-55.70433702179157,-28.42755620108771],[-55.71346138775052,-28.42575534749511],[-55.71970348549272,-28.41867913809775],[-55.73435247324655,-28.38120951213605],[-55.75656674346343,-28.3694314186398],[-55.80964314439672,-28.36574429773443],[-55.85058491014268,-28.35538996737556],[-55.87108916213673,-28.35726248339689],[-55.87861345897154,-28.36177188147605],[-55.90038586617584,-28.39834605814933],[-55.90304948476498,-28.40764434235877],[-55.8826016485357,-28.46383823782702],[-55.88132782202873,-28.47350473674778],[-55.8840060451848,-28.4791630560217],[-55.92879131604072,-28.48635201276293],[-55.94929360747073,-28.49459268048747],[-55.98821518169954,-28.49811517736245],[-56.01122410792637,-28.50689336647619],[-56.02323007706322,-28.52276497925489],[-56.02565118936911,-28.53508667732926],[-56.02089681898913,-28.55319661364716],[-56.0023709171854,-28.57829866420385],[-56.00337327348608,-28.59779842998651],[-56.00979258692615,-28.6058263502821],[-56.02597277328918,-28.61714476752698],[-56.05627223144459,-28.62920361374397],[-56.08200488135342,-28.65419933131138],[-56.11915094339312,-28.68124748887223],[-56.14388499420811,-28.7097683805838],[-56.16067745906492,-28.7396514378854],[-56.18812389494177,-28.77228093032651],[-56.19415553888314,-28.77519795076868],[-56.26093111359216,-28.77900680893563],[-56.27095149262773,-28.78192575044685],[-56.28911269589229,-28.79372196576089],[-56.29974236880622,-28.80811331320558],[-56.301143217862,-28.81663564126264],[-56.29728713765645,-28.8414203758382],[-56.30005407791,-28.89556081159051],[-56.32728099309883,-28.92822331320953],[-56.3441939180253,-28.94005652221841],[-56.37899017351315,-28.94802992603848],[-56.40633599204114,-28.97259563661069],[-56.41596467893459,-28.99226326708931],[-56.41617418863127,-29.00073641946186],[-56.39911727221539,-29.01735159490039],[-56.40436321874776,-29.03248092627651],[-56.41000274423732,-29.03865549492272],[-56.415997499238,-29.06896017124263],[-56.43042024101972,-29.07950348961536],[-56.50302541889045,-29.08866156563025],[-56.51485552901352,-29.09266198576612],[-56.54430753086604,-29.1157373280456],[-56.56798204418089,-29.11408349191892],[-56.58875341793211,-29.11981281752429],[-56.59391141058284,-29.12625609188248],[-56.59487433457856,-29.13629112502356],[-56.61692451417288,-29.17106932538153],[-56.6458144531972,-29.20026209930493],[-56.65476063890501,-29.22379397616071],[-56.64920683097949,-29.25495641203856],[-56.6507140913824,-29.26434825876241],[-56.66452281283264,-29.29499086818647],[-56.69996530465527,-29.35644089207504],[-56.71296807213675,-29.3673526136398],[-56.7461908557384,-29.36835636216292],[-56.75870300745586,-29.37090455460967],[-56.76840155662012,-29.37799888577995],[-56.78036120732961,-29.41628978206607],[-56.779500371876,-29.43737259300989],[-56.79695147918876,-29.44906693420219],[-56.80821026209883,-29.473111154772],[-56.82209244173544,-29.49002479954075],[-56.86081570982525,-29.5073469057822],[-56.90196173418329,-29.53381670594883],[-56.92953720231599,-29.56621513074816],[-56.95091775959919,-29.58068725042864],[-56.96780032593351,-29.60179488650773],[-56.97208495522979,-29.61730094549611],[-56.96739484341301,-29.63726196052382],[-56.9711483663687,-29.64340640187574],[-56.99064003713971,-29.64668377136926],[-57.00092368637937,-29.65191463746907],[-57.02698112578738,-29.68943509290653],[-57.04547559150129,-29.70158592848361],[-57.09972211710323,-29.74832010936101],[-57.1319053572596,-29.77016005535296],[-57.17202099039547,-29.78068486285301],[-57.22105313936576,-29.77630150584629],[-57.23540015839206,-29.78078838562027],[-57.26775223843942,-29.80945511289224],[-57.2821785112275,-29.81728826357844],[-57.32457890467298,-29.87281784838386],[-57.32968801455016,-29.88763536785575],[-57.32404517281861,-29.93980250027618],[-57.32814070706506,-29.97203678222495],[-57.33756762030777,-29.98997247486607],[-57.35198068009701,-30.00805855602231],[-57.39633215295518,-30.02279424704681],[-57.41752164139401,-30.03837256273946],[-57.45376114978827,-30.08155876037009],[-57.45843117636642,-30.10152854334286],[-57.46460425771649,-30.11034303328405],[-57.5256147061598,-30.15138545386043],[-57.56960843304397,-30.17176376584912],[-57.59409952571006,-30.17899157931614],[-57.63266027080095,-30.17477694529098],[-57.64602136090217,-30.18084491152096],[-57.64974282416672,-30.18932089584175],[-57.64514193754831,-30.19369062904724],[-57.63205473077562,-30.18703898251132],[-57.60336743359254,-30.18967113197256],[-57.56307290606297,-30.20910950997729],[-57.55784638823625,-30.21338344734475],[-57.55629886530654,-30.22497293111078],[-57.55859166235454,-30.23556277527339],[-57.56797915430617,-30.2522309644473],[-57.56633984427766,-30.25911120383886],[-57.55512096124078,-30.26500122538271],[-57.55083171010398,-30.2726193845688],[-57.52540879161039,-30.28547218915616],[-57.50027308728885,-30.28885313109075],[-57.48675969750303,-30.26682923812501],[-57.46352341193241,-30.26539986026548],[-57.45229528815968,-30.27603744661003],[-57.42929597514523,-30.27460926655628],[-57.41640453026891,-30.27797787329159],[-57.41533485485284,-30.28203822089788],[-57.42165746875322,-30.28916134118684],[-57.42138089216461,-30.30087565820108],[-57.40395631548686,-30.30068614277773],[-57.39235224492553,-30.30467326183193],[-57.37875048858111,-30.27942074564022],[-57.36983450904518,-30.27301151862299],[-57.35882503807009,-30.27240293236558],[-57.35768157981729,-30.28262801906427],[-57.35203600858698,-30.28448502879131],[-57.34298374013011,-30.27768115002486],[-57.31950398089804,-30.26974244011875],[-57.31432942262862,-30.25774797641834],[-57.306979407905,-30.26233280082405],[-57.29317675116444,-30.28639262635591],[-57.28456451949562,-30.29372206533837],[-57.27781542141818,-30.29245403885653],[-57.27006097784817,-30.28498451222857],[-57.26896901715082,-30.27164847712538],[-57.26176909421103,-30.26722329800463],[-57.2531832224941,-30.27329295622772],[-57.25587127368431,-30.28184921648972],[-57.2500771743502,-30.28915686072179],[-57.22026138630047,-30.28928537004696],[-57.20291185469222,-30.28442962746904],[-57.19625307596053,-30.26450647819971],[-57.17733405569614,-30.25128813875904],[-57.16791367349602,-30.24902632895648],[-57.16744921367536,-30.24138218976499],[-57.16153713654575,-30.2421365091927],[-57.15516211926921,-30.2341362261129],[-57.16542890388627,-30.22451227978483],[-57.16324968516779,-30.21731869091767],[-57.16794246777144,-30.21773220061236],[-57.16477774124237,-30.2134480201883],[-57.16836115618337,-30.20839665356137],[-57.16821936411661,-30.19763607142936],[-57.15946413172322,-30.19307372420458],[-57.1591361108074,-30.18569116281128],[-57.14477769304411,-30.17161280629849],[-57.14463987883889,-30.16620577949083],[-57.13583925927961,-30.15793572380048],[-57.12916501921334,-30.14083805397722],[-57.1144832842505,-30.1454574018913],[-57.10570023093182,-30.13512887574172],[-57.10467927442127,-30.12634023723842],[-57.11408320268681,-30.12718290261883],[-57.11598745110246,-30.11384327982217],[-57.10816868489304,-30.11666801243261],[-57.09641832139564,-30.1145699808758],[-57.09548679066278,-30.1212648219379],[-57.09118616259052,-30.12151582740103],[-57.08475783857456,-30.11454963980402],[-57.08587482479966,-30.11031987698663],[-57.09212686358911,-30.11271419596923],[-57.08723445026277,-30.10104342220856],[-57.06908075964736,-30.08557501479772],[-57.06136004869082,-30.08852026078688],[-57.06713897559248,-30.09118522881898],[-57.06784053999592,-30.10120925520333],[-57.05787204366549,-30.09864651648412],[-57.04480503366058,-30.10573888936768],[-57.03133209061765,-30.10214384377132],[-57.02894058467621,-30.09284804186733],[-57.02389809828716,-30.08754221935277],[-56.99344255444242,-30.08571177080258],[-56.98283520615387,-30.08843002676974],[-56.97742305707832,-30.09755464075789],[-56.95558086900718,-30.10114485510381],[-56.9324159911753,-30.09393686460898],[-56.91777367093778,-30.09620172410395],[-56.91132713389603,-30.10150913144779],[-56.91537536811182,-30.11021761075303],[-56.90540712047576,-30.10765397693612],[-56.90538220208164,-30.11346996113558],[-56.89518410947912,-30.10452355630796],[-56.88888881363143,-30.08910849677312],[-56.88482365812809,-30.0871232802477],[-56.87454122629401,-30.086248624302],[-56.87365076736795,-30.09272392957924],[-56.87069149753915,-30.09393548739707],[-56.85417300666744,-30.08879335260536],[-56.83358456524029,-30.09230224515895],[-56.82416689980786,-30.09564445949317],[-56.81683065203628,-30.10734782657712],[-56.80807501156902,-30.1032406935392],[-56.80464514871121,-30.10597576007324],[-56.80088190714643,-30.12115279390576],[-56.78027101125265,-30.12663037394676],[-56.77779280270333,-30.13371485518117],[-56.78400541638185,-30.1511655728924],[-56.78193807966972,-30.15877420941874],[-56.77653607361115,-30.16337398982367],[-56.75821428720771,-30.16084577253735],[-56.72978559627531,-30.17170414587316],[-56.71989519173436,-30.1797295302855],[-56.70564838425311,-30.17606379191096],[-56.70839464283608,-30.18813211738449],[-56.6971908065974,-30.20503592922611],[-56.68194769475513,-30.19449708175712],[-56.67868840316068,-30.20026306275749],[-56.66367874477667,-30.19742659154467],[-56.6524299320785,-30.20691158201121],[-56.64653269405186,-30.20384768515473],[-56.6460183664958,-30.20880451876036],[-56.65027422052997,-30.21215777189267],[-56.66874247796518,-30.21810164638989],[-56.66449018581979,-30.22185657217353],[-56.65074024391658,-30.22043509762105],[-56.64116333305209,-30.23481891180233],[-56.62412547605287,-30.24658429150227],[-56.6313386043209,-30.25524171440127],[-56.63942078412722,-30.25415777817943],[-56.63917248841484,-30.259127614617],[-56.62759888632551,-30.26686136228613],[-56.61496316339099,-30.26158003279992],[-56.60949795787766,-30.26943733896968],[-56.60768215616775,-30.28294598673911],[-56.62096492797247,-30.29300478894863],[-56.61874346854527,-30.30122901980074],[-56.61338817967928,-30.30048535902915],[-56.60514440014194,-30.292830023897],[-56.597530157985,-30.29576215588778],[-56.57739146271649,-30.2889249060341],[-56.57431204843771,-30.29131698244065],[-56.57587934141068,-30.30355984111238],[-56.56312065780257,-30.31166798253346],[-56.55784310992022,-30.31917525800456],[-56.55349762976114,-30.31913299018448],[-56.54697021704158,-30.31148941203888],[-56.54156324884735,-30.31314231720982],[-56.5408450815824,-30.32733512120802],[-56.53702372129563,-30.33413733883709],[-56.54969182006182,-30.33914746649216],[-56.55199260059742,-30.34415087306705],[-56.54405544066101,-30.35335126039021],[-56.54614400784239,-30.36064940240136],[-56.51943187240742,-30.35980391202516],[-56.50519029594506,-30.37047452887328],[-56.50709075603618,-30.38184140540797],[-56.49645296330376,-30.38706255110717],[-56.4913647552885,-30.39810942836989],[-56.48394231592225,-30.39884158551756],[-56.47644525686817,-30.38944398261638],[-56.46078308201069,-30.38563948792088],[-56.45386594991213,-30.40220599817978],[-56.44453710912215,-30.41160757723628],[-56.444912813499,-30.41577513588714],[-56.45391815808711,-30.42254218381537],[-56.43997848648535,-30.43252365397392],[-56.42631243435329,-30.43520886910389],[-56.41643442114477,-30.43136262579281],[-56.40801056884727,-30.44688577456713],[-56.39818766894658,-30.44843929641622],[-56.399784302241,-30.45856848915806],[-56.40703141537823,-30.45987308928569],[-56.40623633474537,-30.46861054859972],[-56.40167135456839,-30.47483176337176],[-56.39641063819212,-30.47221739456904],[-56.39558828062668,-30.48486828593052],[-56.38733026293531,-30.4869893157993],[-56.38366771749327,-30.49262737185191],[-56.38926668655702,-30.49306015995731],[-56.3834951356733,-30.49882242053957],[-56.3682595965773,-30.50316733335197],[-56.35986437167899,-30.4975744827787],[-56.36054024101998,-30.49529489427129],[-56.36472772529275,-30.4968180947188],[-56.36463557953528,-30.4920716152487],[-56.35715471041202,-30.49168032247563],[-56.35048608251937,-30.49661275579395],[-56.34895952758686,-30.50408986541062],[-56.33546875024746,-30.51200226330903],[-56.33393218300756,-30.51639861231077],[-56.3374284157224,-30.51881660892229],[-56.33679890657701,-30.52306722374873],[-56.33128454249145,-30.52935280320256],[-56.32694219329642,-30.52797564919371],[-56.32291510857837,-30.53181823389315],[-56.30755681223384,-30.53046247858297],[-56.29911915566237,-30.52467865836507],[-56.29733146447878,-30.52626413095944],[-56.29220765505191,-30.52050395628397],[-56.28727733922527,-30.52753937491005],[-56.2902958725183,-30.52922388252979],[-56.28900463172987,-30.53992450561332],[-56.27896007189176,-30.55326441577279],[-56.28215290087848,-30.55984998794056],[-56.27666937837092,-30.56069342993151],[-56.26592050753732,-30.55453756698793],[-56.25833755599859,-30.56201302780573],[-56.25673826569248,-30.56694762657911],[-56.26176919149927,-30.57002971408577],[-56.26183884810302,-30.58464656998162],[-56.25409122730827,-30.58702718388603],[-56.2450504066464,-30.57373709906664],[-56.23311561051315,-30.57485445379558],[-56.22625256247573,-30.57813153519495],[-56.2238411579191,-30.58479590323905],[-56.23449285636651,-30.58698889879097],[-56.23420548985899,-30.59360573891983],[-56.22435824051529,-30.59733044227704],[-56.21988005605575,-30.60707828952067],[-56.21409558959493,-30.60846482083978],[-56.19300107238314,-30.6037922649458],[-56.17094437697403,-30.61452385533831],[-56.17187537501322,-30.61882938140514],[-56.18286926073949,-30.62456273413519],[-56.18134492974566,-30.63130959029636],[-56.16556487614448,-30.64089187035114],[-56.16998302341516,-30.65406250392958],[-56.16075757791205,-30.67121576260634],[-56.1519419663026,-30.6804522316109],[-56.14322234898611,-30.67952272917846],[-56.13740749746218,-30.68362869503658],[-56.13888353870892,-30.68795106040564],[-56.15043528534363,-30.69407749072033],[-56.15079217636634,-30.70470099218679],[-56.13575676421295,-30.71016181749209],[-56.13030700730744,-30.71651512340256],[-56.1283817404301,-30.72029026942248],[-56.1327488625351,-30.73200327227637],[-56.12815997043556,-30.73962510044966],[-56.11914826812632,-30.73751235577242],[-56.11678154166376,-30.73304656409049],[-56.10733011018679,-30.73200189956202],[-56.09568776687112,-30.75402211054071],[-56.0883899612915,-30.75752474032091],[-56.07273241922587,-30.74538316348334],[-56.06318668375642,-30.75276029298285],[-56.06677594332695,-30.76421369684157],[-56.06213490733599,-30.77502142898217],[-56.03912713890981,-30.77522351154024],[-56.03597681023703,-30.78415905640711],[-56.02298050501021,-30.78614325799442],[-56.02102176339235,-30.7905733693825],[-56.02518409150682,-30.79859607887578],[-56.01601045873301,-30.80231926543023],[-56.01247179245354,-30.80730093358991],[-56.01647063025815,-30.81161105643654],[-56.01696920790246,-30.81845381885312],[-56.00874573605395,-30.81967822627356],[-56.0042407802781,-30.8303954209862],[-56.00437570139986,-30.8398410803203],[-55.99336845176607,-30.84590493177756],[-55.989644964144,-30.85899161498617],[-55.9903804134744,-30.866410798246],[-55.99784358779497,-30.87351448653839],[-56.00769466004768,-30.893527073998],[-56.01105146325985,-30.91195193408323],[-56.0054840391855,-30.9223193527934],[-56.01015407299602,-30.92708206776419],[-56.01036615743386,-30.9375652149343],[-56.01529262169057,-30.94451039646963],[-56.00943447298437,-30.94703266692888],[-56.01248467329227,-30.95282712310623],[-56.0114837386772,-30.96380454336298],[-56.00569409126073,-30.97323297790043],[-56.01080496259129,-30.97829772436996],[-56.00705907519354,-30.98375239600399],[-56.01320844403986,-30.99007038458648],[-56.01810235357028,-31.00993190012741],[-56.01423420130718,-31.02158965158888],[-56.01843829413678,-31.04772924655954],[-56.00765463611793,-31.07173702160752],[-56.01112340729775,-31.08157782779163],[-55.99267447185986,-31.08504725888998],[-55.97929876879712,-31.07319962115766],[-55.93359739399752,-31.08705341403556],[-55.93028367334546,-31.08626386517222],[-55.92424998469653,-31.0756978765518],[-55.91046061529389,-31.07509037496188],[-55.89869526994057,-31.06670888484647],[-55.89086500157894,-31.07714888462002],[-55.88244546251599,-31.07727311552069],[-55.87766789805508,-31.07261027735969],[-55.87075771547089,-31.07157021024876],[-55.86932381767981,-31.06498396890504],[-55.8552816666928,-31.04511572308037],[-55.84764531315845,-31.04209743788697],[-55.82977861542584,-31.04369811909754],[-55.83024851906644,-31.04051897960544],[-55.82703529551272,-31.04047317337656],[-55.81193925075836,-31.02165452551398],[-55.81218340832387,-31.01469443829011],[-55.7767178814631,-31.01560085310335],[-55.76655853946555,-31.01001853191205],[-55.76790741225025,-31.00348471360754],[-55.77463020791821,-30.99999751640809],[-55.77319897891483,-30.99705387913351],[-55.76310545454434,-31.00000142192163],[-55.7523329196168,-30.99858305407984],[-55.74575921624183,-30.98529364322875],[-55.74663914514738,-30.97946268573439],[-55.72829126961987,-30.97945249052584],[-55.73153950273239,-30.97408366097573],[-55.72435935798067,-30.96603514683235],[-55.72589739395185,-30.96272603147517],[-55.72236226965588,-30.95734381193529],[-55.72453629418938,-30.95123826104255],[-55.72104105110105,-30.945584135066],[-55.72390516339671,-30.942754489544],[-55.71602622347911,-30.94302133186827],[-55.70965011207004,-30.95462487522348],[-55.70395371495847,-30.95522166555969],[-55.6948726337888,-30.94345161661587],[-55.68882957277414,-30.94485746325343],[-55.68845937690637,-30.95236109643107],[-55.67623983002422,-30.95609144583145],[-55.66618638668726,-30.9539784702665],[-55.66446972414325,-30.94684126578281],[-55.66173015594546,-30.94863211291874],[-55.65857534647876,-30.9438279164035],[-55.66346821047172,-30.93316820319327],[-55.65603886916714,-30.92486528236747],[-55.64839787474857,-30.92296258928848],[-55.64211789468041,-30.91160088591191],[-55.65398913290945,-30.89656396743193],[-55.65570737916705,-30.88489923739512],[-55.6528908644876,-30.88330124031977],[-55.66316261606498,-30.87386267828562],[-55.65782341762475,-30.86382352057229],[-55.64997747042209,-30.86601748844082],[-55.64517279951863,-30.85757434083028],[-55.6466428786594,-30.85483459315477],[-55.63786140895851,-30.84622341895066],[-55.63264091607815,-30.8451926215157],[-55.62873158572371,-30.84801897092527],[-55.61865218207856,-30.84169303197056],[-55.60452164748677,-30.84986211852533],[-55.57753101139578,-30.83341113679264],[-55.5774274440486,-30.84317994585419],[-55.56727747986969,-30.84544560239217],[-55.56260552992574,-30.85502201675903],[-55.56473265355996,-30.8567575640542],[-55.56356026060349,-30.86866114047459],[-55.55477712848708,-30.87259614904362],[-55.54590850849483,-30.89054409188595],[-55.53374377484167,-30.89725578620581],[-55.53252667316897,-30.90237221573342],[-55.52498656958557,-30.89797750475005],[-55.5101744826181,-30.90175575734146],[-55.50811410349658,-30.90431560156803],[-55.51014884015199,-30.9113414877293],[-55.50415961437365,-30.92475430941104],[-55.4885949847588,-30.92536177438345],[-55.48643260855596,-30.92827826781235],[-55.48973884448339,-30.93980845900088],[-55.48668993919294,-30.94766273731207],[-55.47835974188099,-30.95384954623569],[-55.45730841055086,-30.9513751924839],[-55.45226926573046,-30.96035243452629],[-55.44129054859003,-30.95973149042348],[-55.4380760971782,-30.97255850941674],[-55.43293879167577,-30.97272063330289],[-55.42457982513274,-30.98562892553365],[-55.43747342398811,-30.99431880395692],[-55.43443241998922,-31.00094190572296],[-55.43704950661253,-31.00471581886896],[-55.42526944231001,-31.01168027676474],[-55.42370891998885,-31.01775305524767],[-55.4149329156666,-31.01446630079431],[-55.4066897214149,-31.01874868798681],[-55.40490010391937,-31.02733157791575],[-55.39993041062464,-31.02856344223418],[-55.38724206643947,-31.02057306628488],[-55.38000100058136,-31.0235342145574],[-55.37389241841059,-31.01908727475682],[-55.37129368566401,-31.02341378775529],[-55.373395145374,-31.02796694472809],[-55.36928291448192,-31.03439781101295],[-55.35948693862439,-31.04021315834406],[-55.34944595023356,-31.03919516912574],[-55.35277187057005,-31.05721465761617],[-55.36010324523338,-31.06743425759864],[-55.35267190002858,-31.07035061223355],[-55.35016450448067,-31.06778915730979],[-55.34984049727072,-31.07228074958509],[-55.33898196424478,-31.08507798605616],[-55.32747430219923,-31.08818006394796],[-55.33350705677829,-31.09871227754109],[-55.33385507241499,-31.10499959189712],[-55.32869270653269,-31.11038436093698],[-55.32980223306867,-31.1165402155709],[-55.33703909450974,-31.11991235176631],[-55.34010375039218,-31.13141886004148],[-55.3262184058495,-31.13800439639718],[-55.32083055780019,-31.13584762907733],[-55.31863269954693,-31.14510676320479],[-55.31297415899615,-31.14704998484915],[-55.30522262809127,-31.14101705684763],[-55.29754466790115,-31.144420380302],[-55.29092945243575,-31.14226056722426],[-55.2904996572506,-31.15017635337479],[-55.28525910017604,-31.15640216609087],[-55.29008338407091,-31.15923950892502],[-55.29061870046881,-31.16367092105349],[-55.27469311236271,-31.17017900301057],[-55.27095885308788,-31.1769632091699],[-55.28573078289476,-31.18546670594819],[-55.28271732418185,-31.19390741660301],[-55.26280545991126,-31.19468412300656],[-55.25010499952027,-31.20600847389477],[-55.25398811572222,-31.21111921175446],[-55.24766383598399,-31.21598477235607],[-55.24855016080031,-31.24816423173078],[-55.24676209447655,-31.25224051693844],[-55.2403842335004,-31.25366063161402],[-55.24011876265579,-31.26057295209941],[-55.23532171083831,-31.25842391713838],[-55.21370784107081,-31.26320371316401],[-55.20233525159708,-31.26192554488746],[-55.1837865257423,-31.2653534638541],[-55.18007648396006,-31.27047262280471],[-55.16941952399426,-31.26940537209481],[-55.16339568806841,-31.2774353849352],[-55.16627701377649,-31.28105010679306],[-55.1635604940812,-31.28568953216603],[-55.15664754824572,-31.2854234268103],[-55.1523384644993,-31.29322734848918],[-55.13651680699787,-31.30134736750687],[-55.12575692533527,-31.30243751761034],[-55.12237914974597,-31.30485100547618],[-55.12206043124356,-31.31277961427595],[-55.10904044792662,-31.30768101011273],[-55.1028049246701,-31.31498615209098],[-55.0857133346312,-31.32114137521452],[-55.07446430070443,-31.33208967890531],[-55.05735602168095,-31.33174625774791],[-55.06180231055833,-31.32466842755412],[-55.05762734634347,-31.32214191038438],[-55.06008371868332,-31.31542999851122],[-55.05310960822956,-31.31391918280983],[-55.04773694846156,-31.30729515786309],[-55.04236287955599,-31.30703119654756],[-55.03654059925223,-31.29148122618784],[-55.03281265790197,-31.28949124387611],[-55.03585607057696,-31.28406910134421],[-55.03175998439959,-31.27860319510513],[-55.03651761697916,-31.2756797263982],[-55.03189348392268,-31.26974143947629],[-55.02027941909056,-31.26704035675777],[-55.00850663954283,-31.26991850240006],[-55.00717090170836,-31.26687400697066],[-55.0024076974581,-31.26921581283484],[-55.00053614404437,-31.28302089102409],[-54.99482061995615,-31.28308155316147],[-54.99563529262493,-31.28835377928221],[-54.98234071467328,-31.29605529017888],[-54.98001250110831,-31.30299644854068],[-54.98284621753246,-31.31139659490752],[-54.97878005978738,-31.31699997402791],[-54.95946833209759,-31.32324788005349],[-54.95307120980772,-31.33197133520214],[-54.95276750680785,-31.33932737517877],[-54.96020185104803,-31.34196730182422],[-54.95920887799947,-31.35245413843698],[-54.95293171677659,-31.3545882375439],[-54.9514580236994,-31.35167104440096],[-54.93505296396782,-31.35647629789412],[-54.93677092553326,-31.36423940719801],[-54.93378117638768,-31.369324235839],[-54.93708199991269,-31.37013478750723],[-54.94064671984852,-31.38064583107687],[-54.93249618815558,-31.38505377841942],[-54.91816903250667,-31.37885536713328],[-54.90481204015595,-31.38406574486832],[-54.89798963641225,-31.38135520688882],[-54.89963401496133,-31.37632851149777],[-54.89183961751304,-31.37483340217419],[-54.88597893518872,-31.3772778075503],[-54.88425579320556,-31.38110525097102],[-54.88739289395524,-31.38321603626644],[-54.87838557741217,-31.39807727203636],[-54.85792572798577,-31.40804962684908],[-54.86153715787811,-31.4179221118842],[-54.85719560269868,-31.41817334984119],[-54.836455276776,-31.44193832440596],[-54.82702578722585,-31.43634663958401],[-54.81178179276765,-31.4348333220799],[-54.8117363224687,-31.43184664312781],[-54.80488484818824,-31.42898878905265],[-54.78933203180927,-31.43480361532166],[-54.768615154686,-31.42601097259028],[-54.7520226939832,-31.42446286059955],[-54.75060703409567,-31.42743765313177],[-54.73884746178866,-31.42561553543467],[-54.73556293084193,-31.42974721785157],[-54.72461520512037,-31.42963645057239],[-54.71912920896725,-31.43847933974746],[-54.70348977728272,-31.43929655715351],[-54.70170704151761,-31.43556137288206],[-54.69903143169924,-31.43625057619324],[-54.69316209288699,-31.44538890653795],[-54.68293441980445,-31.44517968528434],[-54.67033787784252,-31.45407829574609],[-54.5864585607415,-31.45655295845471],[-54.58802824518433,-31.46020644258003],[-54.58322344618315,-31.46284926086654],[-54.57707311269978,-31.48133704592319],[-54.57067996412074,-31.48246879446313],[-54.56670384831919,-31.48708916092336],[-54.56119199873159,-31.48671604874718],[-54.55767080453716,-31.49459203499935],[-54.55378831880549,-31.4918002305038],[-54.54736187777122,-31.49838226699002],[-54.52500722458318,-31.50484235939811],[-54.52383832144373,-31.51066973705764],[-54.52116673448975,-31.50833747386572],[-54.5156441646077,-31.51017738349388],[-54.5103774185252,-31.52151815991352],[-54.50329557223994,-31.5271154328004],[-54.50160960792085,-31.53699657655813],[-54.4902595702959,-31.55102334298905],[-54.49364326418095,-31.55813881588386],[-54.48094450049726,-31.5697580895673],[-54.47294071403926,-31.57035297051388],[-54.46881783831225,-31.59271163580344],[-54.46436393186675,-31.58795181249469],[-54.46252803063155,-31.59262766619789],[-54.45797059384586,-31.59406073444348],[-54.45804934025497,-31.59827619981981],[-54.45238633876973,-31.59933660434209],[-54.45303622461073,-31.6030696010312],[-54.45731884673035,-31.60120506099231],[-54.45662281376946,-31.60743416545053],[-54.46002582282247,-31.60558439877916],[-54.46662265719917,-31.61304205897482],[-54.4632782457258,-31.61376412083436],[-54.4644764274418,-31.61912834778703],[-54.46017990563823,-31.6219220248497],[-54.46096213580834,-31.62661380356979],[-54.45366405701688,-31.62995584140236],[-54.45513541038569,-31.63544053599962],[-54.45151156012701,-31.6400362362744],[-54.45622681060095,-31.65170054443308],[-54.15383618567392,-31.87881834435134],[-54.14464943519487,-31.88182077248296],[-54.14052038016345,-31.89489255598007],[-54.11029184392048,-31.90803248437938],[-54.10528227245319,-31.91294791982007],[-54.1081239294432,-31.91864180076693],[-54.10038630014202,-31.92422740000163],[-54.10055086664922,-31.92807864118039],[-54.09431217629004,-31.93170643521051],[-54.09158844331928,-31.93029556719517],[-54.09013552452132,-31.93491417618191],[-54.08673892117412,-31.93514531205558],[-54.08803286276449,-31.93123990003657],[-54.08090813542852,-31.92946345272458],[-54.07725420201233,-31.92118092282622],[-54.07352047921351,-31.91876221407659],[-54.06999684236943,-31.9226195457515],[-54.06577515109702,-31.92177505909066],[-54.05368426361566,-31.90510475291683],[-54.04898993540297,-31.90564432909557],[-54.04044089821044,-31.89681871793825],[-54.03273372419444,-31.89547488876005],[-54.03223733400529,-31.89874405355241],[-54.02643365902443,-31.89692346414955],[-54.02340085711166,-31.90168400355862],[-54.01637112606098,-31.90103216895875],[-54.01839452133456,-31.90412617729553],[-54.01224311348429,-31.90522464736296],[-54.01655605465658,-31.90639284026193],[-54.01543529015245,-31.90860230333058],[-54.00682421350802,-31.90816932335098],[-54.00438115578882,-31.91462990860084],[-53.96979022856311,-31.91770162731037],[-53.96723704288326,-31.92007273814074],[-53.9692426383414,-31.92235736471686],[-53.963261464995,-31.92196026857567],[-53.961697630392,-31.93024358713363],[-53.9647581183142,-31.93020570357515],[-53.96713194419401,-31.93678489711137],[-53.97143992042774,-31.93525274514232],[-53.97253824382965,-31.94054534286941],[-53.96058049549669,-31.95528003292145],[-53.954579565527,-31.95700485406182],[-53.9481404556382,-31.95429137612056],[-53.94187549656717,-31.95869079809016],[-53.93638808475752,-31.95841489079349],[-53.93204205894799,-31.963175321913],[-53.91324345816253,-31.96567624330917],[-53.90672752830203,-31.97610975991446],[-53.89844970312944,-31.97847352713125],[-53.89678845183439,-31.98497539958219],[-53.89171619450683,-31.98877413976241],[-53.8913995478831,-31.99569055811721],[-53.87932091136889,-31.9949628352729],[-53.87168243362812,-31.99908540906081],[-53.87079542651998,-31.99545828934135],[-53.86406979593477,-31.9929062230344],[-53.86343032423333,-31.9961065890672],[-53.86018309000581,-31.99495299999048],[-53.86048320794669,-31.9975485789942],[-53.84975792969222,-32.00058776886394],[-53.85415896387477,-32.01038557316942],[-53.85153395600181,-32.01346331031054],[-53.85261750043126,-32.0296764398353],[-53.8468213665161,-32.02898336612348],[-53.83761761983312,-32.03339520087694],[-53.84272562525555,-32.03888861735697],[-53.83474820698127,-32.04151452777454],[-53.83309928167146,-32.04621544589772],[-53.83564410355955,-32.05165222029469],[-53.82758993101614,-32.05940970176513],[-53.81422139523268,-32.05935288400708],[-53.8146537721173,-32.06254075352841],[-53.80399706742784,-32.07072852432739],[-53.79103138348307,-32.06792591249045],[-53.78923666597276,-32.07221496244787],[-53.78116113347679,-32.06981828976873],[-53.76943937244261,-32.07336438376463],[-53.76383745184523,-32.07957108513713],[-53.756290878448,-32.07615367500277],[-53.75417384182862,-32.07942053412452],[-53.74582637031758,-32.07809368030046],[-53.74536637704043,-32.09143994374713],[-53.72527415013995,-32.0958468831012],[-53.73152867789465,-32.10591339684256],[-53.74008173282554,-32.10027855606067],[-53.73768356116246,-32.10653542671011],[-53.7442282797538,-32.11526248384733],[-53.72572825160685,-32.14005530594267],[-53.72597759756083,-32.14559840376124],[-53.73517281347397,-32.15160756339584],[-53.71761172170805,-32.15300260004533],[-53.72348824393681,-32.17367932933632],[-53.71284685864148,-32.17720627009517],[-53.71398810106411,-32.18803522002813],[-53.70278122172814,-32.188420636151],[-53.7113276943822,-32.19900571071202],[-53.70407568332478,-32.20710096199973],[-53.69840660271989,-32.20383053707019],[-53.69353835900307,-32.20484703759042],[-53.69357116742304,-32.21319998919938],[-53.68518962086006,-32.21962247521421],[-53.67643553154102,-32.23780730303187],[-53.67933859384305,-32.24306059641394],[-53.67779397917352,-32.25859789421112],[-53.66473791731957,-32.2750041094753],[-53.65718672609974,-32.27760658901583],[-53.6555153917062,-32.29053902025748],[-53.64286393017493,-32.29629947513605],[-53.6473546867056,-32.31195528950774],[-53.65588017354454,-32.31178922714334],[-53.65717014879524,-32.31681858352729],[-53.64308868588031,-32.32491966204175],[-53.64374252317213,-32.33573583412389],[-53.63333989810121,-32.35027617333132],[-53.63403551176379,-32.35652819318317],[-53.64362013817421,-32.36824866905376],[-53.6452053645998,-32.38385422487089],[-53.62786966947606,-32.38910669958266],[-53.61437520905694,-32.39840396304027],[-53.61209485362193,-32.40342997892437],[-53.61503112814228,-32.41657298011867],[-53.60025487482026,-32.43071729712224],[-53.58883557053164,-32.43517303475882],[-53.58403982348768,-32.45130535677841],[-53.56706141169034,-32.45853273542036],[-53.55636918847637,-32.47271106429138],[-53.54094859140314,-32.47293131794454],[-53.54353726333321,-32.47906796727678],[-53.53001415900408,-32.48302099794477],[-53.52642306587083,-32.48902292697248],[-53.52031843569406,-32.48106087154849],[-53.51545597034169,-32.48324306951375],[-53.51707143755357,-32.48924102309952],[-53.49955393915135,-32.4810385352885],[-53.48100487330041,-32.48393032978485],[-53.47093725502067,-32.48068944373652],[-53.46435492445267,-32.48472994022692],[-53.4628039323722,-32.4885088892107],[-53.46648540442818,-32.49327344373719],[-53.46211978054843,-32.49830779618065],[-53.4635224020808,-32.50271647925344],[-53.45657680663309,-32.51674871855657],[-53.45749911878061,-32.52229592343276],[-53.44945332079108,-32.52863355732533],[-53.43923597681492,-32.54446633258589],[-53.42908288858075,-32.54730154352144],[-53.43120784650878,-32.55829614099182],[-53.42301168612059,-32.55582428217267],[-53.41757144550949,-32.5575641524505],[-53.41169317701802,-32.57000494248897],[-53.39274805672027,-32.58189623197072],[-53.38411244544154,-32.57768071246727],[-53.37978198262052,-32.56981219304409],[-53.37240364298143,-32.56779328002911],[-53.36524826425627,-32.57338748532933],[-53.33845185081677,-32.57466126987483],[-53.34708882966617,-32.56393393483258],[-53.34589154738069,-32.56165436871142],[-53.34110535789677,-32.56195325288734],[-53.33770787005304,-32.56817946397778],[-53.32968488541896,-32.57162030756773],[-53.32608207285277,-32.56686855951801],[-53.31249185760878,-32.564902234144],[-53.31003567408154,-32.56293574254781],[-53.31298328015671,-32.55933155480513],[-53.32378975022296,-32.5563815729173],[-53.32297117661854,-32.55081108020906],[-53.28924102280183,-32.55736530643037],[-53.28187295811302,-32.55048291291295],[-53.28285584100981,-32.5472059333772],[-53.27532372570217,-32.54589549635612],[-53.27794404674141,-32.53819425118322],[-53.30435784858071,-32.53268288614792],[-53.31019927740189,-32.52885493601359],[-53.31069123382738,-32.52230130766502],[-53.32362051364349,-32.51575950694441],[-53.31732555425202,-32.51386970023594],[-53.28741620877693,-32.5255173973779],[-53.27074062852034,-32.52163921252779],[-53.27179016145801,-32.51869916136268],[-53.28689838709663,-32.51491943541262],[-53.27602877238809,-32.5079010686143],[-53.28605902138772,-32.50022080366893],[-53.28291151045161,-32.48993153558391],[-53.28948932455879,-32.48604793159539],[-53.29788794017168,-32.48678912255387],[-53.32508890578417,-32.47964215018678],[-53.31648580349854,-32.47607253916414],[-53.3009573174353,-32.48006206318595],[-53.2952920237246,-32.47754181439969],[-53.30312420270669,-32.46451774150241],[-53.32732774110202,-32.44953597956493],[-53.32660909696177,-32.44756851740382],[-53.31910401017289,-32.45086741251053],[-53.32002279713583,-32.45454913840808],[-53.3147342608877,-32.45418773561831],[-53.31157874178455,-32.45023628971803],[-53.3001300296357,-32.45028559320826],[-53.30272348863388,-32.43877013937871],[-53.31044424116695,-32.42808861601515],[-53.32133920680351,-32.42156939682248],[-53.31909390583589,-32.41882348279758],[-53.30686707118024,-32.42481613310436],[-53.29464048293433,-32.43730100973946],[-53.29089737162556,-32.43655185810834],[-53.28989994433384,-32.43305584795627],[-53.29489019201045,-32.42606460391644],[-53.29214485300479,-32.41557727968502],[-53.29865130875631,-32.40404547751971],[-53.29388871679931,-32.40523365694199],[-53.29178038016068,-32.40192506744687],[-53.28896627320368,-32.40813741679047],[-53.28341153338128,-32.40633761490302],[-53.28490848925912,-32.41657589076673],[-53.27803759971578,-32.42320897118127],[-53.28141505469687,-32.434553854378],[-53.26968748645508,-32.45477953083039],[-53.26669349104803,-32.46876262786229],[-53.25521515194772,-32.48224715356898],[-53.24598279869061,-32.48224664451928],[-53.23677451062132,-32.47356817995278],[-53.25671255968949,-32.44803799793831],[-53.25546471209588,-32.43305600843614],[-53.24997556012163,-32.43680124012812],[-53.2466030888413,-32.44996212758791],[-53.23636217686823,-32.4516296393179],[-53.23247742112396,-32.45764295645358],[-53.22602141497038,-32.45602847563418],[-53.22778912765686,-32.44677560384091],[-53.22513373845133,-32.4401263809489],[-53.21980862765668,-32.4423921228322],[-53.21819478607424,-32.44963067752428],[-53.20936283661644,-32.4492456667456],[-53.21608228614231,-32.47441255104653],[-53.21397133438765,-32.47652638929856],[-53.20365625914334,-32.47463256503417],[-53.20149241489739,-32.47787109774777],[-53.21531455277864,-32.49227964669073],[-53.21147556231124,-32.49881140757864],[-53.21992225359892,-32.50630413224123],[-53.21781092479492,-32.51187494392529],[-53.19054984652757,-32.51629401362696],[-53.18267789923237,-32.50534320657094],[-53.17231158334754,-32.50246161096621],[-53.17096733224927,-32.49554546231074],[-53.16367234424251,-32.49861940729128],[-53.15599372713715,-32.49708228783325],[-53.15772160907301,-32.49074235035063],[-53.16616801045834,-32.48882172459602],[-53.16468701918477,-32.48378077732558],[-53.14850565461255,-32.48305802084285],[-53.14351510561353,-32.47960024775283],[-53.14025149970193,-32.47114733304888],[-53.14394866897676,-32.46522815454786],[-53.14004187253087,-32.46123163102465],[-53.12842392165463,-32.46689599445681],[-53.12053148679649,-32.46452594985427],[-53.11500738074481,-32.45868282424055],[-53.10680089105549,-32.4586829413704],[-53.10348629392127,-32.4416244091566],[-53.1110624431476,-32.43530677772242],[-53.11721713259666,-32.41967030552998],[-53.13382665968984,-32.43366924152667],[-53.13535407508103,-32.42826500578146],[-53.13094895132704,-32.4154062244076],[-53.14397440585913,-32.41191868601406],[-53.1464159759399,-32.40355956173588],[-53.15317711364403,-32.39777477424957],[-53.14904330748112,-32.39379374012008],[-53.15037957848762,-32.38687339122687],[-53.1467952801625,-32.38441022715789],[-53.14778800612935,-32.38122508457222],[-53.17743319449003,-32.37285699529905],[-53.19947480634929,-32.3720167453116],[-53.20341898452118,-32.37653518498661],[-53.20680579693997,-32.37578154293409],[-53.21189360431903,-32.37125309004011],[-53.20170628935383,-32.36146039644487],[-53.21353927118406,-32.35762845444858],[-53.21637283241245,-32.3534282722127],[-53.18585892891901,-32.36166643639093],[-53.18307433466675,-32.35832199792176],[-53.18747517287633,-32.35245569852761],[-53.18028924808088,-32.35256238102859],[-53.17509073216765,-32.35925079938629],[-53.16840696836318,-32.35980837748548],[-53.16506485867467,-32.35442068970189],[-53.1548544477141,-32.35479207575306],[-53.15358409443775,-32.34752197291507],[-53.14950532485039,-32.34421378696889],[-53.13283738300992,-32.35161722231523],[-53.12452949653414,-32.34613114405415],[-53.11607109796568,-32.34748760097249],[-53.11034425350614,-32.3424748603738],[-53.11047870049178,-32.33815393139894],[-53.10386726430227,-32.34571569180228],[-53.09941410587271,-32.33923388292597],[-53.1035973935546,-32.33410292914039],[-53.10359944275407,-32.32845560993962],[-53.08146701295634,-32.32073390774104],[-53.07890387208882,-32.30263894457826],[-53.09873910308857,-32.29143174042882],[-53.10737508777051,-32.29156621884611],[-53.10151427674335,-32.28488878241613],[-53.12641085696986,-32.28969824653772],[-53.12783095987768,-32.28486757218459],[-53.11789367544424,-32.28145757920247],[-53.11335063778105,-32.2740701083926],[-53.11477008162598,-32.26497793447885],[-53.13067037199952,-32.26867221846517],[-53.13776783226633,-32.26597223361227],[-53.14827284755365,-32.26938187129216],[-53.15380997379648,-32.2591537123718],[-53.1626114849521,-32.25631183727138],[-53.16232721030415,-32.25290261294072],[-53.15650749048106,-32.25148172062786],[-53.14415688189682,-32.25588570619844],[-53.13166322343024,-32.25190790888287],[-53.12101649104763,-32.24324235808962],[-53.11292493101004,-32.24310044476222],[-53.11810993521501,-32.2336186379868],[-53.13640746817944,-32.22646919555096],[-53.13777423365569,-32.22239476146839],[-53.13374770496242,-32.21885571811956],[-53.12018695990102,-32.22260435520332],[-53.09987184574995,-32.21979980644066],[-53.09622455935011,-32.23153289823933],[-53.09309731593988,-32.23309761154172],[-53.07074958322886,-32.22138861061616],[-53.06491286226849,-32.22197351230719],[-53.06157214587353,-32.23257579039958],[-53.05323456549662,-32.23205430202798],[-53.04891470675928,-32.22858607989618],[-53.04292089521853,-32.23383203119466],[-53.03317296075326,-32.22683935895004],[-53.02341996062552,-32.22434873890091],[-53.02170924376553,-32.21641069520261],[-52.99593590486653,-32.216740635343],[-52.9920277109259,-32.21595790814321],[-52.99055796927016,-32.21135897759785],[-52.98102914506909,-32.21391212132732],[-52.97204152501537,-32.21164969580688],[-52.97341189319083,-32.20909440083509],[-52.99122505677528,-32.20728516013722],[-53.01675837281822,-32.19815905805918],[-52.993048796785,-32.18825088778243],[-52.9907045512501,-32.18277611496546],[-53.01389320341513,-32.17834292843497],[-53.01657986569826,-32.16608402368453],[-53.03900427290823,-32.1630807481337],[-53.03844458028499,-32.1603842913112],[-53.03238427746297,-32.15928103497742],[-53.03589862102604,-32.15275633091271],[-53.04561572293058,-32.15340438711812],[-53.04895080524749,-32.14864903124725],[-53.05266973895886,-32.14980692906468],[-53.04746240231103,-32.14216215322362],[-53.02949542288285,-32.14918530112056],[-53.0270695186987,-32.14687910315511],[-53.02685815479802,-32.15383431839654],[-53.02191564904512,-32.15542194952591],[-53.02162500009787,-32.15185491783497],[-53.01798114016665,-32.15214306452672],[-53.01515435836254,-32.14188429116592],[-53.01270898463643,-32.14304498103623],[-53.01197607416586,-32.13863429048163],[-53.01000000033782,-32.13974999847459],[-53.01489105171621,-32.13362394539696],[-53.00218371539882,-32.13092364360956],[-52.99923101850699,-32.12113203256899],[-52.99900000050474,-32.1304999984799],[-53.00366943361011,-32.13655331206684],[-53.00361572214333,-32.1414353769345],[-53.00006744338599,-32.14246594030965],[-53.00984930452631,-32.1481804339093],[-53.00536242630633,-32.15715614166551],[-53.01093557799253,-32.16316607021697],[-53.00112568162444,-32.16999998304919],[-52.97472420401066,-32.17327170893316],[-52.96897706447865,-32.17897559984714],[-52.96346324949983,-32.17238165932982],[-52.96109346525368,-32.16226203491939],[-52.95358265978422,-32.15823450180218],[-52.9531472515039,-32.14909091213166],[-52.9582633069058,-32.14506337948673],[-52.95467118285767,-32.14016502801773],[-52.95652167109363,-32.13787913081686],[-52.95205872805677,-32.13820568770303],[-52.94966397854656,-32.13232766544875],[-52.9471603771769,-32.13352504049446],[-52.94846660406517,-32.14321289114382],[-52.92834073845472,-32.14443134040224],[-52.92650615152186,-32.15564902187602],[-52.92243024735717,-32.16095187967481],[-52.91305487306256,-32.1619717253139],[-52.9057172661846,-32.15544486350582],[-52.90041849750449,-32.15524105175133],[-52.89226631416233,-32.15605677803279],[-52.88109200653513,-32.16369700949366],[-52.87962932929814,-32.15748494316587],[-52.8900241110039,-32.14483923595589],[-52.89083955408137,-32.13933250433172],[-52.87494163151986,-32.13627239200191],[-52.87514590114338,-32.13015420168255],[-52.8836995148399,-32.12263981550426],[-52.87031068782554,-32.12002736107955],[-52.86896403460199,-32.11205160164135],[-52.8720748526472,-32.10465456074537],[-52.86582186026991,-32.10586281783432],[-52.8609521043718,-32.11913687288435],[-52.85574728079735,-32.11880071826436],[-52.85322873520825,-32.12249812746027],[-52.8470163399082,-32.11913714640038],[-52.83543089225511,-32.12031366989079],[-52.82720309566144,-32.12905046556712],[-52.8209904606923,-32.1293866043466],[-52.79856380265467,-32.11521905471583],[-52.78764067019885,-32.10132200153231],[-52.79326680978636,-32.08053610574042],[-52.7916127652209,-32.0724929041167],[-52.78381210525983,-32.06586933353512],[-52.79137655928091,-32.06539634190031],[-52.79846798660421,-32.07154706053471],[-52.8037969892373,-32.06839256956177],[-52.80288172181999,-32.06567928052257],[-52.7914434820541,-32.05935656823358],[-52.77776276404005,-32.05842277085192],[-52.77262936468286,-32.04885575049654],[-52.7605634873522,-32.06097900765993],[-52.74864402711935,-32.06385742736772],[-52.74268480935971,-32.06221237285467],[-52.75002779635696,-32.04751649956901],[-52.75745234707367,-32.0426773195932],[-52.75994750583541,-32.0344484574271],[-52.74330088931191,-32.03218584519941],[-52.74412302738239,-32.02448617741891],[-52.73656195846105,-32.0189666151989],[-52.71761638544173,-32.01743844716762],[-52.70720866896147,-32.01274780867127],[-52.70257464979039,-32.00688798340249],[-52.70113519371907,-31.99740469274546],[-52.70784577205445,-31.98827629814298],[-52.71722674557036,-31.98293836654326],[-52.72381851869182,-31.9686481422166],[-52.74563726116516,-31.95883425600997],[-52.74512245600203,-31.95285715939038],[-52.75321772969085,-31.95242569640675],[-52.75449382977813,-31.94720831276221],[-52.76565596903311,-31.95132275025655],[-52.77375898509722,-31.96305405008226],[-52.78964117232309,-31.97402885614687],[-52.79228766424037,-31.96381185139985],[-52.77980949050617,-31.95170177362154],[-52.79304447166086,-31.95056587678258],[-52.79720337899923,-31.94678141712525],[-52.7953130625659,-31.94261884345056],[-52.78245615317223,-31.94148358361186],[-52.77716274878109,-31.93542883615962],[-52.78094360035094,-31.92899544721016],[-52.79115370257455,-31.92785970201233],[-52.79039752460906,-31.92407578236054],[-52.76581819310227,-31.92483258078163],[-52.76165921592345,-31.922183502837],[-52.76317146782442,-31.91802043353338],[-52.77186841456749,-31.91688481857846],[-52.77602834261434,-31.91196587335154],[-52.77413759657838,-31.89872036877242],[-52.77741146940271,-31.89567699959382],[-52.77870800223174,-31.88002647274233],[-52.77252944225427,-31.87871678822215],[-52.76900187614622,-31.87120056392663],[-52.75368048413121,-31.86518655657829],[-52.7574617477167,-31.863484310043],[-52.75840820716293,-31.85704914220143],[-52.75197857508547,-31.85421066211562],[-52.74806934829594,-31.84328123653308],[-52.74047680242497,-31.83715130589454],[-52.74064676207969,-31.82991589699217],[-52.74445870554109,-31.82501135801581],[-52.73067760368644,-31.83048273112276],[-52.71962268325066,-31.82731545127282],[-52.71720772659968,-31.83531279397609],[-52.70264634069778,-31.84288250992852],[-52.69480706184365,-31.8536066373954],[-52.687397071002,-31.85493849859364],[-52.68298777928137,-31.85224867541554],[-52.67193015465437,-31.85282861036691],[-52.66759995066728,-31.84507431311093],[-52.65337742252356,-31.83730408448169],[-52.64602356964489,-31.83793387773982],[-52.63213344101607,-31.82908634644953],[-52.63097638870483,-31.81277879455438],[-52.62858185481872,-31.81572591364339],[-52.62227317683393,-31.81402211048986],[-52.62582405924084,-31.82170156986111],[-52.62246792497,-31.8355136780503],[-52.6172480594533,-31.83514074445877],[-52.61246475416559,-31.84047266271507],[-52.59880805565587,-31.83991677265143],[-52.58667889810435,-31.83147795602403],[-52.59005577042047,-31.82014596976062],[-52.58756393712024,-31.81257157495642],[-52.58030418149754,-31.80919283678078],[-52.57386388235415,-31.81075155171046],[-52.56796112037851,-31.80348397890939],[-52.5526443531824,-31.80386156089202],[-52.55689547482113,-31.81899537422198],[-52.55396716627882,-31.82316602327392],[-52.54810485358445,-31.82430176374642],[-52.54134783451286,-31.82012289092967],[-52.53800546575878,-31.82358713482978],[-52.51659131382134,-31.8202386905532],[-52.5087169794396,-31.82200005458073],[-52.50850179665601,-31.83124321404769],[-52.49675034518635,-31.838079720578],[-52.48759508896888,-31.83485490919562],[-52.47994776699338,-31.83853897710481],[-52.47224975022671,-31.83626466898659],[-52.48594727399513,-31.84181103645556],[-52.49602349820662,-31.85021007250779],[-52.48484778576573,-31.84905218123124],[-52.47860946521003,-31.84364786448766],[-52.47183900628854,-31.84266659081089],[-52.47511436479546,-31.85481952883451],[-52.46684251285723,-31.85146037668397],[-52.46392195707688,-31.84339300857239],[-52.45722633316289,-31.84914018955208],[-52.4412283409176,-31.85472125102584],[-52.43633830988252,-31.84771475766334],[-52.4326652011142,-31.85086972095931],[-52.43234499600128,-31.84705126033607],[-52.44145881367133,-31.8286687109658],[-52.45005595910813,-31.83402760121787],[-52.45578890846349,-31.82947121458306],[-52.46010868497341,-31.83514803934635],[-52.46530145454284,-31.8271860795199],[-52.48527009818967,-31.82858564532431],[-52.49560802421905,-31.82619031120159],[-52.4980062037415,-31.82450730803722],[-52.49075255022289,-31.81641216296547],[-52.49576868987526,-31.81278025420251],[-52.50519425068726,-31.81277879455254],[-52.50353649530975,-31.80884162650202],[-52.49484879661848,-31.80515710706369],[-52.49047731470217,-31.79565015745127],[-52.47633865159775,-31.78464466647061],[-52.4702615112576,-31.78443457119131],[-52.46907126240167,-31.79496939736745],[-52.46051574108419,-31.79369284994423],[-52.45824166601604,-31.7904242290902],[-52.45446531203434,-31.79865988738511],[-52.44911212081117,-31.79995297437727],[-52.45386597582942,-31.80793426943255],[-52.43674358714192,-31.81096823623879],[-52.43149493746325,-31.8168581856801],[-52.42842677571959,-31.81423297893297],[-52.42609647702307,-31.81197925730028],[-52.42902429678922,-31.80996558809775],[-52.42765909186892,-31.80369966378226],[-52.43692830977071,-31.78689295538278],[-52.45599321753036,-31.77863615487968],[-52.46240558235537,-31.78133649706302],[-52.46013465617035,-31.77391179391347],[-52.4512763699683,-31.77141850871287],[-52.4527635476825,-31.76519853868135],[-52.46686443661493,-31.76351212146589],[-52.4663904778913,-31.75979271931294],[-52.47225443162345,-31.75368094033221],[-52.48670623547318,-31.75217056539568],[-52.48183326543803,-31.7427061572778],[-52.4945554792461,-31.73418682019698],[-52.49932937885372,-31.73818198657049],[-52.51043589291987,-31.73866776751559],[-52.52367096840688,-31.73259652249189],[-52.5472578397546,-31.73336045206623],[-52.56378517616228,-31.7299547157698],[-52.56813541733132,-31.72570765574036],[-52.53138134612197,-31.71549948583666],[-52.52560259281187,-31.70767974509561],[-52.48120949046267,-31.71019094600759],[-52.47067228255225,-31.71919672711703],[-52.43421624263884,-31.73014347612527],[-52.43570611273752,-31.73721551806739],[-52.42988848719815,-31.74053098288556],[-52.42381413355292,-31.75229241601582],[-52.41584590352397,-31.75625939684842],[-52.41684848538698,-31.76005074473546],[-52.41122323787967,-31.76668384290543],[-52.41240185066343,-31.77596089977192],[-52.40884138863408,-31.78072282306629],[-52.4017237273757,-31.76892280046046],[-52.38915211680111,-31.76387824769013],[-52.40044042073079,-31.75642492413862],[-52.40424951251187,-31.74510502879373],[-52.40094657357037,-31.73397688013004],[-52.39059862488354,-31.72867002713676],[-52.40450356271517,-31.71028769746108],[-52.40901105056462,-31.69252414782341],[-52.40155899038298,-31.6883695348056],[-52.39854248824439,-31.68117974492758],[-52.38895626501916,-31.67688300948066],[-52.38190698138615,-31.67992069406034],[-52.38054793072002,-31.67613600484018],[-52.37119265328193,-31.67641512682919],[-52.35768384067985,-31.66775764679019],[-52.34852411995223,-31.66838543056904],[-52.34493939651255,-31.66393545509028],[-52.35216972879215,-31.6579795718266],[-52.3462577007465,-31.65194898761677],[-52.34788401272171,-31.64819089106294],[-52.34476051605098,-31.64442443251702],[-52.34894319298768,-31.64368198909104],[-52.34392477780676,-31.63223263568519],[-52.3229593594287,-31.62796507473344],[-52.29260247856355,-31.61380331082138],[-52.29255738091825,-31.61053069649736],[-52.30358515103054,-31.60004695074736],[-52.29742127975098,-31.58594872595143],[-52.25949599381486,-31.56868533223842],[-52.25024423404061,-31.55401113957852],[-52.24362890332215,-31.55307751052706],[-52.23540465919856,-31.55840877510635],[-52.22579219734168,-31.55294979742935],[-52.22284994519307,-31.54939641544176],[-52.22244109275776,-31.53928160810824],[-52.22739772292802,-31.5391655976071],[-52.23060942884271,-31.54745593737126],[-52.23436300311587,-31.53982831095195],[-52.23275412313604,-31.53635322954336],[-52.23957710397242,-31.53575547493164],[-52.24310133609282,-31.53142778247807],[-52.22034880451139,-31.53141342562673],[-52.2038223055183,-31.52671974099437],[-52.20551118215324,-31.52885544214943],[-52.20203903603516,-31.5325295649449],[-52.18451007823948,-31.53706281094827],[-52.18140942278753,-31.53488230517819],[-52.18764257997271,-31.52703374566232],[-52.18244081272586,-31.52617088322134],[-52.18045125146283,-31.53400464297479],[-52.17755506266717,-31.53508940656472],[-52.16751671821567,-31.52588540365209],[-52.16113437095213,-31.53430367080059],[-52.15229096575997,-31.53739185212575],[-52.14928886363487,-31.54537951132994],[-52.14274871011031,-31.5510995288341],[-52.1496379997177,-31.55687612813735],[-52.14905431255076,-31.55988833430061],[-52.14336992084007,-31.5630059054592],[-52.13234199351064,-31.56290653249905],[-52.13481316023032,-31.55836086514239],[-52.12739843920944,-31.55291910015832],[-52.12175409728157,-31.54195480204503],[-52.11368033639935,-31.53887872459001],[-52.1130128153123,-31.53503454094025],[-52.12149898837684,-31.53082769946782],[-52.12623031386047,-31.52283687685203],[-52.12744428972302,-31.52994239095286],[-52.13574316466516,-31.53596376764919],[-52.14559760567157,-31.52838927824938],[-52.15710740709333,-31.52860270544132],[-52.16168672101503,-31.5078406959856],[-52.15989178473325,-31.49652042537021],[-52.16426431742313,-31.49062049232576],[-52.15613537871641,-31.48754911282255],[-52.15837811154859,-31.48233964375102],[-52.1493293178634,-31.47488633068818],[-52.14780773455419,-31.47977481855579],[-52.13659697659634,-31.47833231390116],[-52.13787750606135,-31.4868274853759],[-52.12962956834402,-31.48346169028197],[-52.12514546531069,-31.48730797508447],[-52.12450536974246,-31.48073741539098],[-52.11761868807739,-31.48282061689209],[-52.11953979682522,-31.47761145449284],[-52.11593673226393,-31.47536745439872],[-52.11681766852086,-31.47280312335528],[-52.11377953519279,-31.47385378352297],[-52.10883351553643,-31.46914778286756],[-52.08876562883837,-31.48876070263481],[-52.06905484258125,-31.51431542141578],[-52.056648774808,-31.52377418721845],[-52.04228463970529,-31.52277318982321],[-52.03800233942383,-31.51517942404387],[-52.03871412252632,-31.50807182133014],[-52.04258399750881,-31.50925354566229],[-52.05610865845559,-31.50142864362936],[-52.05943383745004,-31.49666134416082],[-52.06005117739191,-31.48497704209893],[-52.08956069865497,-31.46084254808619],[-52.10078611294705,-31.44299389357825],[-52.11123965912859,-31.43512293905579],[-52.11173573683783,-31.42685162675136],[-52.12716054295627,-31.41833789902417],[-52.13082504522207,-31.41126555333959],[-52.13401282988692,-31.40043462038889],[-52.13016291067895,-31.39466265143412],[-52.12551818873541,-31.39674569484074],[-52.11526793181734,-31.39065582986289],[-52.09797173879986,-31.38921278700012],[-52.09893203371912,-31.38648801496849],[-52.09412729403721,-31.38167945157343],[-52.08166404127132,-31.38852516751275],[-52.07950146827625,-31.3870479775072],[-52.08171956387948,-31.38393657792045],[-52.0758609373522,-31.38891085997556],[-52.0722498647227,-31.38441374906002],[-52.07226313271539,-31.38040876117389],[-52.07715167833575,-31.37959596794026],[-52.07362761449185,-31.37735247368009],[-52.07581035098619,-31.37358368952258],[-52.08019405023146,-31.37590916204911],[-52.08387778592213,-31.37318430491097],[-52.09044371933514,-31.37815332446943],[-52.09836007336699,-31.37436634302042],[-52.08967517506127,-31.37090846571935],[-52.08900301768202,-31.36629306735745],[-52.07987385033064,-31.36324685291177],[-52.08179581168994,-31.35956074936049],[-52.1034250846788,-31.36352363483811],[-52.09989358619891,-31.36036263319909],[-52.10108166683211,-31.35762944282703],[-52.12167420558155,-31.35314957930201],[-52.11686953399843,-31.35074496262268],[-52.11078339533728,-31.35363022309282],[-52.09973324257679,-31.35170688037832],[-52.09312346404005,-31.35507482907548],[-52.08672014875221,-31.35224767518071],[-52.10299533156232,-31.34724848939909],[-52.10091299093708,-31.34316784094632],[-52.1052876485017,-31.34196810432024],[-52.11313502950832,-31.32690084348162],[-52.09110186558725,-31.33335873167067],[-52.09352538829131,-31.33062643633517],[-52.0889739600067,-31.32978892684904],[-52.09711903641185,-31.32193222348651],[-52.08296175677476,-31.32709403717397],[-52.08226425767779,-31.32047996014757],[-52.07153408883028,-31.30742830349177],[-52.07665905219067,-31.30374169353011],[-52.07009210282622,-31.30358113408739],[-52.06650792913347,-31.31540487774486],[-52.07281540356102,-31.31992977253612],[-52.07329535768373,-31.32634131543693],[-52.06713148685592,-31.32683858723047],[-52.06977203810753,-31.33627865639859],[-52.06288551715144,-31.33483630742547],[-52.05331036928311,-31.35129795074088],[-52.03713395648541,-31.35594577065727],[-52.03361045294802,-31.36043314323721],[-52.02544251046361,-31.35915122160845],[-52.02259657093638,-31.36534029344],[-52.01730189956294,-31.36517847065145],[-52.0174347998483,-31.36059394501069],[-52.01423164385508,-31.35995300636454],[-52.00382175120729,-31.36299813596298],[-52.01321682758079,-31.3535731907003],[-52.0140695506725,-31.34392067880769],[-52.04802467581794,-31.34793149497953],[-52.05106817917903,-31.34680971282749],[-52.05347681826214,-31.33829145684497],[-52.04785054161837,-31.33568321817201],[-52.04140534583253,-31.34090540084613],[-52.03578515516124,-31.33412782377175],[-52.02872324524385,-31.33455984619394],[-52.02952990651914,-31.33124509006017],[-52.01878855061392,-31.33223224757698],[-52.01960803259276,-31.3293633466008],[-52.0321784378632,-31.32736188752029],[-52.03068135653191,-31.32423315268919],[-52.04021629818084,-31.32091490010398],[-52.02512929328698,-31.3199634078763],[-52.0192113654616,-31.31192496737988],[-52.02407311800219,-31.30557874951191],[-52.01893490621791,-31.3011894299915],[-52.00441510499365,-31.30261799409201],[-51.99892049161704,-31.30938626149911],[-51.9911464241824,-31.30287985745421],[-51.99411667140258,-31.29764043224572],[-52.01459327883867,-31.29671672550603],[-52.01198852022479,-31.29600638662986],[-52.01365689047469,-31.28915347445085],[-52.01730754195242,-31.28902113043264],[-52.01476900912439,-31.29098096545955],[-52.01739253214597,-31.29518904366499],[-52.03051923902861,-31.29372803815604],[-52.02723352418263,-31.29858324477287],[-52.02872273557644,-31.30367513404092],[-52.0323163327196,-31.29965634507366],[-52.04964873082358,-31.29754063704272],[-52.05007107439991,-31.2945790775382],[-52.03675538097084,-31.28950227640215],[-52.03865725818816,-31.28569445400858],[-52.03548633596154,-31.28273302617106],[-52.02905484713408,-31.29041706702236],[-52.02069076510497,-31.28802130923203],[-52.02365017214691,-31.28252150079777],[-52.01189951197328,-31.28759733582541],[-52.00526130408197,-31.28590655259789],[-52.00586747995924,-31.28205540787241],[-51.99828587172468,-31.28146452284957],[-51.99257841239287,-31.27723302197923],[-51.99067633500983,-31.26771408128484],[-51.9830674885013,-31.26602212264139],[-51.98452876845072,-31.26165443222194],[-51.96817443813534,-31.26311572060296],[-51.96540230626655,-31.25959311088143],[-51.98327687396046,-31.2546739546282],[-51.9893378534063,-31.25943405335096],[-51.9918653907884,-31.25600808970913],[-52.00540172476941,-31.25679004912815],[-51.99656508736119,-31.24836589605995],[-51.99764380186863,-31.23819507209459],[-51.99994655180752,-31.23447169332801],[-52.0020438067016,-31.23639862400326],[-52.01161993405168,-31.23389788795947],[-52.00061966270651,-31.23091767616469],[-52.00508544676962,-31.22717499912482],[-51.9987285528136,-31.22418632084277],[-51.99706163833474,-31.23427486960682],[-51.98967206070794,-31.24300611952076],[-51.98141196197732,-31.24103064788466],[-51.98007224862211,-31.24747574032699],[-51.96872981425584,-31.24928034364667],[-51.96547827505326,-31.24678264463833],[-51.96281178356395,-31.24790633219922],[-51.96397343781619,-31.25467456085193],[-51.95339139959349,-31.2561856285338],[-51.94896670788974,-31.25192411622487],[-51.95562435824864,-31.24695289685921],[-51.94664179521168,-31.2387032615204],[-51.95742762285657,-31.23411855993663],[-51.94890037948029,-31.23082878243335],[-51.95234848420435,-31.22632874893415],[-51.94912690881442,-31.22403338421742],[-51.93881373952448,-31.22671462104725],[-51.93280560816362,-31.22259085679226],[-51.92624505204257,-31.22252065480103],[-51.92317958736544,-31.22844405713537],[-51.92832902148251,-31.23395504393028],[-51.92656195333912,-31.23806851263177],[-51.91109810080239,-31.23430069773191],[-51.9094412703673,-31.23182892166511],[-51.91385702146069,-31.23182826844223],[-51.90451341867743,-31.22660999738576],[-51.89706601693467,-31.22818790624276],[-51.89372380051947,-31.23563142515456],[-51.89176111968852,-31.23078122941511],[-51.88489723961505,-31.23522151123863],[-51.88003838926057,-31.23135846171554],[-51.88177019022589,-31.22847097479642],[-51.89471375446235,-31.22826846160334],[-51.88885543908722,-31.22530924337191],[-51.88911967715675,-31.2181331904391],[-51.88610214663439,-31.21911572413117],[-51.87911385658672,-31.21287905347845],[-51.88413811397295,-31.21097398529884],[-51.88073099175467,-31.20889473711],[-51.88239156307628,-31.20748469300636],[-51.88893110628007,-31.21062685787825],[-51.89497475367325,-31.19953186576443],[-51.88831505662387,-31.19988930468659],[-51.88398225946612,-31.20390884063335],[-51.8836936204118,-31.20025837528573],[-51.8753163547958,-31.19491818692421],[-51.87573867716134,-31.18994752480197],[-51.88852671417619,-31.19576511281575],[-51.90046925102627,-31.18730331309676],[-51.88958311581424,-31.1834961915646],[-51.89011219133408,-31.18106327072453],[-51.8971925474537,-31.18085210030251],[-51.89696166199114,-31.17748654776384],[-51.89354527591492,-31.1743513336268],[-51.87951042306827,-31.17276403916586],[-51.88003651834015,-31.16610451551845],[-51.87591715653991,-31.16324540259023],[-51.88595786055905,-31.16091830275834],[-51.88754232248243,-31.15383199910728],[-51.89166434191174,-31.15986089915923],[-51.89578604369886,-31.15203426648635],[-51.90873461247237,-31.15804498714478],[-51.91500644424227,-31.15384560906207],[-51.91257572958181,-31.14961451633021],[-51.90496630361575,-31.14760494841055],[-51.90464945192734,-31.14369157964414],[-51.89619454404306,-31.14083560671024],[-51.89767431492253,-31.13374944170318],[-51.89318030612613,-31.12881985900966],[-51.92077727102118,-31.09917199269958],[-51.92482583569871,-31.08642706408832],[-51.93574926246137,-31.08094369558898],[-51.935272813321,-31.05759273967557],[-51.95543097371407,-31.05283152129606],[-51.9637620115226,-31.04640873168228],[-51.96928476847555,-31.03264705380985],[-51.94724659380666,-31.036816702195],[-51.94140020044019,-31.04459134908535],[-51.93490596509123,-31.04123631830373],[-51.92671741460582,-31.04244810380874],[-51.91955671260794,-31.04787960573439],[-51.90554908972823,-31.04571723359123],[-51.89468203254629,-31.05665982575919],[-51.89501697523871,-31.06729860864239],[-51.89038866762194,-31.06531551629397],[-51.880464846043,-31.07362615070259],[-51.88130360084129,-31.0799086279114],[-51.87460259953798,-31.08408705677808],[-51.87352371169834,-31.093310110022],[-51.86917934760989,-31.09609615012318],[-51.86232621498608,-31.09502969150595],[-51.85898032064178,-31.10546933883782],[-51.84850960456917,-31.10591710372117],[-51.83501838962724,-31.1215541182258],[-51.81136826036936,-31.12618587299066],[-51.78447786043708,-31.12125726404448],[-51.77882896009357,-31.11364133745298],[-51.7847247047502,-31.09980692902183],[-51.79267978264951,-31.09285804301043],[-51.79421954323298,-31.08525840642132],[-51.8161541877548,-31.0737361344468],[-51.8320229843771,-31.05638522554141],[-51.83474466699569,-31.04705307227271],[-51.84920968987772,-31.04128241297065],[-51.85599746438668,-31.0285442938783],[-51.88113930292229,-31.02431496583336],[-51.89045943818886,-31.01649831675961],[-51.91078854563167,-31.00873010739546],[-51.91688377226771,-31.00347163550834],[-51.93821144016607,-31.00695388055664],[-51.9500401378816,-31.00177026314373],[-51.96532762474671,-31.00395848143274],[-51.9772699544106,-30.99459973780531],[-51.9800105601322,-30.98714126439647],[-51.98813494607555,-30.98733667473729],[-51.99486221305283,-30.9917226271458],[-52.00222492258289,-30.98928481109469],[-52.0097942046214,-30.99357060585305],[-52.01794710082254,-30.99316808923462],[-52.00146611886422,-30.98467355082118],[-52.00417065641634,-30.98120301222419],[-52.01048364165388,-30.98114164795404],[-52.00499523742123,-30.97051668651864],[-51.98730283472286,-30.95711260990441],[-51.9682547322009,-30.95011075505446],[-51.96004879245297,-30.94288015150473],[-51.95501847433795,-30.93095860444703],[-51.94406793320942,-30.9371642231529],[-51.93682849421018,-30.9365235950935],[-51.92659904535832,-30.92974202868634],[-51.92560203125038,-30.9180138070381],[-51.91140997911842,-30.91789201146581],[-51.90309543320812,-30.90575538748697],[-51.87595172567583,-30.90525408517897],[-51.88002182986236,-30.89346200743172],[-51.87798139019745,-30.89028660504855],[-51.87483293838407,-30.89081778778094],[-51.87102087560752,-30.90103608631543],[-51.8649161063862,-30.90567045020167],[-51.84186982425934,-30.90735274775879],[-51.82625006118763,-30.90167393762742],[-51.81040242840508,-30.90382526549033],[-51.78979796781238,-30.88761684796211],[-51.78994636726699,-30.87449422937044],[-51.79614540921571,-30.86394710982201],[-51.78890934853181,-30.85937008558594],[-51.77531599991757,-30.86650911416242],[-51.74092353280154,-30.86652031754257],[-51.73188621399721,-30.87097897891052],[-51.72014370173861,-30.88707461744482],[-51.69667325091984,-30.8908089573468],[-51.68588367625402,-30.87844389740345],[-51.68489270232785,-30.87003354995494],[-51.69278876659655,-30.86818842867032],[-51.70653055484674,-30.87071976658135],[-51.70960220854338,-30.8477407636314],[-51.70051558533654,-30.84330309865312],[-51.68502279434674,-30.84274910756445],[-51.67647307081179,-30.83634310217491],[-51.67496630223302,-30.82344624328245],[-51.68244572136607,-30.8220118717996],[-51.68422599279145,-30.81607301645456],[-51.67828683296408,-30.80634010447558],[-51.68043178545033,-30.80138006555384],[-51.67747493156941,-30.796882961913],[-51.67241590736378,-30.79653010454918],[-51.6694749822217,-30.80265198000619],[-51.6673580373147,-30.79853157797934],[-51.66994602043731,-30.78510999804756],[-51.67759188888916,-30.77934073898479],[-51.66582860567045,-30.77969381139767],[-51.6604175789675,-30.78899479348802],[-51.65559353658303,-30.78758211691911],[-51.65782843443725,-30.78416809445401],[-51.65465250249843,-30.78169575629501],[-51.64453577911479,-30.78393245488462],[-51.64112426576175,-30.78004768734293],[-51.64323368519027,-30.77723793369582],[-51.64829324961962,-30.77770886213524],[-51.6535862134216,-30.77099798111135],[-51.65782156895702,-30.77606025467788],[-51.659308659504,-30.77000902435917],[-51.65457424600062,-30.75860504295055],[-51.65741338684101,-30.74882578090956],[-51.65522715527155,-30.7351422322248],[-51.64672517679048,-30.73584461424485],[-51.6420072208473,-30.73131956424255],[-51.64867474462199,-30.72600993304247],[-51.64940179341709,-30.71592731620857],[-51.64589290240067,-30.71015124070151],[-51.64296456184232,-30.70898915515663],[-51.64386496043363,-30.72225008441223],[-51.62777200707932,-30.72519987368001],[-51.62467763679675,-30.73153928518881],[-51.61617700376548,-30.73099259277982],[-51.61804896607563,-30.72365591539271],[-51.61477310415178,-30.71951852685581],[-51.61999873389033,-30.70351735135339],[-51.62452163216307,-30.70172147751468],[-51.61828279415371,-30.69984815621239],[-51.61767429863827,-30.70611417545137],[-51.61174757820887,-30.7090019241863],[-51.61521757178252,-30.71302212274784],[-51.61032653313571,-30.72576301804321],[-51.60034370268177,-30.725372357338],[-51.59800402311733,-30.73310029833279],[-51.58887845969718,-30.73856411743594],[-51.57663355437197,-30.7397449711369],[-51.56571464520795,-30.73646615526066],[-51.56711822400902,-30.73271978545324],[-51.56399874438076,-30.73068982973478],[-51.55651100217283,-30.73365634898205],[-51.55541851239791,-30.72741207004497],[-51.56603218724869,-30.71861723167723],[-51.57468932858045,-30.72070532696611],[-51.58030490641423,-30.71742712685572],[-51.58330742601743,-30.71344394919145],[-51.58248860596009,-30.70275255066027],[-51.57328506189472,-30.71446097288203],[-51.56767010116905,-30.71399193783682],[-51.56065043194199,-30.70790408044482],[-51.55846666724246,-30.71555313296088],[-51.55316258874466,-30.71180681429833],[-51.54785918688079,-30.71680247221969],[-51.54567536875309,-30.71336757807641],[-51.54770372926802,-30.71071420364539],[-51.54489577801044,-30.70946467225786],[-51.53621850780103,-30.71535392733898],[-51.53793453468881,-30.73439977714714],[-51.52748340505151,-30.74267377876749],[-51.51063742888316,-30.73424340579464],[-51.50689273104481,-30.73018433320322],[-51.5087647078868,-30.72612532546279],[-51.49722243846847,-30.72378432958986],[-51.4898899526934,-30.71379236666926],[-51.49301004129006,-30.70801672730662],[-51.50048943537217,-30.7095072440661],[-51.50679550013481,-30.70655527044749],[-51.51282016189541,-30.71004591810647],[-51.51516098180813,-30.70583048740094],[-51.52202352076799,-30.71285572107279],[-51.5220233861687,-30.70692405669652],[-51.5264968134145,-30.7063141983178],[-51.52873146659778,-30.70942127436153],[-51.52982330043527,-30.70458220122032],[-51.536063099806,-30.7062994450204],[-51.54337898826474,-30.70227266027033],[-51.53777599404091,-30.69959787763014],[-51.54136347619264,-30.69585080370376],[-51.55275060246118,-30.69787994949145],[-51.55509036328482,-30.70381261473561],[-51.56077897288708,-30.69977398721479],[-51.56834938195905,-30.70193869959425],[-51.56772553338292,-30.69350936917292],[-51.57592743550924,-30.69352075214496],[-51.58683212728854,-30.68377595276337],[-51.58261872169501,-30.67881641103095],[-51.57904961689194,-30.68250541924701],[-51.5767292909057,-30.67953019975958],[-51.57934618519857,-30.67596143100529],[-51.59225507509769,-30.67661612738487],[-51.5902372003431,-30.68213350217778],[-51.59753954578271,-30.68599237589311],[-51.60224548985254,-30.68222476971977],[-51.60036338728274,-30.67727958520953],[-51.60318710812084,-30.67492528081022],[-51.5951871546856,-30.67610291047262],[-51.59518745119537,-30.67257030193096],[-51.60154006966111,-30.66715492148047],[-51.60977470360007,-30.66644824520032],[-51.61824409106705,-30.66833261699496],[-51.62177374021155,-30.67257032221921],[-51.62600893643059,-30.67186412120357],[-51.62812642673537,-30.66597721528333],[-51.61589159933283,-30.66456511196445],[-51.6116567687798,-30.65797237815285],[-51.61602515112028,-30.65227427957896],[-51.62382440827882,-30.64962054725933],[-51.63365207275282,-30.65180655774732],[-51.63349602460749,-30.64790378909399],[-51.62023677507809,-30.64540558028218],[-51.61524488909695,-30.63853690952006],[-51.60198555223201,-30.6488400992565],[-51.5948105809439,-30.64571748304441],[-51.58108389270372,-30.64587426303975],[-51.57219178551689,-30.6568015374605],[-51.55253714308874,-30.66866593189504],[-51.55409618628993,-30.66046217655299],[-51.54255228862187,-30.66327238503052],[-51.5380295112461,-30.66015023873279],[-51.55082056022589,-30.65359362555861],[-51.54551680835953,-30.65328108648068],[-51.55300368437993,-30.64469541438962],[-51.55035257953046,-30.64344586051897],[-51.54208514291988,-30.65328099496566],[-51.53709311787594,-30.65250080470557],[-51.53615747293179,-30.65812088268108],[-51.51712705206462,-30.66858066710747],[-51.51556711486334,-30.66436483103022],[-51.51166714464671,-30.6668633627304],[-51.50449128380865,-30.66420925018437],[-51.50220577459984,-30.66936607284991],[-51.49966027929978,-30.66206736773752],[-51.49451304389036,-30.66737490919734],[-51.49607260961928,-30.65972622577583],[-51.49180402397405,-30.65617676027102],[-51.48983342404836,-30.66940404228846],[-51.48406231647304,-30.66768736045207],[-51.48437493603198,-30.67361925452735],[-51.47595179121726,-30.67439894616002],[-51.46846473796526,-30.67049629788273],[-51.46612518245252,-30.66612590287613],[-51.46862050002997,-30.66440864337368],[-51.46300539050689,-30.660662094054],[-51.46440900805355,-30.65816468004504],[-51.46581346356924,-30.66097463945854],[-51.4704921279507,-30.65894504223928],[-51.47012274097662,-30.65488881358216],[-51.46115273182253,-30.65658283035196],[-51.45149641077876,-30.6535755206068],[-51.45689348844504,-30.63936127316434],[-51.45597211231041,-30.63663172833942],[-51.44739349935538,-30.63631956808716],[-51.4485161519403,-30.62688663881058],[-51.44147950196871,-30.63581008767778],[-51.42128065619062,-30.63729323440716],[-51.41566543149501,-30.63409258437488],[-51.4112209411234,-30.6364341936903],[-51.41613346672661,-30.64533240641923],[-51.40872499514776,-30.64946850598148],[-51.40100367420204,-30.64361483104624],[-51.39468753848772,-30.64306892706108],[-51.39936658493542,-30.63698051649651],[-51.40794516597238,-30.6433810640915],[-51.41045409009403,-30.64202753163219],[-51.39999039678172,-30.6336243501641],[-51.40231415527808,-30.62902440283582],[-51.39591916695443,-30.62637040226424],[-51.39334589592086,-30.60506314026927],[-51.39779088734832,-30.60233129130899],[-51.41159536766977,-30.60615555296379],[-51.41432428045099,-30.59959932494449],[-51.40722726017025,-30.60201882943488],[-51.38821188910548,-30.59504084502641],[-51.38671266316913,-30.58779227062783],[-51.37857068844278,-30.58230308123613],[-51.37196864740035,-30.56557209199863],[-51.35806000951144,-30.55167744949997],[-51.34987330061235,-30.53740402848171],[-51.34216036167868,-30.53523374948454],[-51.3390041976395,-30.52685778359681],[-51.33045681390552,-30.52432855533486],[-51.32303607073739,-30.51592602475711],[-51.31167764908265,-30.51173673581455],[-51.30478519103752,-30.49504187469429],[-51.27578935453274,-30.47769000263904],[-51.27974103024499,-30.47488340965945],[-51.27329518763719,-30.47067090052267],[-51.27635288444087,-30.46859439897819],[-51.27131495228395,-30.46253370401491],[-51.27277372456174,-30.46000418071318],[-51.26727936283537,-30.4602430673501],[-51.264775160454,-30.45758710919405],[-51.26872545682414,-30.45662706016665],[-51.2533650485386,-30.45101820805018],[-51.25810048569942,-30.44843367225267],[-51.25175827433431,-30.44836868353706],[-51.25359320495696,-30.4468973706592],[-51.24641670214653,-30.44283413359163],[-51.24821336595776,-30.43900027762838],[-51.24480294920102,-30.44038462708178],[-51.24015472918141,-30.43667055399431],[-51.23233277621781,-30.42945517658837],[-51.23129434110039,-30.42368773731182],[-51.21857662114019,-30.41444534100225],[-51.2206732196026,-30.40563524781289],[-51.25016971662924,-30.41055453307363],[-51.26291825633704,-30.40493447708817],[-51.26913790752126,-30.41091291986643],[-51.2757349583895,-30.43019022538835],[-51.28400180134542,-30.43502942809417],[-51.2833774427658,-30.43939986818884],[-51.29198161844256,-30.4412508172313],[-51.29382785495874,-30.44564388680068],[-51.31956339416449,-30.445331880995],[-51.3222155487738,-30.44892181351219],[-51.32009866541213,-30.45786625130143],[-51.3309681450576,-30.46476795159231],[-51.33502763339086,-30.46384601671087],[-51.33574374608745,-30.46673541535498],[-51.33455805015658,-30.47021839798549],[-51.3222564509533,-30.47192283566112],[-51.31781009043561,-30.47607277301695],[-51.33515089758494,-30.48333516206308],[-51.34047409139617,-30.4900024787799],[-51.35419873240215,-30.49234397451215],[-51.37681578526672,-30.51411985110839],[-51.37194239650101,-30.52239452916565],[-51.37567477454429,-30.53163660752348],[-51.38109560870684,-30.53110341114898],[-51.38971288064075,-30.53656164381431],[-51.38191465892644,-30.54171296849359],[-51.37193169143973,-30.54296198929562],[-51.37427125069519,-30.55076657785751],[-51.38206981351588,-30.55295201734344],[-51.38222573531414,-30.5591959497165],[-51.38830885940192,-30.5552936781183],[-51.39304209343962,-30.55741911947464],[-51.39925054854012,-30.55438122743664],[-51.39345617655681,-30.54483560019596],[-51.39688765170825,-30.53905952006659],[-51.40250263699298,-30.54124490974976],[-51.40796204790892,-30.53578149567386],[-51.4034651204755,-30.53073229092424],[-51.40551917721334,-30.52001475539392],[-51.41331773697665,-30.52579024275249],[-51.41378619621752,-30.53796562769941],[-51.42392415612574,-30.53515614733126],[-51.45398682052556,-30.55436071064326],[-51.46390905511763,-30.55432506716692],[-51.48456227007807,-30.54493283098313],[-51.48339053951636,-30.53636517169518],[-51.47255531625795,-30.53381209647194],[-51.45655451089024,-30.53545995642199],[-51.44875694481148,-30.54140497725591],[-51.44078986413651,-30.53451798103782],[-51.44190982947904,-30.52586047179333],[-51.43375344582507,-30.52622903722855],[-51.44734327323893,-30.52006881256298],[-51.44440133804603,-30.50415973763423],[-51.44723401321459,-30.50958961276469],[-51.45141786554399,-30.50446967638131],[-51.45737350064618,-30.51039862911711],[-51.46054636230586,-30.50561932416667],[-51.4753446003017,-30.50523316130262],[-51.48134491813128,-30.50040541407049],[-51.4507550873664,-30.49616669346779],[-51.45922660780172,-30.49063291760001],[-51.44335446558784,-30.48189441516416],[-51.44785830564012,-30.46542943325436],[-51.4381356346306,-30.46944967884866],[-51.43970256887895,-30.4607948547894],[-51.43019176294106,-30.4676008224032],[-51.42301576724726,-30.46712942930913],[-51.41160335991049,-30.48055252630204],[-51.39654393488291,-30.48702827419052],[-51.39371192092353,-30.48278625848403],[-51.38045258064393,-30.48309824284486],[-51.37395346135268,-30.45576812452047],[-51.36177177034833,-30.44529068661707],[-51.35633894847952,-30.43518507376098],[-51.35489949910938,-30.41027357507122],[-51.35892927373968,-30.40598091944743],[-51.38087537151813,-30.40786705498411],[-51.38052168549991,-30.41544982065574],[-51.38323789334312,-30.41788347512972],[-51.41083463700276,-30.42337509264784],[-51.41350632243041,-30.42061759816914],[-51.40590950493113,-30.41114151195641],[-51.40263498589863,-30.3988095859637],[-51.4119874353951,-30.39460134650168],[-51.41823319616288,-30.39620707249805],[-51.41704352183513,-30.39799239028507],[-51.42213088086242,-30.39943408716642],[-51.42119599810353,-30.40786380800399],[-51.4240031396062,-30.40911215954352],[-51.42509471943522,-30.39927854564055],[-51.43159704586453,-30.3969636192563],[-51.41771757209793,-30.38070831501044],[-51.38467729242235,-30.36937580902715],[-51.37969452565469,-30.36033882397347],[-51.38186883651451,-30.35077309042124],[-51.3724469734893,-30.34703620185834],[-51.36021192530129,-30.34844543094829],[-51.33842128736264,-30.33744962016472],[-51.33787897098706,-30.31451534206443],[-51.34946369859398,-30.30884989105008],[-51.39479441861255,-30.3084989594351],[-51.39913122720147,-30.31012883646319],[-51.40193231334291,-30.31944859284576],[-51.40872506321524,-30.32592131702073],[-51.41734382162153,-30.32736686886481],[-51.42126487744091,-30.32408980636004],[-51.41409116237849,-30.32206117461529],[-51.41627434412404,-30.31956291600883],[-51.41346719326631,-30.31222741194524],[-51.40457637247093,-30.30270513730252],[-51.39298610967035,-30.30021845571622],[-51.39901225652273,-30.29287543546869],[-51.39646313560363,-30.28651405496998],[-51.3935190241563,-30.28803041106208],[-51.39149730441641,-30.27589504188592],[-51.40053896256366,-30.2789285447877],[-51.40129262437194,-30.27459431202601],[-51.38486276595843,-30.26405121225348],[-51.385160622902,-30.24719741275533],[-51.38150906375246,-30.24582342040882],[-51.38299720149356,-30.23731804889319],[-51.369328085195,-30.24291136985043],[-51.36247742441535,-30.2408234500122],[-51.3701712077613,-30.23218474984186],[-51.35733312392691,-30.22264401892649],[-51.35796151714814,-30.21383327115347],[-51.36173538586979,-30.20904852429285],[-51.3359095394379,-30.20991304210417],[-51.3329695425811,-30.20723817814949],[-51.33898495186267,-30.20199862926717],[-51.34130425059995,-30.1894918015813],[-51.3489898163452,-30.19008797110964],[-51.3636935475778,-30.18185374535883],[-51.35375752351858,-30.16056789135164],[-51.3484753461881,-30.16495996856866],[-51.33755878161695,-30.16103388376468],[-51.33541711697299,-30.16884496624002],[-51.32422217843741,-30.1708593459503],[-51.32055224633776,-30.14845165820593],[-51.31089184585,-30.13637402219127],[-51.30591455067397,-30.1357956525594],[-51.30563085888542,-30.13235107276672],[-51.31330541976676,-30.12999511538224],[-51.31437011705066,-30.12682470576777],[-51.31077764093064,-30.09947808306517],[-51.32040958095407,-30.09870561020867],[-51.33175182148076,-30.1087249067707],[-51.33375899168089,-30.11686759770586],[-51.34861565812873,-30.12012504651604],[-51.35899055106943,-30.11269936851188],[-51.35954195825901,-30.10903124870276],[-51.36631484400161,-30.10946404851446],[-51.36052571037865,-30.10101398759532],[-51.36052630103099,-30.09539436172813],[-51.36473699892564,-30.09398970793409],[-51.36738825168755,-30.09617454657583],[-51.36629597738282,-30.10397888344711],[-51.37019594596746,-30.10647655387962],[-51.38080144787327,-30.10725667117286],[-51.38703906947744,-30.10195013305925],[-51.38626016440016,-30.10944179561603],[-51.39071751067716,-30.10795542417173],[-51.39592896998221,-30.12036759806853],[-51.40435117534737,-30.11771517564683],[-51.39998478154124,-30.10678830959576],[-51.40933497324661,-30.10429678227078],[-51.40498129806829,-30.0988537569597],[-51.41385756313138,-30.09961480298928],[-51.42161631694509,-30.11285096849327],[-51.42988221952258,-30.11253907718545],[-51.42598325600557,-30.12362049234099],[-51.43627667747203,-30.12564981385796],[-51.43237728276724,-30.12861586590586],[-51.43456094164894,-30.13610811354475],[-51.44454279802179,-30.13376665365179],[-51.46029465763586,-30.13829259973995],[-51.46372667528397,-30.13704448289968],[-51.46247894917675,-30.13485878984148],[-51.44816173905384,-30.13055898993079],[-51.43394773266857,-30.11810339618765],[-51.44391900214323,-30.11503594382259],[-51.44625829241436,-30.11815845525031],[-51.45078186949071,-30.11425605566732],[-51.44672678912607,-30.11138788714411],[-51.44906591344478,-30.10723178954949],[-51.44493505304305,-30.10138734351527],[-51.45341083850085,-30.09433460803692],[-51.45647143140022,-30.09929822031602],[-51.46052627280802,-30.09867317893741],[-51.46582941350646,-30.10429303421548],[-51.47362689765291,-30.10632210149452],[-51.49662914823413,-30.12354057223453],[-51.49362966017378,-30.11594037826046],[-51.47518646727975,-30.09976640926941],[-51.46456216521435,-30.0962856003608],[-51.46271009765806,-30.09008921734675],[-51.44367478956667,-30.08514311149224],[-51.42868354459456,-30.07144750428867],[-51.39398590686483,-30.05901202349341],[-51.39133259850334,-30.05443844212469],[-51.3960093259673,-30.0523877408754],[-51.40481202108703,-30.05668881927965],[-51.42853778776839,-30.05788623313459],[-51.43962040059574,-30.06219763937198],[-51.45474840573738,-30.05860840771454],[-51.46051872274897,-30.06219830804538],[-51.45880350189785,-30.06500790184343],[-51.46302742215959,-30.06822406846225],[-51.4712797895813,-30.06781733825903],[-51.48453697306996,-30.07328017722077],[-51.48828011623912,-30.0696902027389],[-51.49556853925147,-30.07316129135635],[-51.4968163317255,-30.07690764754072],[-51.50211875008677,-30.0755028866976],[-51.50036374298315,-30.07172797991159],[-51.50976073513687,-30.0720688700579],[-51.50090696642517,-30.06178254775012],[-51.50476995840469,-30.05521218418729],[-51.50129074825524,-30.04466462107962],[-51.5052376614385,-30.04132028321927],[-51.51155757466582,-30.04659650618133],[-51.50976070953481,-30.04850065338528],[-51.51444011639054,-30.05396285178023],[-51.5178709473539,-30.0539633194607],[-51.5197428649763,-30.04834403924336],[-51.50866891518731,-30.04210010409771],[-51.52052230089316,-30.03741762312202],[-51.52005478236207,-30.03320392781955],[-51.50882533874307,-30.03351588863038],[-51.4996235833867,-30.02383867477034],[-51.49977950500325,-30.00307932482659],[-51.50367739355857,-29.99013343564105],[-51.51859845423927,-29.98793684464509],[-51.54521481973316,-29.99888439381472],[-51.54550963901967,-29.99512368805406],[-51.5497945942085,-29.9950034806111],[-51.55870350909569,-30.00318527862507],[-51.57573432630625,-29.9851605065257],[-51.57360979997741,-29.95544189147374],[-51.58378383652575,-29.94739650454427],[-51.58321106849442,-29.9446548682632],[-51.56643901998619,-29.94330357518926],[-51.5319226356652,-29.9318063596503],[-51.50370778361609,-29.93259791717106],[-51.47356048505736,-29.97673764367717],[-51.44573601715391,-29.9948264223991],[-51.42620780234208,-29.99678874831299],[-51.39091573908599,-29.99141669182006],[-51.36203090849859,-29.99634804552799],[-51.32758952421332,-29.9875838119088],[-51.30834399316966,-30.00435757943032],[-51.29179771910662,-29.9978393502824],[-51.28377528386103,-30.01513772751796],[-51.28101757152839,-30.01614053132398],[-51.27600354892146,-30.00912090069305],[-51.26798111357381,-30.01313211839376],[-51.25413562057845,-30.0427578719022],[-51.23658715795617,-30.0434376202785],[-51.23048962587649,-30.04742481794517],[-51.22891355305769,-30.0548013099088],[-51.23190200312404,-30.06379045997462],[-51.24012402390355,-30.06332812336546],[-51.2428605952494,-30.073389402813],[-51.24962011695023,-30.07934301629021],[-51.25044409136456,-30.09424511560008],[-51.26164990270824,-30.09590356288025],[-51.26737255908557,-30.10454809385367],[-51.26081933578416,-30.10640746875084],[-51.25887744100808,-30.11016161968561],[-51.26254345650639,-30.11980541858224],[-51.26089184536987,-30.12287280144234],[-51.2462666013149,-30.1255754376987],[-51.24508618159998,-30.13172875792725],[-51.2354829105115,-30.13424731300308],[-51.22589184521219,-30.14459399255531],[-51.22563842780615,-30.15390258633283],[-51.22874511713895,-30.16125488145995],[-51.23315673827369,-30.16294799644507],[-51.22718627969105,-30.1681105938499],[-51.22712768600682,-30.17663744959561],[-51.23287255815503,-30.18237744004433],[-51.2438608394827,-30.18197753714958],[-51.24886694300667,-30.18639745914523],[-51.24010180614525,-30.19039233257122],[-51.22256494099841,-30.18787866069813],[-51.20235302766186,-30.19163256651376],[-51.19480908192802,-30.199268553444],[-51.19621557622006,-30.2076643052679],[-51.20013745070884,-30.20964306496352],[-51.19707104475432,-30.21289745951702],[-51.18784814471073,-30.21137743963417],[-51.17316853847465,-30.21773990529814],[-51.16971119279172,-30.21591815956215],[-51.16816013720368,-30.20767151735962],[-51.16456127117032,-30.20703166149299],[-51.16120194710869,-30.21205785287747],[-51.15884042279398,-30.20706721406793],[-51.15150044291643,-30.21098182122909],[-51.14567886938331,-30.20703809045526],[-51.14939177686394,-30.19726713761304],[-51.14352212126686,-30.1956603641705],[-51.16013518968367,-30.19390095494044],[-51.15722059149553,-30.18389596534989],[-51.17514214438042,-30.17199373509299],[-51.17617690048039,-30.16822982195228],[-51.17308614253358,-30.1655516811074],[-51.1366541836293,-30.16914460738344],[-51.13039378903211,-30.15919963762556],[-51.12443140699003,-30.16058092972964],[-51.13066197046136,-30.16473785522572],[-51.12211490363072,-30.17209225430124],[-51.12271120895475,-30.17703603761236],[-51.12602923613949,-30.18000579943886],[-51.13626153907666,-30.17829601121555],[-51.13426476737538,-30.18700973307559],[-51.12859320224629,-30.18860788154669],[-51.12115863658899,-30.20032966877989],[-51.11603728431427,-30.20211584017295],[-51.10255906277973,-30.19711764591492],[-51.10023670079857,-30.18724887498667],[-51.08362219350764,-30.17645760958726],[-51.07897121816824,-30.16823275914958],[-51.07076136668402,-30.16985442870515],[-51.06057480048199,-30.16631045804633],[-51.07341503999513,-30.17525901556797],[-51.07155930823419,-30.17956587544659],[-51.09128986020786,-30.19428360478017],[-51.09280763852703,-30.20115901109342],[-51.09975717192328,-30.20595465173766],[-51.0965620456664,-30.21075198417557],[-51.09184945222248,-30.21115140855379],[-51.09208880414744,-30.20587528271504],[-51.08689674733998,-30.20139852080543],[-51.07972365876949,-30.20747484866847],[-51.05478650578041,-30.21490552497969],[-51.03276168419421,-30.21178346006552],[-51.03651895676212,-30.20395002519871],[-51.02693382303089,-30.20810732849171],[-51.02255384423003,-30.20270275116136],[-51.01688276478486,-30.20724377693499],[-51.0231764753174,-30.21080660371313],[-51.02509294243529,-30.21904003354699],[-51.02942407183298,-30.2155446605983],[-51.03763491448075,-30.2248760574238],[-51.03901046509862,-30.23246803097642],[-51.0322696513059,-30.23408513406868],[-51.03294729293232,-30.23656182277225],[-51.03742964425302,-30.23916545882172],[-51.04126003397622,-30.23612680121263],[-51.04891936146518,-30.23788873619151],[-51.05008326980271,-30.24451513950267],[-51.04263916595364,-30.25051262724024],[-51.04927710060272,-30.26270183667827],[-51.06445396408818,-30.26797815031356],[-51.06835327119057,-30.26634741061834],[-51.06939282203464,-30.27112255657408],[-51.06485327163678,-30.27565258657147],[-51.05969580037787,-30.27596410948012],[-51.05185693380436,-30.2683625474426],[-51.03183153805231,-30.26310546820893],[-51.0262398495011,-30.25551127124838],[-51.01436144430059,-30.25599371592441],[-51.0131633842883,-30.25815188450748],[-51.01915436819979,-30.26118953814991],[-51.01675761578998,-30.26230882976515],[-51.00389738052866,-30.25735271894566],[-50.99455145746153,-30.24799958522778],[-50.99023814800406,-30.25255600650166],[-50.99575022067196,-30.25679243965685],[-50.99684904893857,-30.26725046622706],[-51.00521508952392,-30.27493930723501],[-51.00653428862515,-30.28522433260896],[-50.99189276814054,-30.29212623202636],[-50.99309039563634,-30.29797588184953],[-50.9830267195335,-30.30374670074346],[-50.99229197740628,-30.30483659972866],[-50.99193455408422,-30.31299484537987],[-50.99696943940811,-30.30845615282741],[-51.00006806049244,-30.30912810271777],[-51.00245783102193,-30.31558043752516],[-51.00478613380039,-30.31095708884719],[-51.01149150810179,-30.31246539506105],[-51.01444714680891,-30.31710145950897],[-51.01205016995328,-30.3229374902203],[-51.01444116517609,-30.33301202154012],[-51.01657187431827,-30.32474289523963],[-51.0209959925685,-30.32237776835013],[-51.01935679462739,-30.31379096110416],[-51.02216819015983,-30.3099153721232],[-51.02665020787214,-30.32191913300306],[-51.02430180524677,-30.326489283034],[-51.0282952085795,-30.32816448728504],[-51.02624722112641,-30.33586983655768],[-51.02832433208028,-30.34122580820328],[-51.03604809523606,-30.33587743943319],[-51.03962255908998,-30.34212743965952],[-51.04465185553168,-30.34137743964324],[-51.05001196286129,-30.34414868007919],[-51.05162255829495,-30.34912743971656],[-51.05439282218556,-30.34862743962662],[-51.05812255900629,-30.35425854361124],[-51.05104996000799,-30.35689715498746],[-51.04397580445326,-30.35303028242263],[-51.04149992784026,-30.35542774466857],[-51.04612060505222,-30.3632182603206],[-51.03774545690496,-30.3629298425324],[-51.03510982317302,-30.36812623381647],[-51.04110056918923,-30.37276282734944],[-51.04780395518891,-30.37272094582332],[-51.04538842766843,-30.37815258640664],[-51.04828588853296,-30.38167529114785],[-51.05988330045404,-30.38509667831481],[-51.05308837872735,-30.39212255695216],[-51.04161254933075,-30.38936718541457],[-51.02783475451722,-30.3693686082234],[-51.02360187533808,-30.380999788788],[-51.01888993934615,-30.38211839918687],[-51.0186179200177,-30.37755224401637],[-51.01130053734749,-30.3753608386488],[-51.00872436738673,-30.36895408525608],[-51.01233673357402,-30.36189358742304],[-50.9977039079647,-30.35272548824189],[-50.99694774424549,-30.34513860533413],[-50.97468958978276,-30.32779043413246],[-50.96999205875878,-30.32807111518065],[-50.96523595025081,-30.32139596994077],[-50.93655094205598,-30.31043071718209],[-50.93856966702985,-30.3033019350827],[-50.93137641105521,-30.29543432609289],[-50.91928489303937,-30.29047771112347],[-50.92659280115262,-30.2892792833698],[-50.90304007687021,-30.27662774504111],[-50.89760704241042,-30.26570911143476],[-50.86121623779562,-30.24195192049251],[-50.86122394142296,-30.2359588815372],[-50.87028610463328,-30.2363223270919],[-50.8682007569728,-30.23317126457916],[-50.88565729465115,-30.21637680606107],[-50.88752528481695,-30.20794489142711],[-50.88328358924766,-30.20224436557515],[-50.89175452790786,-30.19969271443227],[-50.89766309448349,-30.19324051073609],[-50.89599935894484,-30.18874867541017],[-50.86251839907717,-30.18211467750627],[-50.84288741141766,-30.1898194721913],[-50.84013788037886,-30.19009971213522],[-50.83954183560775,-30.18316663195409],[-50.83003750160593,-30.18564462333405],[-50.80289086173281,-30.15310643355291],[-50.7759405729724,-30.12806913254951],[-50.76330082933314,-30.12338544189175],[-50.75730473225008,-30.11704947552529],[-50.75874542629286,-30.10507606386491],[-50.75522480931231,-30.10169187113902],[-50.74152923823193,-30.10702667497655],[-50.72587460573396,-30.1063876829808],[-50.71232973974148,-30.09436562834381],[-50.69443908776463,-30.08533299419961],[-50.6758475887026,-30.08101826964918],[-50.67366210261034,-30.08336975842692],[-50.66039782184664,-30.07077306179262],[-50.6438652395554,-30.06742026358503],[-50.64394493014911,-30.06142502231507],[-50.60896219736987,-30.03832456258868],[-50.58525679224261,-30.01444690551328],[-50.5767683715209,-30.0125113463392],[-50.56839805415122,-29.99903843042652],[-50.53879823521824,-29.97670518560677],[-50.51769898602973,-29.9561956574125],[-50.50528184041498,-29.94918028283167],[-50.50353070162246,-29.95224331437846],[-50.48077641139403,-29.95305139742242],[-50.48014523106176,-29.95008769791799],[-50.47220628944229,-29.94967285184642],[-50.4652830158876,-29.94397999049335],[-50.45601153743009,-29.93195515907233],[-50.45172308847308,-29.92151204288539],[-50.45315264022729,-29.91679134158666],[-50.47101980577233,-29.91378739384388],[-50.48187939022382,-29.91754026213398],[-50.50255696852591,-29.93253887380544],[-50.51900586385902,-29.93119069579441],[-50.53159228396554,-29.94118427383135],[-50.5426495685261,-29.94307333399056],[-50.55198287904264,-29.9394090356995],[-50.54895860898774,-29.9459461678294],[-50.56025086400311,-29.94973668437333],[-50.56647048074944,-29.94482365147667],[-50.57144625868414,-29.94958096552574],[-50.57175458962249,-29.94638681842157],[-50.57522656591538,-29.94611965570709],[-50.5860515239175,-29.95538760872961],[-50.59477090482261,-29.94816310476181],[-50.60046496565124,-29.96464228883717],[-50.61465693652865,-29.96792586401477],[-50.61582256444967,-29.96557425657494],[-50.61554148304198,-29.96839932231198],[-50.62435739509878,-29.97311662751729],[-50.62487607289103,-29.96602039251422],[-50.63217307409445,-29.96928125113687],[-50.63504098906473,-29.9754899047081],[-50.64728755845684,-29.97652844631887],[-50.65038746882853,-29.97938327670576],[-50.65015332852893,-29.99060218168982],[-50.6596631425363,-29.99598511458972],[-50.67502108369224,-29.99736364900112],[-50.68491777899698,-29.99265905140122],[-50.69497622068026,-29.9956152756664],[-50.69523751132883,-29.99223421126198],[-50.68600823060771,-29.98839120852144],[-50.68769342593852,-29.98083061811056],[-50.67857521031375,-29.98205688717655],[-50.67755604131038,-29.97966459505971],[-50.68413160793646,-29.97506677821133],[-50.69112953667673,-29.97575396465725],[-50.71579450490182,-29.98719533491487],[-50.71532858268656,-30.00885405378466],[-50.72371365156646,-30.01601459248237],[-50.73969986102365,-30.01694078191326],[-50.74438969149604,-30.02659303206561],[-50.75278224771603,-30.03196755988691],[-50.75828825941948,-30.04465651904255],[-50.777076299482,-30.04961545650471],[-50.78641540733673,-30.04983142135381],[-50.79040884706893,-30.04695393088911],[-50.79235731942135,-30.05554447745126],[-50.80447228291388,-30.05273331167655],[-50.82839622809944,-30.06954712400889],[-50.83554217546276,-30.07799235780047],[-50.84408887406651,-30.08031068024314],[-50.83857716335341,-30.0831883754593],[-50.85402409144636,-30.09438628761891],[-50.8511973255381,-30.09885557599729],[-50.84041409576164,-30.10277230271586],[-50.81410571932614,-30.10480957454048],[-50.83465715791159,-30.11044981072646],[-50.84520669219321,-30.10572951411714],[-50.86393330926875,-30.10872109452807],[-50.86538812861028,-30.11672821133236],[-50.86096711151828,-30.12000355775524],[-50.87011570375931,-30.12191479742703],[-50.87093289502129,-30.12627518299938],[-50.85811354009014,-30.12836790399923],[-50.85577352653313,-30.13238128917934],[-50.87307214439682,-30.13086883197562],[-50.88525950276807,-30.1389236631437],[-50.89034676560809,-30.13785496398505],[-50.89334853890401,-30.12820191497373],[-50.90008037931921,-30.12642962089092],[-50.92177011928732,-30.10457779269224],[-50.93051853168755,-30.10260007460746],[-50.94009078486596,-30.10483564327602],[-50.94814952855054,-30.11077906051153],[-50.95650255559377,-30.11825566351457],[-50.96160592985969,-30.12997058598438],[-50.96346801557251,-30.1259328385811],[-50.96091245138462,-30.11729986888463],[-50.95116998499962,-30.10532763479463],[-50.95743931376929,-30.10028054954333],[-50.95659868555045,-30.09239903087782],[-50.9679408562972,-30.09351796421784],[-50.97043943606695,-30.08978172577824],[-50.96522565167419,-30.08488511426657],[-50.97624815862913,-30.08424570127316],[-50.98467637491247,-30.09256239945751],[-50.98870885456794,-30.10790714353213],[-50.9917435017527,-30.09303849937909],[-50.98865343631307,-30.08392619554106],[-50.98278832658184,-30.07996968251673],[-50.98270819265758,-30.07373535023795],[-50.97575928864157,-30.07405468359593],[-50.97574018178206,-30.06817341182212],[-50.95372143521588,-30.06256964326823],[-50.93739067922093,-30.06536906421216],[-50.92880608142495,-30.0546584655414],[-50.92537209872454,-30.03855787982786],[-50.92944312383008,-29.99218012626876],[-50.89480572806812,-29.99347454393309],[-50.88269279737302,-29.98491766439781],[-50.87471281583164,-29.98463193885113],[-50.87271788794541,-29.97607512225387],[-50.86405903026176,-29.97555262978251],[-50.85876982466252,-29.97097409331995],[-50.84967099506628,-29.95231508194005],[-50.84164589714007,-29.95005661691367],[-50.8409164568871,-29.93642930176055],[-50.82334509597636,-29.94839361217992],[-50.80820913763634,-29.94355734399894],[-50.8110333049438,-29.94973942626319],[-50.80501113847485,-29.95012619820747],[-50.80529464474267,-29.94742487699284],[-50.79863401078438,-29.95006345837824],[-50.79477615827253,-29.95618821152863],[-50.80055850212999,-29.95648524048756],[-50.80328893758831,-29.96175317986284],[-50.7981350690805,-29.96680849481235],[-50.79083436732952,-29.96124314246153],[-50.77446964505763,-29.96294368312845],[-50.77564346276107,-29.95842631311056],[-50.77876421580893,-29.95854053002735],[-50.77792099429202,-29.95525121080542],[-50.77230008547639,-29.94979097792745],[-50.76758147768658,-29.95012182355824],[-50.77154454253773,-29.94125333462328],[-50.76418419583403,-29.93722728114845],[-50.75964221752773,-29.94396617127855],[-50.75059728757543,-29.94714592515832],[-50.75224132162322,-29.94918951463514],[-50.74502913824277,-29.94980269583174],[-50.74204576784724,-29.93719136514803],[-50.74476032670086,-29.93896200613524],[-50.74592523892787,-29.93197707046282],[-50.73849234020734,-29.9115205717368],[-50.74243740951716,-29.90453723107327],[-50.75211639288322,-29.90349072403332],[-50.75560631189806,-29.89557803580079],[-50.73621448316877,-29.89457957330518],[-50.73056050331191,-29.90019424125044],[-50.72552135785526,-29.89788181469882],[-50.72361183806748,-29.89084435144856],[-50.7350640517276,-29.88050836457979],[-50.73341602629088,-29.87556149533211],[-50.7219028765976,-29.88270335574517],[-50.72232462748077,-29.88585577385741],[-50.71076101685964,-29.89554375325449],[-50.70868489716483,-29.90157553565126],[-50.69524784121565,-29.90116218516421],[-50.69416251939499,-29.88866956632467],[-50.70412736971448,-29.88589489281603],[-50.7237941247006,-29.85995592916256],[-50.71073008884007,-29.86363134320315],[-50.70604027773017,-29.86043505751773],[-50.69569388520556,-29.8675866493294],[-50.69583388272428,-29.87089289116156],[-50.68719625784198,-29.86630138096386],[-50.68764850393547,-29.86392244150884],[-50.69273735072424,-29.86601478839622],[-50.6970727098232,-29.86042014413876],[-50.69723467997365,-29.85596015266819],[-50.6938565293728,-29.85348280207535],[-50.70303127382092,-29.83977982914216],[-50.70222814657382,-29.83285511556676],[-50.70635625302418,-29.82860615779352],[-50.70660452492768,-29.82290296707653],[-50.69835403524119,-29.82706691877495],[-50.69107203642669,-29.83726295837663],[-50.69341381154516,-29.84046951912929],[-50.6836528583322,-29.84121624493574],[-50.67413548692438,-29.86264848007881],[-50.65505227318663,-29.86739959558322],[-50.65235384755436,-29.8714291027646],[-50.64735285513983,-29.86997603093605],[-50.65100426216455,-29.86581134242914],[-50.64786269966191,-29.86358859108947],[-50.64195599448167,-29.86787377746986],[-50.64031195521177,-29.8631331777531],[-50.63616797256933,-29.86335875814503],[-50.63414408939373,-29.85968428574038],[-50.62546989815316,-29.86114783413306],[-50.62807710382587,-29.85406876446658],[-50.631089322024,-29.85515061502538],[-50.62910849203468,-29.84697311538957],[-50.61733545163982,-29.8525625814278],[-50.60403661227889,-29.84745786871394],[-50.60472917263648,-29.84946778327641],[-50.60058506453067,-29.84825399865779],[-50.59586602353411,-29.85335224386517],[-50.60014136798574,-29.85537969952696],[-50.59734921784325,-29.86403766626232],[-50.60195712823254,-29.8696075989161],[-50.59889268215326,-29.87478059247234],[-50.58313904319647,-29.87355454400063],[-50.58911163406194,-29.87012068724918],[-50.58705533102175,-29.86614596571485],[-50.58106695699198,-29.8661251351155],[-50.58210685825846,-29.86046816162685],[-50.58649077711973,-29.86473700455699],[-50.58108261768449,-29.85635013861206],[-50.57355591191351,-29.86408447048749],[-50.57056186637718,-29.87703978150001],[-50.56004718902019,-29.8813137608714],[-50.55680946101079,-29.87893246831397],[-50.56286287488372,-29.86624630009876],[-50.56263851488605,-29.86021461590816],[-50.54233314627884,-29.84600748459184],[-50.54276478482565,-29.83976333742491],[-50.55388595726983,-29.82640251096889],[-50.54992290634861,-29.81895064402561],[-50.55778476270859,-29.81551699771813],[-50.55178134858424,-29.81308502799839],[-50.5510660361178,-29.8070776403065],[-50.54749304909585,-29.80507408206241],[-50.54506265802983,-29.80693431731034],[-50.5457464322631,-29.81654984778797],[-50.53834451848071,-29.81308568430575],[-50.54011731126234,-29.8256004335636],[-50.53650275335265,-29.84054883649227],[-50.5256956303843,-29.84054496349398],[-50.52085704127322,-29.84897329673819],[-50.5164276190692,-29.8402662699171],[-50.51645217511837,-29.84540433388272],[-50.51127107130879,-29.84520348460587],[-50.51208924629449,-29.83794144383832],[-50.50843583737749,-29.83604649431071],[-50.50862337582218,-29.84422297570673],[-50.50390617060074,-29.84740651880876],[-50.50625784600584,-29.85068037287702],[-50.52316486955006,-29.85089677867818],[-50.52101632803937,-29.86244204045363],[-50.53708205864672,-29.86663036325981],[-50.53832999569579,-29.87387804285684],[-50.53124186171998,-29.87739097480821],[-50.51651645760003,-29.87610348739954],[-50.5008092394861,-29.8797201818741],[-50.4878492932064,-29.89240779116536],[-50.47600495052065,-29.8978028986233],[-50.45975570520218,-29.88758016578575],[-50.45693885065566,-29.87804030725874],[-50.44569407664138,-29.8811611304392],[-50.42922263097903,-29.87800878152743],[-50.41330160350661,-29.86780734376764],[-50.40439217501189,-29.87003793544648],[-50.40134248075767,-29.87745076198226],[-50.38231262776707,-29.89043867954555],[-50.35717995567469,-29.89232541606587],[-50.34591036426229,-29.89721808345217],[-50.29463143105135,-29.89484247429955],[-50.26369472080168,-29.87870071329213],[-50.25058232968194,-29.86254582860811],[-50.24692171709864,-29.84000368012121],[-50.25018024937052,-29.82507992147219],[-50.24452523296537,-29.81457342766162],[-50.23701019641736,-29.81579520032984],[-50.23424096631153,-29.80232592592864],[-50.21612426715145,-29.79863403139207],[-50.20977197304174,-29.7931940900483],[-50.21234667978696,-29.78876940766295],[-50.22487011749636,-29.78790698071231],[-50.21315698261444,-29.77837975908521],[-50.20512255819711,-29.7811499011492],[-50.20412011745459,-29.7766202378413],[-50.2133701172175,-29.77193871869976],[-50.21301797958498,-29.76405561143569],[-50.21971800763125,-29.75871158638325],[-50.20898879545122,-29.74593076609379],[-50.20240487397728,-29.74733333175864],[-50.19886123713898,-29.76191188475295],[-50.1871052497536,-29.77918414064756],[-50.17782940439459,-29.78536766213226],[-50.17305322281606,-29.79482482737027],[-50.15430107508576,-29.79485434264203],[-50.16305761877737,-29.77644083722516],[-50.17224397579164,-29.77276774700384],[-50.16774468694612,-29.76330292172572],[-50.16784330333933,-29.74899240482203],[-50.16359539522461,-29.74426124940198],[-50.149973633549,-29.74906182964969],[-50.14404394488722,-29.74556115595119],[-50.13584374079552,-29.7485688289847],[-50.13205564067907,-29.73186091317741],[-50.13684409087652,-29.72571820894998],[-50.13886352537788,-29.71425951960732],[-50.13280590851919,-29.70417748818167],[-50.13212158154472,-29.69307922208311],[-50.12438647478263,-29.68732031054551],[-50.15001404776843,-29.69502653476706],[-50.15625259850529,-29.6915345645748],[-50.13990405264497,-29.67587658553171],[-50.13303149408276,-29.66305981315416],[-50.11437011741849,-29.65162975906347],[-50.10885689587391,-29.64438403312131],[-50.10807777764492,-29.63627363142734],[-50.11501952328879,-29.62760454759865],[-50.11049930944024,-29.6191248653099],[-50.11227677259577,-29.61055570531511],[-50.1188255279003,-29.60790083411705],[-50.12059739191931,-29.59982162726311],[-50.10341602532642,-29.59305231745931],[-50.1002579730295,-29.59012184291354],[-50.09983973998607,-29.58104075643583],[-50.07961753586557,-29.58491483229947],[-50.0790214557067,-29.57837318620396],[-50.09086686522253,-29.5650973538703],[-50.08272923170001,-29.55224145473455],[-50.07538037290477,-29.55739640743138],[-50.0719316836971,-29.55461745059105],[-50.07549261765602,-29.5514992390284],[-50.06265421636037,-29.5536808904681],[-50.05401702479498,-29.54571469014904],[-50.05526243352111,-29.53768414475343],[-50.04637571778184,-29.5408229173431],[-50.04049968965322,-29.53550065816619],[-50.02875401655415,-29.53559869019241],[-50.01571227609267,-29.52980347469174],[-50.00542882821547,-29.53515872624979],[-50.00590091564234,-29.52714279816388],[-49.99198257744172,-29.5175226655381],[-49.98043350359514,-29.50251537577825],[-49.9793228101815,-29.49668954484904],[-50.00264453783493,-29.48497908061502],[-49.9750661427435,-29.48531071138222],[-49.96692118339964,-29.48052102767856],[-49.95378264242269,-29.46544777636294],[-49.9341723584932,-29.4599197491658],[-49.9310550565532,-29.45394931191993],[-49.9238801684319,-29.45097576897307],[-49.92316620258035,-29.44008735890081],[-49.91773403078862,-29.43475382971751],[-49.91819017437498,-29.42364139912597],[-49.9228185217764,-29.41827526145568],[-49.91776699684589,-29.41370931277312],[-49.91648555585453,-29.40431566690307],[-49.90517740361662,-29.39298258953428],[-49.91265012039315,-29.38894878320795],[-49.9203918430829,-29.39187330694893],[-49.91641369535787,-29.38444528829015],[-49.91785001445388,-29.37641237984291],[-49.9132587323743,-29.37465256206402],[-49.91361272975043,-29.36051822943329],[-49.92312543128951,-29.3548318484275],[-49.92686886625791,-29.33159426619122],[-49.91900442267224,-29.32280021720051],[-49.90972149279133,-29.32013887254415],[-49.91184952694105,-29.31857876557732],[-49.90355781419978,-29.30587587902387],[-49.904463691673,-29.29512793620628],[-49.89862017286614,-29.28923891213169],[-49.89480270335063,-29.28930304439879],[-49.89151656490113,-29.27447950871375],[-49.87802114577037,-29.26645039293047],[-49.87033240911926,-29.27306297842791],[-49.85943062791784,-29.2768310261398],[-49.85784263978336,-29.28227962170672],[-49.86423758540822,-29.29425458417525],[-49.85646098065376,-29.29608647851826],[-49.85764772583259,-29.29976780145243],[-49.86362907413001,-29.29992900501827],[-49.85535976617714,-29.31045794280704],[-49.86187308069206,-29.33341059670367],[-49.8663551112065,-29.33337844118702],[-49.87956992428875,-29.35539378821863],[-49.88595274898991,-29.35684091919425],[-49.88849963278201,-29.36150019525292],[-49.88507190932391,-29.36788810912367],[-49.88066662959488,-29.36452305103644],[-49.87419975499155,-29.36637796797178],[-49.87765480673389,-29.37162669027651],[-49.86833950023263,-29.37473903447241],[-49.86850186299091,-29.37726772811121],[-49.87436407881768,-29.37783109303416],[-49.86641178101868,-29.39197187921848],[-49.84372769284344,-29.39250245499704],[-49.84207794045852,-29.38552283140134],[-49.8535129598672,-29.37801260508147],[-49.847938461712,-29.37400742168577],[-49.85865905593111,-29.37150388841323],[-49.85068986536318,-29.36905725376088],[-49.85232671137189,-29.37113335447549],[-49.84733354409944,-29.37276192887072],[-49.84033686813571,-29.36635615555233],[-49.84241770739732,-29.35928305175623],[-49.84044307776819,-29.35645819677804],[-49.8311327018852,-29.35777312818753],[-49.82901930640633,-29.34303584506453],[-49.81993747161143,-29.33922166620501],[-49.81635105059232,-29.34248466044904],[-49.80900201104813,-29.34219975943682],[-49.80250173721224,-29.33445336608288],[-49.79543068677346,-29.33219279789057],[-49.79526547398657,-29.3279643510617],[-49.79869663340647,-29.32767871674162],[-49.79625471364836,-29.32026127589885],[-49.80378533364479,-29.32204314262445],[-49.80442850918715,-29.31932507314005],[-49.79203380441443,-29.3129804236581],[-49.7913925587888,-29.30924841134894],[-49.7974142908827,-29.31007086648888],[-49.79937810151318,-29.30512497662584],[-49.80165119803921,-29.31207212989428],[-49.80649330498059,-29.31553302158311],[-49.81684298982945,-29.31492641504551],[-49.81346457117058,-29.30600441619509],[-49.81381256375371,-29.2978792356489],[-49.81697664862344,-29.29576847085766],[-49.81011797476277,-29.29267991464449],[-49.8057706993228,-29.29478794949292],[-49.80662076996614,-29.3012260087702],[-49.8024085667488,-29.30061291967003],[-49.79858028479173,-29.30419423911575],[-49.79644376343669,-29.29898662092659],[-49.79611955762482,-29.30497562731993],[-49.79189375840676,-29.30712822272545],[-49.78993096282883,-29.29905065159789],[-49.78467498382172,-29.29868838335289],[-49.78658148568023,-29.28779946729264],[-49.79196606093961,-29.28566497921853],[-49.79563488855286,-29.28945090725727],[-49.80989919756783,-29.2868036359988],[-49.81213157643586,-29.28368319440129],[-49.81687651630575,-29.2858280819142],[-49.82916337851479,-29.27598122422646],[-49.83682426269806,-29.2747739570613],[-49.8386196764837,-29.27925891154079],[-49.84068013541103,-29.27649312806071],[-49.84350822550518,-29.27784201814552],[-49.84792345500335,-29.27266520121028],[-49.84302249296224,-29.27189846055331],[-49.84500360728453,-29.26840804375352],[-49.84172830116579,-29.26053064556908],[-49.8550721375178,-29.25685598981156],[-49.85141823552259,-29.24924144209528],[-49.85612439411167,-29.25460334867717],[-49.86122267375379,-29.24472941785345],[-49.86933578879391,-29.24873760208371],[-49.86880763309107,-29.24371195809496],[-49.8625172798704,-29.24106779555438],[-49.86325973310095,-29.23245609327854],[-49.86025998700851,-29.23095185992814],[-49.86923544641579,-29.22443882390045],[-49.87748840471048,-29.22503755531761],[-49.88082036427434,-29.2203978493859],[-49.90300722623206,-29.21487733729934],[-49.91286602551187,-29.20794281677476],[-49.93523463428106,-29.20831509001599],[-49.94552274774332,-29.20144867198483],[-49.96476637461023,-29.19934397729656],[-49.97055502056125,-29.20296703659932],[-49.96928188550701,-29.21178010397306],[-49.99658523354951,-29.22826226329639],[-50.00993222046336,-29.225409539574],[-50.03482557244897,-29.23280891210943],[-50.03654670797422,-29.23784623989163],[-50.04178743203263,-29.24042568100856],[-50.0629722614723,-29.24214653161846],[-50.06534009262241,-29.24958038685806],[-50.06847998459077,-29.24540884591996],[-50.0878739985454,-29.25401487186641],[-50.09473502034098,-29.25138162547958],[-50.1013705230319,-29.2558626679041],[-50.10764868328842,-29.25349912695473],[-50.10747031534863,-29.25733852029659],[-50.11432417477575,-29.25761778247212],[-50.11548269305757,-29.26228044696189],[-50.10917945338145,-29.2796750166247],[-50.10075597832702,-29.28392379109551],[-50.099591704696,-29.28840117836171],[-50.09198761784956,-29.29392681035246],[-50.09244832892958,-29.2975790389392],[-50.07203652376145,-29.31031378588455],[-50.06413660682837,-29.31083540283596],[-50.05121500114721,-29.32411127322876],[-50.05006878947707,-29.33192249488058],[-50.03369706986471,-29.34984653292657],[-50.04100273501831,-29.35506588704604],[-50.03813103164348,-29.34817429650807],[-50.04677577455561,-29.34035856389538],[-50.05094696363658,-29.33905576549398],[-50.0594681668234,-29.34421709534765],[-50.05621913286743,-29.33896405501898],[-50.06874582719074,-29.34260660710452],[-50.06616502950401,-29.33906506105046],[-50.06048843103554,-29.33853924089592],[-50.06020435982809,-29.33534815857576],[-50.06648140941599,-29.33550957884297],[-50.05815095553928,-29.32925798835597],[-50.07446798507303,-29.32819706124176],[-50.06577266526313,-29.32191759691791],[-50.07361691301546,-29.32477388927263],[-50.07282349781432,-29.32038912219026],[-50.08134239268296,-29.32101524640644],[-50.08774595282491,-29.32432275303024],[-50.08375727814703,-29.31392993943392],[-50.11249399541288,-29.30575223318426],[-50.10523117844364,-29.29936281535026],[-50.11997069715794,-29.29678059314306],[-50.11711099671789,-29.29180434760329],[-50.12370301412614,-29.28716814400994],[-50.1230092175892,-29.28197250653529],[-50.12721746247289,-29.28142533716855],[-50.13012437463307,-29.28575695189583],[-50.12873636980836,-29.3035542498545],[-50.13406697967837,-29.30216252053559],[-50.13293766094134,-29.29948007930474],[-50.13593224275492,-29.2997686269642],[-50.13900956314959,-29.29095018436612],[-50.14493278005292,-29.29359430451559],[-50.14036953034535,-29.28969974628289],[-50.1437339974869,-29.28425211385526],[-50.1396364499677,-29.28195477476414],[-50.14364706347341,-29.28048945583646],[-50.15048204212772,-29.2853039966268],[-50.14345843938111,-29.27581765761757],[-50.14513689784809,-29.26745961247844],[-50.13982632009989,-29.26650030759619],[-50.14618711285097,-29.26174069552659],[-50.14588773412215,-29.25831819900316],[-50.13875310750728,-29.25352459607901],[-50.15002361701703,-29.25415020851906],[-50.15158014296698,-29.24810949059883],[-50.16124594243474,-29.25479308664856],[-50.16210562861166,-29.2524765667734],[-50.15522866056386,-29.24768751356641],[-50.17750912382671,-29.24852129106543],[-50.15185891955608,-29.24322257052255],[-50.14068321130601,-29.23778335987386],[-50.14071401070635,-29.22840949291784],[-50.15123255147128,-29.23015521632029],[-50.15048526649288,-29.22618055942387],[-50.14497340363955,-29.22389955529116],[-50.15066892142897,-29.22457272628455],[-50.14343683953194,-29.21691742961955],[-50.13473655421026,-29.21507171958179],[-50.13705892668877,-29.21206965406951],[-50.13396789750075,-29.20790735008043],[-50.1402538755616,-29.20686410804218],[-50.14276435495034,-29.20142307347371],[-50.16154764383958,-29.20394193186008],[-50.14481929169816,-29.19746433636653],[-50.13964692131195,-29.1922198023124],[-50.13650244314477,-29.19848045115011],[-50.13018470547992,-29.19831508732121],[-50.13006641505692,-29.19599925912405],[-50.12036784558896,-29.19774000056845],[-50.12746214347504,-29.20070275046867],[-50.11281601328918,-29.20522092109042],[-50.11552365254716,-29.20882108498428],[-50.09327532230861,-29.21278078475356],[-50.10169009628698,-29.22547487731353],[-50.11244557860205,-29.22373309246723],[-50.1111380980755,-29.2288439703775],[-50.10601778808877,-29.22941491679756],[-50.11269115557784,-29.24000683940669],[-50.09355195245447,-29.2236787188637],[-50.09240988997505,-29.22676241810367],[-50.09856906116416,-29.23553418901338],[-50.09515663811354,-29.23731420295228],[-50.08413783002426,-29.22712369782151],[-50.08899759505697,-29.22354659419912],[-50.08376651182829,-29.2153817815141],[-50.05166973785501,-29.21440454317754],[-50.04699793597422,-29.21718419057586],[-50.05271703485138,-29.2130902100773],[-50.07571025533021,-29.21586349703275],[-50.08398003177912,-29.2138364286],[-50.09134616537155,-29.21979546320516],[-50.08476798626256,-29.19827536341074],[-50.09035945972056,-29.20127968063476],[-50.09690181503789,-29.20029177997489],[-50.08500675066435,-29.19292343684289],[-50.08878815525637,-29.19150890695038],[-50.09200032947056,-29.19492425132135],[-50.08640214156995,-29.18873616409026],[-50.09123092826134,-29.18735802860299],[-50.08763183386073,-29.18374950184814],[-50.09118122357086,-29.17980308749373],[-50.09838301704627,-29.18109521524969],[-50.09331581133984,-29.17751499612004],[-50.09761835711507,-29.1745539166434],[-50.09632047761459,-29.1717861888012],[-50.10002909085934,-29.17356825016171],[-50.09632215059255,-29.16619626530835],[-50.10193540279777,-29.16435875798518],[-50.09966497422764,-29.15980965184127],[-50.086286534139,-29.16005649986269],[-50.0798216825528,-29.15536477073579],[-50.06260382336206,-29.15536670331057],[-50.06795853957462,-29.15746198096585],[-50.06176755550889,-29.16004776752949],[-50.05715513510584,-29.15794895675549],[-50.06093269100285,-29.16136547715371],[-50.078321626737,-29.1576464280356],[-50.07667923296542,-29.15935994048447],[-50.09342269226354,-29.16791017253055],[-50.09328842641095,-29.1710256663039],[-50.08432658197755,-29.17068466717143],[-50.09007350932609,-29.17509236491863],[-50.07801636111281,-29.17531575580029],[-50.08555551710651,-29.17898574785642],[-50.08106495605096,-29.18224195390947],[-50.07447916403903,-29.18081390174842],[-50.07867656795383,-29.18482949500682],[-50.07532253266144,-29.18835624834004],[-50.0597267397293,-29.17524568716892],[-50.06787350609476,-29.19549301520997],[-50.06284472846706,-29.18591544341128],[-50.05060781670918,-29.17968328796711],[-50.05183141555467,-29.1848464331285],[-50.04336676945753,-29.18373440377397],[-50.03339354958039,-29.17528235444524],[-50.02978285295204,-29.17972131429796],[-50.01747988926571,-29.1818219950588],[-50.01515853668087,-29.18673972752807],[-50.01293179860773,-29.1803859149013],[-50.01979763457425,-29.17973859733421],[-50.02179277565203,-29.1778802060848],[-50.01881049373588,-29.1744788447982],[-50.02875065945295,-29.17187175761397],[-50.02354381672513,-29.16659196173932],[-50.02702069169305,-29.1641918183117],[-50.02329773592985,-29.16390979027134],[-50.02129251830292,-29.16814408098496],[-50.01780355638761,-29.1636082573612],[-50.02106192773424,-29.15100345540464],[-50.00954358767267,-29.15734132720943],[-50.01067854014812,-29.14985267230069],[-50.00587721472153,-29.15041385335935],[-50.00912680089255,-29.14495800846193],[-50.00491220211059,-29.14063713504918],[-50.00954842464104,-29.1393670855532],[-50.00667594333056,-29.1355212596265],[-50.01318810417482,-29.13075950794895],[-50.01341852561684,-29.12681958898782],[-50.00461634225326,-29.1200877774255],[-50.00831574796167,-29.12779700353057],[-50.00165739981711,-29.12713823042534],[-49.99680210179337,-29.13150227642206],[-49.99012856782059,-29.12901877217523],[-49.99126505075495,-29.1368752252234],[-49.98174133248958,-29.13907800134239],[-49.97776318158981,-29.13590775789342],[-49.98431786791662,-29.13670823001339],[-49.98647644453704,-29.12637513248273],[-49.99260464929803,-29.11766491703842],[-49.98344110078806,-29.11653716044122],[-49.98168439085855,-29.11911254787958],[-49.97742960357937,-29.1160325319703],[-49.97782012715849,-29.11890444607748],[-49.96893246887205,-29.11602489887855],[-49.96922157396395,-29.12083830658123],[-49.96260249071467,-29.11748123146084],[-49.96827736301282,-29.11477693906261],[-49.97023190650469,-29.10456276536138],[-49.96975994035247,-29.10057316087743],[-49.96299577033935,-29.09981746014216],[-49.96676272168904,-29.09613051463018],[-49.96825945876395,-29.08422048532065],[-49.9652335258844,-29.08195101735096],[-49.95615513507144,-29.08492497300963],[-49.95477284055733,-29.07625783435818],[-49.96033441023517,-29.07067519060989],[-49.95597390659361,-29.06775761346317],[-49.94879888342708,-29.06877913128494],[-49.95247426001073,-29.06552948628707],[-49.95174397719666,-29.06195487620891],[-49.94325984348754,-29.0635407305801],[-49.94506807910163,-29.06122793804429],[-49.94213258404217,-29.0582178924472],[-49.94618895588268,-29.05636142341616],[-49.9471423065518,-29.0596616039317],[-49.95694254880949,-29.06293737549036],[-49.95745566568909,-29.06656506975665],[-49.96383051446239,-29.06546016491766],[-49.9698235684836,-29.06914747479151],[-49.96808278687561,-29.06518607262556],[-49.98827269252186,-29.06884496797362],[-49.98490407157087,-29.0702353113683],[-49.98602321655932,-29.07279761346975],[-49.9939926585603,-29.06960989554985],[-50.00441304554073,-29.07238159149965],[-49.9934595808388,-29.06434877920541],[-49.97204836644436,-29.0562441870802],[-49.96975978435108,-29.05151087494121],[-49.96099868298345,-29.05080755322556],[-49.96116545928681,-29.04376560250049],[-49.95534639828405,-29.04110224135867],[-49.95628632752493,-29.03518960247935],[-49.94693847334531,-29.03183078741666],[-49.94755104428329,-29.02600860940375],[-49.94070227021707,-29.02232529755414],[-49.94677317668595,-29.02111261793301],[-49.94980665228902,-29.02459422985535],[-49.95046980095906,-29.02068105601464],[-49.96468497248872,-29.02369709925522],[-49.96599112131948,-29.02174629236689],[-49.95585705228719,-29.01156249597573],[-49.95915467954213,-29.01048123304482],[-49.94655801144154,-28.99302265745889],[-49.94297067837513,-28.99427650087542],[-49.94243051483851,-29.00120937639636],[-49.94046347517367,-28.99175248139136],[-49.94465297415758,-28.98916102142336],[-49.94168004463641,-28.98143372689021],[-49.93679840339087,-28.97908296392961],[-49.93442308651836,-28.9856864495226],[-49.93109596170902,-28.98049318694348],[-49.92649183923611,-28.97953224082627],[-49.92404060769699,-28.9830489193633],[-49.92024157418336,-28.97876708062597],[-49.93094709847399,-28.97594992651048],[-49.93190409709384,-28.96315754083664],[-49.93365669903612,-28.96582163905091],[-49.9580268395599,-28.96255148959439],[-49.9546998736604,-28.95213611474678],[-49.95978913895233,-28.93558901777165],[-49.95432603274097,-28.92898393343224],[-49.94956930515163,-28.9356487452066],[-49.95042561724573,-28.92852752688421],[-49.95332269154656,-28.92552778305103],[-49.9650864964573,-28.92552787544456],[-49.96872521145256,-28.92205210027988],[-49.96317958929151,-28.91891885144494],[-49.9583006314577,-28.90242099562603],[-49.949595984895,-28.89796719177793],[-49.95042519966515,-28.88692871929164],[-49.93210813195504,-28.87220286799047],[-49.93834877645668,-28.87262039938971],[-49.95234450713554,-28.88074415241543],[-49.95392290397339,-28.87744193943997],[-49.94948858085596,-28.87571418813295],[-49.95153172400536,-28.87039185825362],[-49.96713522818795,-28.87669247108355],[-49.96989354989483,-28.87530733216949],[-49.9673306572704,-28.86792958002873],[-49.95600607729428,-28.85883479923249],[-49.96239049268231,-28.85241663048059],[-49.95781830835812,-28.82910134559012],[-49.9642547578494,-28.82905963863477],[-49.96614413787205,-28.82132791494904],[-49.96172472765087,-28.80670546830302],[-49.96270241323955,-28.79911043710478],[-49.95055842800091,-28.80211646764212],[-49.95861124530257,-28.79283804624218],[-49.95699431222454,-28.78361071908809],[-49.9620919918438,-28.77936328859509],[-49.95853287655746,-28.77610531484655],[-49.96133285102775,-28.77218040752211],[-49.95111011226284,-28.76666337161265],[-49.9534308758372,-28.75801398062869],[-49.94879137805057,-28.75673633731381],[-49.94954278649948,-28.75241667017874],[-49.9435394397249,-28.7522243118906],[-49.93623865626515,-28.7568631878176],[-49.92759327615627,-28.75376702299778],[-49.92882109343712,-28.74970466661165],[-49.9217437155314,-28.74554258553882],[-49.93112312374288,-28.73837910611212],[-49.92885478950001,-28.73287411097661],[-49.93467784681642,-28.72567649550245],[-49.92604066016158,-28.71831280956185],[-49.91663696688812,-28.7173785928136],[-49.90494573698384,-28.70761344482633],[-49.91365729600795,-28.72447720235476],[-49.90486084236633,-28.71847843831672],[-49.89753613502062,-28.72130927665666],[-49.8965530645609,-28.72597910391977],[-49.88255408777468,-28.71738751716177],[-49.88106349389661,-28.72228787183274],[-49.89105775011542,-28.73820811001214],[-49.89573091305272,-28.73927136813855],[-49.88658455952029,-28.73959614242902],[-49.88838264481814,-28.74666511925042],[-49.87479312842021,-28.74463196286079],[-49.88009867086723,-28.74128944463968],[-49.87821956866304,-28.73675572778717],[-49.88331874973109,-28.73769902992685],[-49.86801984482186,-28.72195851635558],[-49.875034390811,-28.72253392213099],[-49.86896232849185,-28.71604386946015],[-49.87291888598404,-28.7163629193794],[-49.86874393458995,-28.7096560778988],[-49.87180592682247,-28.70298692594561],[-49.86320472091668,-28.70029760397923],[-49.86370105686981,-28.70293119482849],[-49.85211454477482,-28.70388803547622],[-49.85299943748997,-28.70617240947504],[-49.84761430551732,-28.70379021360792],[-49.84738954179053,-28.70914768249389],[-49.84337935479281,-28.70838565482067],[-49.84470007308328,-28.71400489388718],[-49.84203612273964,-28.71416862780784],[-49.8363507070866,-28.70833398829226],[-49.8425669529014,-28.70730073124781],[-49.83486653395316,-28.6939264970561],[-49.821935495622,-28.69322089153771],[-49.81349863510173,-28.68704552335737],[-49.83801059449924,-28.69002617144],[-49.83653856453299,-28.68633239679835],[-49.84029858613572,-28.68587385722295],[-49.83638221310719,-28.67891438437865],[-49.84132627254262,-28.67685971395885],[-49.8381735839606,-28.6716646098713],[-49.83917666158848,-28.66654177093832],[-49.82923179179352,-28.66833125225351],[-49.8245789473894,-28.66574433120535],[-49.82332696069962,-28.65916980024294],[-49.81550536144335,-28.65799366423414],[-49.81009786850743,-28.65196209099303],[-49.82274828827577,-28.65454223692291],[-49.81328531023657,-28.64755678984366],[-49.81650510009658,-28.6471896429298],[-49.81539462049427,-28.64294203915672],[-49.81900217604254,-28.64287200503306],[-49.81661651269201,-28.63814426079071],[-49.80880721822731,-28.63533940964692],[-49.8079800435726,-28.62877812986633],[-49.79819234717917,-28.62401623559121],[-49.79533875187148,-28.61516601294213],[-49.78382798623101,-28.60990755940269],[-49.78130243552377,-28.6120519440662],[-49.78434370106732,-28.62437952607644],[-49.77890392787461,-28.62948024523753],[-49.77201125216293,-28.62746975303759],[-49.76541145837128,-28.61932291156824],[-49.75736355546008,-28.61541385581028],[-49.75503189635168,-28.62338860440177],[-49.75699440458973,-28.62732962049962],[-49.74895787067073,-28.62902248513191],[-49.74499004084872,-28.6243200010199],[-49.72342446728339,-28.62617144211036],[-49.71594684780212,-28.62379249522714],[-49.70548441179917,-28.63034871438495],[-49.69366507903236,-28.62555383916159],[-49.69135178834721,-28.62089139764453],[-49.69849682858376,-28.60666762106516],[-49.71019467329248,-28.60434455185044],[-49.70858132957181,-28.59669287290689],[-49.71287721263754,-28.59353836200548],[-49.70796833576023,-28.58222719706583],[-49.71253544743053,-28.57680055380343],[-49.71230789323803,-28.57225369079612],[-49.72063297778298,-28.5769026122514],[-49.72597762825433,-28.5695038838875],[-49.73090122879932,-28.55118296731781],[-49.73768092679639,-28.55064703408019],[-49.73910460300336,-28.54734006163116],[-49.74605621879949,-28.54977575182551],[-49.74918055625214,-28.54647002928726],[-49.74672010848168,-28.53539113086394],[-49.72656650236042,-28.51830099626463],[-49.73623369155781,-28.51334580184345],[-49.73881799141407,-28.50850992334138],[-49.74655915394757,-28.50682500698275],[-49.73926648556226,-28.50033472848098],[-49.7429845401418,-28.49524862557747],[-49.74826153839795,-28.49397253385159],[-49.7639017044328,-28.50137382386389],[-49.77083168148096,-28.49432928048079],[-49.76973307689956,-28.48763753100554],[-49.76489121424338,-28.48346072697296],[-49.76756742645669,-28.47657770424761],[-49.76427337197179,-28.46210231795308],[-49.7661494586491,-28.45904830428791],[-49.77208028333222,-28.46336121394927],[-49.77320760275119,-28.46822630931262],[-49.78126152006175,-28.4723551574939],[-49.77804533872348,-28.47725597030729],[-49.78608600999866,-28.4881424003872],[-49.78058045802914,-28.4950596141418],[-49.78225139531185,-28.49665636887471],[-49.79092625783567,-28.49642021863765],[-49.79521171817626,-28.48893948164976],[-49.80256911085869,-28.48572496423229],[-49.80878284766681,-28.4692245362393],[-49.81261108004363,-28.46789129400112],[-49.81726550023887,-28.46986878494314],[-49.81648095761955,-28.478558965191],[-49.81098017351281,-28.48431355503026],[-49.81829977146604,-28.48366606659037],[-49.82604225922305,-28.47844824920849],[-49.82871384446841,-28.48525018010927],[-49.8407893714994,-28.49643835317159],[-49.84538042508528,-28.49309682801607],[-49.84101129273057,-28.48559806196982],[-49.8666498458027,-28.48863230985528],[-49.8693925767738,-28.48178482908352],[-49.86293216019099,-28.47202420486326],[-49.86357291807779,-28.46284596320633],[-49.87775004147293,-28.45515653578624],[-49.87193697742531,-28.45083653358857],[-49.85819911980211,-28.44933112336189],[-49.85498959396616,-28.44401290620409],[-49.87169215577335,-28.44164238011722],[-49.88362738644303,-28.44761863748671],[-49.89290953165457,-28.44029995800768],[-49.89840613211663,-28.44509602981161],[-49.88884574338504,-28.45942032726978],[-49.90164906431572,-28.4648422433952],[-49.92851377579736,-28.45122353445115],[-49.93854666281664,-28.45862421661124],[-49.92982033719726,-28.46546003061638],[-49.92844365108614,-28.47140956155803],[-49.94439283982955,-28.48274118687014],[-49.95135138872875,-28.46693059722965],[-49.95250537256102,-28.45033675894924],[-49.95912545902026,-28.44990282000264],[-49.96722593212324,-28.45591272752734],[-49.97077288389855,-28.4402106950363],[-49.97535477374323,-28.43904694907082],[-49.98863955151213,-28.44525284012014],[-49.98635677691409,-28.45475274284525],[-49.98939305125335,-28.45715465048264],[-50.0024521641053,-28.45803299029851],[-50.01387636528451,-28.45077551124521],[-50.0190042099338,-28.45141970441042],[-50.02391851383872,-28.45936441263403],[-50.02582318405473,-28.47308336446126],[-50.03859668649641,-28.47971301038531],[-50.05793155946265,-28.47582150530864],[-50.07281840981013,-28.48080723546848],[-50.08633792789406,-28.47268520283552],[-50.10099548075152,-28.48633208931094],[-50.10691541474032,-28.47335127843522],[-50.12328278530494,-28.47636032940466],[-50.12618679212061,-28.47452813741866],[-50.12683851350705,-28.46337188218943],[-50.1149206165056,-28.45380696427107],[-50.11135760304656,-28.44447046127462],[-50.11579170651296,-28.43709303304142],[-50.12831127385705,-28.42890811978262],[-50.13035150290247,-28.43094403143617],[-50.12693369333457,-28.43972974938569],[-50.14627786127892,-28.44799274943456],[-50.14826235714715,-28.46092753158423],[-50.1605266697123,-28.45951923585907],[-50.15915165890329,-28.46470289834421],[-50.14557252340944,-28.4775672131109],[-50.13925679351875,-28.49395338191616],[-50.1563447857723,-28.49791383703572],[-50.16262296757252,-28.49532085940106],[-50.16352284837342,-28.4750578130903],[-50.178007407187,-28.45225338758183],[-50.18831107737569,-28.45349060288227],[-50.20323730980643,-28.44358834745648],[-50.2158442897048,-28.46031660859378],[-50.22264868091587,-28.46327212528711],[-50.23570862379972,-28.45702909116025],[-50.24222008850086,-28.4324585984541],[-50.24680023262607,-28.42827051687816],[-50.26445157099,-28.44352884691438],[-50.26226750164426,-28.4462333804307],[-50.25082259043806,-28.44683242134396],[-50.25111338760091,-28.44917847810984],[-50.27291334530393,-28.45707190326837],[-50.29284689929245,-28.45103364760292],[-50.30388993579403,-28.43790103803905],[-50.32961834246266,-28.43423047639325],[-50.34044694086635,-28.44096577225636],[-50.33694511357678,-28.45742106949774],[-50.34584650817184,-28.46355446320325],[-50.35214579092506,-28.45639101427415],[-50.3476044274173,-28.43183551026079],[-50.35097920441718,-28.42485312909812],[-50.35999413122236,-28.41983948957596],[-50.37034614304694,-28.42275933720485],[-50.3764007305392,-28.43309971118619],[-50.37683720437244,-28.44367380836855],[-50.38198214667855,-28.44698927741019],[-50.39038041532046,-28.44300681486192],[-50.39517096563695,-28.43315735215468],[-50.42878056474007,-28.4335410369718],[-50.43590952159234,-28.43099576827832],[-50.44814368146692,-28.42287105620273],[-50.45685729129774,-28.41065136019378],[-50.47044038387391,-28.41490221114707],[-50.49851697786577,-28.41306408158441],[-50.51272663610787,-28.40492453025364],[-50.52749660481648,-28.40389462226092],[-50.53159395201146,-28.40781063762045],[-50.52859357199361,-28.42621478906915],[-50.53700153076318,-28.42972263659511],[-50.56443358116232,-28.41412033206494],[-50.57654079209146,-28.39425982165811],[-50.59226694498376,-28.38194585355931],[-50.60090524927055,-28.38216060694141],[-50.6115592742722,-28.39326663293724],[-50.62495147587379,-28.39258831061068],[-50.63329016962333,-28.37891603731274],[-50.62845034460046,-28.36459610542202],[-50.65167476551736,-28.34345739078352],[-50.66523063276114,-28.33792459652505],[-50.65880220954921,-28.32349543947413],[-50.6776401397678,-28.30000679221322],[-50.69522397971289,-28.28851945321152],[-50.69659733666938,-28.26784116339262],[-50.7107406022161,-28.26651666544384],[-50.75334524210201,-28.24568444411866],[-50.75297580371615,-28.23208345994766],[-50.76439507640944,-28.18923271259488],[-50.76820145892825,-28.18896283651163],[-50.77749922352259,-28.20004787035081],[-50.78882206765662,-28.19833504580777],[-50.78918924915099,-28.18918913485338],[-50.78281595595416,-28.17598303893094],[-50.79050899791402,-28.16639152683535],[-50.79270765945648,-28.15784682111761],[-50.78465894617769,-28.1465275444347],[-50.7861050927736,-28.14172473661644],[-50.79407608149035,-28.13864042433597],[-50.81983557519028,-28.14044846027615],[-50.82593714690303,-28.12171272384627],[-50.83240043044665,-28.11750818814905],[-50.85899103282202,-28.13970553515211],[-50.86552036167045,-28.1407816472625],[-50.87196851481725,-28.1374200423584],[-50.87499815770176,-28.12857697562023],[-50.86879261220583,-28.11145204463746],[-50.87591879713427,-28.09507542684528],[-50.88435342275255,-28.08969858138214],[-50.89935985883159,-28.08965560497488],[-50.90393634825045,-28.08584442061681],[-50.8984813820791,-28.0755159873903],[-50.88747858559316,-28.0725850048263],[-50.88138737068673,-28.06725642515109],[-50.87542885794973,-28.05442333463265],[-50.87539955108879,-28.04019987623756],[-50.89233612500956,-28.02115603163429],[-50.92323842480867,-28.01198777861596],[-50.92060138104454,-28.00062495707703],[-50.9278711684468,-27.99058245763145],[-50.92323356245151,-27.97960593415473],[-50.92568144017429,-27.96938883102257],[-50.94704371487738,-27.9672424791908],[-50.97357765986475,-27.95445931437498],[-50.9842542238024,-27.9403042995871],[-50.993628816826,-27.94600692459367],[-51.0022579671493,-27.96421295385343],[-51.01120670833214,-27.96295399892519],[-51.02140069484473,-27.95126988637845],[-51.01645797957701,-27.9255083919713],[-51.05596623137568,-27.90367043226984],[-51.05827879677111,-27.89683867515282],[-51.05299076752258,-27.86978796124832],[-51.05713825350514,-27.86602813205572],[-51.07859382102888,-27.86159774401417],[-51.07656427392634,-27.8418453694714],[-51.0822298970736,-27.83392644635211],[-51.09827170414655,-27.82741761521326],[-51.12892321636239,-27.83204764425433],[-51.1346064565176,-27.80365708011404],[-51.15779178550683,-27.8028892010505],[-51.1912823029198,-27.77615070953514],[-51.20937660923725,-27.77747002794874],[-51.22231343460295,-27.76982183651299],[-51.23376161068203,-27.77904472123696],[-51.24119826263875,-27.77831287291906],[-51.246862623756,-27.75963383463047],[-51.27409983145938,-27.74991321754553],[-51.27285992105673,-27.72969567187779],[-51.27612804255585,-27.72402421088835],[-51.29369352332557,-27.72548771800493],[-51.31003586769725,-27.71808943703935],[-51.30962653547511,-27.71190960206651],[-51.3020007439263,-27.70255950324773],[-51.3126453982042,-27.6932697449365],[-51.31510604350697,-27.67507006604631],[-51.33087024850715,-27.67093949880655],[-51.35479081326983,-27.68001506007796],[-51.37346640083723,-27.66898689426851],[-51.37793446470705,-27.66002387019318],[-51.37010890449938,-27.63667119700965],[-51.38275891344107,-27.62457158466206],[-51.38924636311479,-27.62381435004693],[-51.40529083124527,-27.63186101863651],[-51.4126477150474,-27.64896183385092],[-51.41915350439761,-27.6546385840078],[-51.43520427235001,-27.65439868179933],[-51.43800077350852,-27.64732724477965],[-51.43660620352463,-27.62984970550876],[-51.45768402110332,-27.60711363254911],[-51.47676425353291,-27.5987746035298],[-51.47738057185578,-27.57258583950562],[-51.4852322647298,-27.56185231363111],[-51.50431413052731,-27.55599170558841],[-51.53297554188764,-27.56257917307294],[-51.54773841176542,-27.55907868794263],[-51.55487604838928,-27.56399172231177],[-51.55889033941871,-27.58106854768023],[-51.56712751249913,-27.5843292561863],[-51.57788965525209,-27.57743578809874],[-51.5873827858299,-27.56562678617036],[-51.57781714043905,-27.53190539426936],[-51.57997122397364,-27.52361756863679],[-51.59392102886736,-27.5244055910113],[-51.61498373730349,-27.54538905994804],[-51.62788247594595,-27.54445654907993],[-51.63189256685203,-27.53930462002743],[-51.63194349345459,-27.53267650526513],[-51.61949351431961,-27.50028236419636],[-51.62161560407063,-27.49464503844802],[-51.63040952087353,-27.48914149551612],[-51.63720396448263,-27.48881183495176],[-51.64364263504593,-27.49255635812382],[-51.64743269728805,-27.51633188337752],[-51.65559006564727,-27.51980490111686],[-51.66471791659875,-27.51726666306049],[-51.67557552500372,-27.50828405978966],[-51.67757799097062,-27.50298057600715],[-51.67324781532184,-27.48804566704739],[-51.68656118893219,-27.47901172297381],[-51.69964983937815,-27.47906420882651],[-51.70630388482513,-27.48374020747994],[-51.72036043070062,-27.51350636085834],[-51.730389204075,-27.51150199221535],[-51.75352778016803,-27.48719744129983],[-51.78259775077318,-27.49139211145514],[-51.79690584788374,-27.48996768636838],[-51.80178812617257,-27.49396256561356],[-51.80169941935553,-27.50381189949518],[-51.79843369533769,-27.50943176084525],[-51.78795932727397,-27.51485340647823],[-51.78523514746492,-27.52100907649334],[-51.78569901697995,-27.52821520863096],[-51.79303287815591,-27.5312043927995],[-51.80417283196317,-27.52725981750061],[-51.82178580822896,-27.5127891966801],[-51.82838491721288,-27.5132710539484],[-51.84225097305321,-27.52493636016984],[-51.85148832680808,-27.52461299560369],[-51.85512920493741,-27.51545028892809],[-51.84588401172041,-27.49782430586354],[-51.84362701737814,-27.48313586612685],[-51.85053284081849,-27.47700251595748],[-51.8630693016969,-27.47524043241139],[-51.87403970271278,-27.47979360878141],[-51.87971374500545,-27.48740844125529],[-51.87998560198243,-27.49568212447141],[-51.87391338502753,-27.51149926219153],[-51.87535432838501,-27.51795251367509],[-51.88058954985349,-27.52095690807214],[-51.89078989759774,-27.52031813011784],[-51.89479034890154,-27.5170212189749],[-51.90204484104456,-27.4971818166723],[-51.89990177676628,-27.46986580845974],[-51.90249648742627,-27.46110303139759],[-51.90751220190976,-27.45823187322434],[-51.91838450553205,-27.45843443025073],[-51.94499458830263,-27.47309154917953],[-51.95828145529206,-27.47436288023773],[-51.96317575794028,-27.4699285098555],[-51.96379423131315,-27.46313602104349],[-51.93921835999326,-27.44602755860753],[-51.93354838619074,-27.43813249219932],[-51.93577689945165,-27.42874908932454],[-51.96082532929704,-27.41256356256375],[-51.99958227754018,-27.40973903147703],[-52.00779675427943,-27.40389715150385],[-52.00657469119211,-27.39503013214462],[-51.9909426710183,-27.38909246717796],[-51.97869748554817,-27.38890422526568],[-51.95209904267487,-27.39517363201434],[-51.9486071180153,-27.38963178747706],[-51.95208666806709,-27.38024712554415],[-51.97341245787541,-27.37233828102512],[-51.99670824954671,-27.37822886805747],[-52.01713423675746,-27.36783890742225],[-52.02288963250101,-27.36215431831146],[-52.02321686405071,-27.3558802329419],[-52.01083203023656,-27.3466053522494],[-52.0071998251872,-27.33932609664547],[-52.00810910590449,-27.33367608906468],[-52.01500466087203,-27.33089560662791],[-52.04475155069085,-27.34655344624603],[-52.07409320607147,-27.33835320728548],[-52.09376184175186,-27.34806856002635],[-52.10328705041806,-27.3466956455086],[-52.11112148031992,-27.33540296426522],[-52.105740989564,-27.32280987042929],[-52.10568667678944,-27.31335025606331],[-52.11433112710341,-27.305019179014],[-52.12632850077868,-27.30252345357801],[-52.16128920265265,-27.31428775586595],[-52.16800524193654,-27.31227080595186],[-52.16836425500612,-27.30558135484125],[-52.15930545890088,-27.28156356665042],[-52.16657573988476,-27.27142741978374],[-52.17378384787168,-27.27204691561901],[-52.18291548649701,-27.2798932845143],[-52.19100654487119,-27.29171978120019],[-52.20562613530134,-27.32738643857854],[-52.21588418974861,-27.33252864649525],[-52.22717954832722,-27.32900069001563],[-52.23480092037467,-27.31065811215881],[-52.2411373149738,-27.30427085208617],[-52.25053326727319,-27.30214313696005],[-52.27297872438756,-27.30438497301787],[-52.27771929729086,-27.30022432214444],[-52.27789525142146,-27.29492240507816],[-52.26799112664536,-27.2832486410929],[-52.24177254456972,-27.27606552683806],[-52.23460709355695,-27.27062231321174],[-52.23697857314533,-27.26306751306288],[-52.25454354069106,-27.2563589836563],[-52.27825453956779,-27.26118082016223],[-52.29395665015468,-27.25665086957035],[-52.30467072984001,-27.26263036853434],[-52.30470252103715,-27.27669232044144],[-52.29104628051258,-27.30683353802154],[-52.29210935007015,-27.31428288764851],[-52.2964927113435,-27.318090946067],[-52.3048621686338,-27.31805344735953],[-52.31308426537917,-27.30926574836038],[-52.32913747419029,-27.30216486590401],[-52.34525937031707,-27.28827766089402],[-52.35538699676616,-27.29121289238929],[-52.36748035554984,-27.30451951080986],[-52.37496288924432,-27.30508957552922],[-52.381498224335,-27.29467178856174],[-52.38113872410813,-27.26081797127311],[-52.38577181947194,-27.25351550524361],[-52.39295217571849,-27.25143879113348],[-52.39969036523546,-27.25656962062832],[-52.39365915663946,-27.28514633132752],[-52.39806050511776,-27.29257599330578],[-52.41560885486745,-27.28525813884941],[-52.43908531462068,-27.26440486258281],[-52.44207484431911,-27.25051291630834],[-52.43013136073078,-27.22244958459215],[-52.43254323021209,-27.21784115283646],[-52.44047761711629,-27.21623961491089],[-52.47981490815368,-27.23554276382145],[-52.48156692221629,-27.2466275460013],[-52.4763924208159,-27.2605781502682],[-52.48173574723997,-27.26691664337743],[-52.53464428772786,-27.26103554517063],[-52.54386020493742,-27.24108470641449],[-52.54981308334693,-27.23833762191729],[-52.56360008099786,-27.24891608560372],[-52.58749943764403,-27.24689013864478],[-52.61128489640033,-27.2640693898739],[-52.63321983803365,-27.26548052133609],[-52.6461956314111,-27.26061214290887],[-52.65370857993361,-27.24361813818689],[-52.66378313081254,-27.23705726405282],[-52.67639950042881,-27.24573593848406],[-52.67743787478612,-27.26282627397314],[-52.68187550106002,-27.27557914333466],[-52.68941947662821,-27.28385805887537],[-52.69495858465489,-27.28433197247573],[-52.70659732849052,-27.27467629790824],[-52.70631060267189,-27.25611942011067],[-52.71623603801978,-27.23604562590624],[-52.73031389170794,-27.23808371036203],[-52.74336862727632,-27.25824716258889],[-52.75048130047691,-27.25995635988371],[-52.75756130368183,-27.25749176555911],[-52.76390820222808,-27.24296229235824],[-52.75772722837276,-27.21720535702219],[-52.7635597014302,-27.21123326883368],[-52.80751526642849,-27.20237207792966],[-52.81834484774991,-27.20282406816217],[-52.83399142981427,-27.21129215086889],[-52.84346810708576,-27.20957790648699],[-52.84669160951687,-27.20233351221662],[-52.84307850349666,-27.17852552688295],[-52.84854454134538,-27.17118703839746],[-52.85608848616342,-27.16969068564076],[-52.86671216289709,-27.17275678200832],[-52.88348819011369,-27.18145517179021],[-52.90190616254888,-27.19842000722296],[-52.92931144270376,-27.20407635094599],[-52.93760119525788,-27.19835451416078],[-52.93606693270865,-27.17803642660194],[-52.93832146788571,-27.17080511510624],[-52.94669786636892,-27.16398659128754],[-52.95669226069544,-27.16325784437258],[-52.96612971250306,-27.18070470043595],[-52.96982474777772,-27.21621889000831],[-52.98436630309342,-27.22147227559753],[-52.9957304010986,-27.21316744200401],[-53.00256437371969,-27.19762271122914],[-53.00050431529248,-27.18515218742869],[-52.98285327346908,-27.16499480119433],[-52.98372565154621,-27.15650296866263],[-52.99166362250916,-27.14096666330477],[-52.99663327951586,-27.136093510286],[-53.00300566105208,-27.13561462440692],[-53.02124290013673,-27.15550924025604],[-53.0318343729632,-27.1594721868746]]]]}},{"type":"Feature","properties":{"name":"Pampa, Costeiro-Marinho","area":18.198139292115343},"geometry":{"type":"MultiPolygon","coordinates":[[[[-52.82472285804868,-27.46295277699861],[-52.82890578060104,-27.46166893134114],[-52.83742719002479,-27.46590886580329],[-52.85795368264942,-27.46359780751709],[-52.87452714867288,-27.4671539577874],[-52.88717416993103,-27.48610108353808],[-52.88436512656317,-27.49699066499009],[-52.89508602368934,-27.50325449221509],[-52.89769313297952,-27.51374770325702],[-52.90433621275673,-27.52209572248151],[-52.90147588967124,-27.53138218477858],[-52.89351156607399,-27.53650130707114],[-52.89231832882748,-27.55381326164241],[-52.88741772201559,-27.55841621953766],[-52.88819518111083,-27.56590770199332],[-52.88426715177575,-27.57075243416247],[-52.89176517924599,-27.5827574036116],[-52.88367551212174,-27.58670725806729],[-52.87577669920602,-27.58416730256258],[-52.85928700508614,-27.59401113125811],[-52.85607855375415,-27.60215777718862],[-52.85745849919079,-27.60827779209213],[-52.84900676551515,-27.61762574614272],[-52.85193385586036,-27.62522904496206],[-52.84173231094769,-27.62813152694945],[-52.83942075649549,-27.63206496060464],[-52.84111140184071,-27.64516486296029],[-52.83370724398791,-27.65915450360098],[-52.84394922020545,-27.67226095461319],[-52.84847183411891,-27.68566418251227],[-52.8562416587192,-27.68894257311015],[-52.8695861192549,-27.68748056181741],[-52.87738337030014,-27.69692515211609],[-52.88578540722686,-27.69993899412862],[-52.89264222376792,-27.71064761233256],[-52.88603062231961,-27.71457585524127],[-52.86792189856558,-27.70854293993735],[-52.8405617093746,-27.71066455092177],[-52.8337322733411,-27.71457561100426],[-52.8308010537298,-27.72070087345919],[-52.8317718982667,-27.73366965438501],[-52.82604954024461,-27.75209068183379],[-52.82725364650695,-27.75815781441881],[-52.84904828967617,-27.76517391658392],[-52.86307008008302,-27.75869934430731],[-52.88129776396725,-27.75789055231784],[-52.88474646641169,-27.76093933333888],[-52.88440545254628,-27.7676822926404],[-52.87998019119362,-27.77500196003266],[-52.87855144199091,-27.78618315128926],[-52.87403486751165,-27.7864209951111],[-52.85704724320783,-27.77543401280281],[-52.84434150057643,-27.77924686435429],[-52.8260387439533,-27.79349462213799],[-52.83075712844763,-27.81002041313262],[-52.81927992057661,-27.81514489797211],[-52.82056088468787,-27.822263729454],[-52.81411344482741,-27.82743187397191],[-52.82011640571474,-27.83599781015402],[-52.81635546393542,-27.84355332209895],[-52.82348406511195,-27.84960078759645],[-52.82687807474336,-27.86567250654524],[-52.83401841258175,-27.86593675805839],[-52.84478127667159,-27.86008868558972],[-52.84976227194373,-27.871206305527],[-52.8413590866063,-27.87771212435347],[-52.84006035727447,-27.88494111992771],[-52.81747895603517,-27.8971857992297],[-52.81502212611333,-27.91106282693677],[-52.82604902483494,-27.92330581641965],[-52.84347287604915,-27.92919896404328],[-52.85144160751734,-27.92815434623661],[-52.86240404474765,-27.91884714218876],[-52.87426966454915,-27.92197962462425],[-52.88446460032051,-27.92973262961986],[-52.87481937510981,-27.94001568597116],[-52.88412315797029,-27.94493448833603],[-52.88595384495136,-27.95123362895383],[-52.88241873006065,-27.95795752538416],[-52.88988497370636,-27.96527616861101],[-52.91185735162038,-27.96325341895396],[-52.91393543054515,-27.9797770944239],[-52.9292887854099,-27.98416453710908],[-52.93661518582764,-27.99114932644552],[-52.94754075995138,-27.98757454999754],[-52.96512013414917,-27.99845481336734],[-52.96207793602651,-28.00518428057643],[-52.95559930377491,-28.00615784941203],[-52.95133217901364,-28.0110001930299],[-52.94351472063832,-28.00988272250433],[-52.93941731403251,-28.01578973917612],[-52.93229458922264,-28.01782232241706],[-52.93110526796143,-28.02330178464879],[-52.9245450040091,-28.02813283061431],[-52.92979189646007,-28.04185574837381],[-52.92121016664309,-28.04535689844674],[-52.92073652952545,-28.05258502895156],[-52.91703858934496,-28.05499672540924],[-52.90402812137838,-28.04525880290016],[-52.89780615828027,-28.0510215241019],[-52.87913078200226,-28.05720056813187],[-52.86959227336578,-28.05153013810531],[-52.86075156680328,-28.05514800060106],[-52.84776044703853,-28.05335848556349],[-52.83283550590922,-28.03880898103946],[-52.81370938323867,-28.04824904103272],[-52.78563134539078,-28.04853374851031],[-52.75791549557172,-28.03371977730655],[-52.72126489450482,-28.02873250910443],[-52.71980001133286,-28.032438607456],[-52.72303372442698,-28.03787687599418],[-52.73954954867797,-28.04142324230077],[-52.74184270351991,-28.04856396695623],[-52.72397839877523,-28.05819654163006],[-52.7122602564919,-28.06919176432936],[-52.69696481319615,-28.07301496922712],[-52.6962390988113,-28.07903358436535],[-52.7142754570861,-28.09985740518814],[-52.71939620555584,-28.11123375125162],[-52.72974452798418,-28.11755184976717],[-52.73173082295783,-28.12343484586629],[-52.75279398036282,-28.13468023487355],[-52.77243697398671,-28.13614926427256],[-52.78307928226636,-28.14160632212976],[-52.79459694469195,-28.1376594451555],[-52.802523128068,-28.12702816214158],[-52.81576202038907,-28.12020547927999],[-52.8281356783842,-28.11671899834691],[-52.83550099137396,-28.11848810844696],[-52.85554974996106,-28.11010435922596],[-52.8656260604683,-28.11323782394212],[-52.8680605420881,-28.11015495294322],[-52.86659447877283,-28.09878354251459],[-52.87573847221928,-28.09114887465871],[-52.87092372623714,-28.08121957717687],[-52.87268740114637,-28.07268778009434],[-52.87857613299769,-28.0713260684286],[-52.88695151627324,-28.07601578201941],[-52.9039708793082,-28.06999952227201],[-52.91104336520235,-28.07142182787855],[-52.9257016318418,-28.06473589123736],[-52.93505885937653,-28.07474466163108],[-52.93897867202724,-28.07118182824551],[-52.93853209564315,-28.05869932049934],[-52.95700967311868,-28.05761910308531],[-52.96728280905869,-28.05365497061417],[-52.97785779096186,-28.0564942386475],[-52.97938878463742,-28.06596394009352],[-52.97440166853753,-28.07137554121276],[-52.97495361002399,-28.0803658317649],[-52.98012916154517,-28.08523752402605],[-52.98918941518539,-28.08651325511225],[-52.99622018412639,-28.09654949128846],[-52.99594042025725,-28.10529095423419],[-52.99189694427512,-28.11048201412886],[-52.9945969879666,-28.11830166503529],[-53.01332025310953,-28.12662560090966],[-53.02521276223288,-28.1049275658743],[-53.02433110205315,-28.08671904526899],[-53.02000339173379,-28.08150442508398],[-53.02126866313356,-28.07569536554195],[-53.03520368813193,-28.07184557126223],[-53.04228059402423,-28.05085210142421],[-53.04642584394256,-28.05182587819596],[-53.04905933029062,-28.05950407001135],[-53.05814114826205,-28.06723841948126],[-53.05676336953009,-28.07295504412598],[-53.06050413681376,-28.08072181827355],[-53.0540099027799,-28.08816231099151],[-53.05527622143499,-28.09203366905631],[-53.06545789751884,-28.09416874805341],[-53.07394769832284,-28.08775149280931],[-53.08384265856788,-28.09139635914631],[-53.08951971757147,-28.09995321156437],[-53.10384600729839,-28.09409679242946],[-53.10452825721819,-28.09029578630703],[-53.09831763449811,-28.084011572886],[-53.08370380582213,-28.07957682808716],[-53.08381075880527,-28.07327449124226],[-53.09073692205385,-28.07095049121291],[-53.09623763494206,-28.06468284149651],[-53.10500699750914,-28.07515367127866],[-53.11158745435895,-28.07673861613595],[-53.1204403836346,-28.06331028835822],[-53.10955753642138,-28.05515574990336],[-53.10983231388003,-28.0506978653124],[-53.12018373899711,-28.04908693619011],[-53.1316265760714,-28.05707141616883],[-53.13865850729649,-28.05002828500432],[-53.13564272002422,-28.03797318239488],[-53.12522317642188,-28.03609565147985],[-53.11696398704913,-28.02697826597628],[-53.1149772071654,-28.0168516832608],[-53.12435719455317,-28.01400651043192],[-53.12775256654574,-28.00735475180023],[-53.13609949834131,-28.00636581414733],[-53.13646678989017,-27.99627418413366],[-53.14712575784225,-27.99261155061517],[-53.1512255456001,-27.98705077793671],[-53.16004623817774,-27.98992754677522],[-53.17048209511218,-27.98819227013485],[-53.17373655276933,-27.9732249573932],[-53.1787411232603,-27.97402518094663],[-53.19149705427217,-27.9915986025928],[-53.19778539118913,-27.98551119300014],[-53.19801585134362,-27.97838085337462],[-53.19265947739414,-27.96727098043216],[-53.19624369382252,-27.96374998738979],[-53.20976899662245,-27.97364066254428],[-53.22003614126069,-27.97054343277015],[-53.22934155710842,-27.98060741278764],[-53.23441853530632,-27.98077932357618],[-53.24503038718171,-27.97422407639354],[-53.25158069574584,-27.97578716479582],[-53.25892095927338,-27.98562129864206],[-53.26801705819009,-27.98350418987464],[-53.28592253560005,-27.96497775247359],[-53.25624624757258,-27.94316854903709],[-53.25957927741811,-27.93470293754247],[-53.25866590170824,-27.92732761728465],[-53.28080579840427,-27.90946351363004],[-53.27848606301403,-27.89710334614807],[-53.26892754129898,-27.89092371458244],[-53.26808079265489,-27.85994497865213],[-53.26208656839654,-27.85158580495848],[-53.26697074081457,-27.80925244141641],[-53.26404325355377,-27.80033072332861],[-53.27086672108376,-27.78600690420159],[-53.27071543501204,-27.7450689485396],[-53.27975538381997,-27.73951414477391],[-53.30211787014063,-27.70703102106652],[-53.29845775953297,-27.68075145754606],[-53.31413191376605,-27.66239936707239],[-53.31707505398799,-27.65661448152185],[-53.31495462276283,-27.64926646984063],[-53.32148578920623,-27.64253521692294],[-53.3127343020326,-27.63346844037946],[-53.31743738901086,-27.62491741962548],[-53.31043029518673,-27.6182952056382],[-53.30910781456766,-27.60943041998866],[-53.31579019489076,-27.60796158293795],[-53.32714163713761,-27.61450996303583],[-53.33375639379091,-27.60939281502817],[-53.35680480211148,-27.60438081839164],[-53.37017994847587,-27.59587025013129],[-53.37774383299657,-27.6027457591988],[-53.38263692340402,-27.60334584158469],[-53.38855562574665,-27.59937354506998],[-53.39129050457513,-27.58711543091794],[-53.41187828923953,-27.58100312636346],[-53.41011356817795,-27.57157761916842],[-53.41810922927365,-27.56458348711048],[-53.41972386702435,-27.5567607796131],[-53.44051495484877,-27.56216837695072],[-53.47346918275304,-27.5479729872364],[-53.49088550845262,-27.55104693344192],[-53.48844335823665,-27.56347868215456],[-53.48216451125246,-27.56822678149492],[-53.4823523474367,-27.58225440546226],[-53.49700345212194,-27.59086476600178],[-53.49511777712941,-27.59697944722049],[-53.48073996176173,-27.60421417359801],[-53.48882750901884,-27.6205862409324],[-53.48634551050687,-27.62477970757158],[-53.47766349789416,-27.62607196483676],[-53.47658608149936,-27.6302859330513],[-53.48047253152605,-27.63577802204101],[-53.4886722009867,-27.63761133710835],[-53.49102479244151,-27.64499133120411],[-53.49501454326865,-27.64544220443719],[-53.51005167966738,-27.63145867387782],[-53.51536175388749,-27.60813136063919],[-53.51959746149872,-27.60652025838366],[-53.52364635249615,-27.60960951242369],[-53.52131952247068,-27.62332479925385],[-53.52613691211581,-27.63076377577664],[-53.53347188269606,-27.63463319393838],[-53.52729772488464,-27.64577642993896],[-53.53299217030078,-27.65492378656815],[-53.54777013986549,-27.65520102309362],[-53.55544058020411,-27.64843652709502],[-53.56312897061465,-27.65167544751426],[-53.56017791589646,-27.66126824396993],[-53.54386078931118,-27.66785630154161],[-53.53663333430718,-27.67345104045334],[-53.53672341952153,-27.67716344915186],[-53.54169218773944,-27.67980787878223],[-53.55292462349498,-27.67920058017882],[-53.561344704883,-27.67104736987751],[-53.5736836932672,-27.67574410687206],[-53.57352253649615,-27.68010132938646],[-53.56715976836071,-27.68681395455365],[-53.56980107767117,-27.69219423615246],[-53.57624867837617,-27.6936940840565],[-53.57881058146161,-27.69789431851186],[-53.56975361419315,-27.70599425420641],[-53.57095951118806,-27.71261183953562],[-53.56640248394904,-27.71827085108703],[-53.56743227225832,-27.72205258709228],[-53.57645900866213,-27.72409630908558],[-53.58256729072265,-27.71407826860653],[-53.59106758011529,-27.71929579462879],[-53.59635577741495,-27.71619453904619],[-53.59111289954699,-27.69952697511835],[-53.59977320532408,-27.68846781835702],[-53.59053044392316,-27.67970430245873],[-53.59727125240444,-27.67234315464975],[-53.59157304942765,-27.66300268556448],[-53.59265415739282,-27.65949555244034],[-53.5972800751316,-27.65839190822765],[-53.60608881347352,-27.66325464256709],[-53.61445980746148,-27.65973652880865],[-53.62367700949064,-27.6666612582886],[-53.62789039521953,-27.67777293359713],[-53.63612401545728,-27.68525991863284],[-53.63823341725676,-27.69139042218062],[-53.63273378350359,-27.72170343840961],[-53.64913635269937,-27.7373937071297],[-53.64288859221238,-27.76285370797831],[-53.64680761431318,-27.76533463694173],[-53.66928589212063,-27.7656930357801],[-53.6712998174351,-27.77637429341023],[-53.65632488197631,-27.78135565244584],[-53.64685799675282,-27.77627483192844],[-53.63601246978676,-27.78250598403385],[-53.61596024114058,-27.77839156734821],[-53.60956090959686,-27.78558235559775],[-53.60908687524506,-27.79791175655638],[-53.62243313203326,-27.80460629903251],[-53.61632889271206,-27.81266846649247],[-53.61751869857093,-27.8164174457728],[-53.63323753560395,-27.8149465798795],[-53.64054547884054,-27.82173898896929],[-53.65446695200693,-27.8058932109971],[-53.66669519599194,-27.80471813951847],[-53.66895019070207,-27.79592837048573],[-53.68393766578492,-27.79323492832097],[-53.69154833825576,-27.80794804420181],[-53.68852474907634,-27.8183617396573],[-53.71555329911814,-27.8283721344538],[-53.71460769658403,-27.83567489194943],[-53.70644179808637,-27.84053587836675],[-53.71500075418729,-27.8497880014988],[-53.70611183112561,-27.86402889180799],[-53.70841024604645,-27.86817109944873],[-53.71403601634513,-27.86821937810208],[-53.71873773269994,-27.86272832608386],[-53.72780701797505,-27.8632344778263],[-53.7292534017464,-27.85518733006249],[-53.73665564507584,-27.85132812918935],[-53.73544510772966,-27.84405212213983],[-53.74238520490955,-27.83831178432139],[-53.75633766768009,-27.84930652381578],[-53.76800889163032,-27.87565247824622],[-53.7791309645077,-27.8805884215321],[-53.77863372029682,-27.88893849300339],[-53.78160880377175,-27.89275056525954],[-53.78628637410446,-27.89306865419073],[-53.8001150356757,-27.88497812739533],[-53.80771610226053,-27.8869052992514],[-53.82269280637425,-27.90021157690568],[-53.8348361712143,-27.89550287640427],[-53.85607019895227,-27.89855284796077],[-53.88335352932932,-27.89165376112499],[-53.90092006122283,-27.89595667738287],[-53.90993462531139,-27.88455918932736],[-53.92104608967914,-27.87976962040519],[-53.92438184610624,-27.86963054743148],[-53.93754238527247,-27.86735645447909],[-53.94740922954013,-27.85572371555861],[-53.95442482055587,-27.85330995083025],[-53.95393998047975,-27.83399748395229],[-53.96540465144152,-27.82598707846171],[-53.96579561644525,-27.81662348114062],[-53.9596328160987,-27.80948789702023],[-53.97324118200886,-27.80486527790407],[-53.97936818798406,-27.79407406560188],[-53.97832705447522,-27.78707955528053],[-53.99093819641185,-27.78211051660167],[-53.99325206487603,-27.77370676202261],[-54.00894874107362,-27.77087856432227],[-54.0141700922423,-27.78346640628786],[-54.01862090049507,-27.78553356647939],[-54.02328616886467,-27.7809103483293],[-54.02364557736807,-27.77061469362511],[-54.03125585665542,-27.76603621278018],[-54.05226594333657,-27.76850491381951],[-54.05454670924526,-27.77546067697438],[-54.04682254895448,-27.78120455042113],[-54.04745506773355,-27.79418251722575],[-54.02837656117809,-27.79714771620754],[-54.0286004911496,-27.80442721720089],[-54.02309867521402,-27.80903062420424],[-54.02281997507023,-27.81652745451661],[-54.01529355189928,-27.82066027244139],[-54.00285983170317,-27.8385567243467],[-54.00649610087598,-27.8421765740928],[-54.01675394478096,-27.83639238639078],[-54.02171775749359,-27.83893956650382],[-54.00931611730496,-27.86003481213203],[-54.01291665908807,-27.86677048244588],[-54.01721861654176,-27.86529480720548],[-54.02939936056793,-27.84350726154057],[-54.04123890913856,-27.83187200310986],[-54.04645938162498,-27.83292720682967],[-54.0516518886409,-27.84549164190798],[-54.05126726722155,-27.85111910980722],[-54.04640928624928,-27.85583327253702],[-54.01016968791735,-27.87953074606028],[-54.00970216008867,-27.88383290538968],[-54.01677030024056,-27.89033300016608],[-54.032433519712,-27.88107673962997],[-54.03995294834888,-27.88008386437395],[-54.0465751032679,-27.87181088416116],[-54.05947233257115,-27.87366994247477],[-54.06754922445311,-27.86985960129402],[-54.07566741412901,-27.858095468331],[-54.08613671499387,-27.86623782764369],[-54.0842576792401,-27.87526769215169],[-54.08766229552491,-27.88207396535541],[-54.07876192340748,-27.88905521778572],[-54.08371421811277,-27.90260621182743],[-54.07675541138239,-27.90756370833389],[-54.06390436219981,-27.90897508315682],[-54.06251186665229,-27.91898231794135],[-54.06604923694876,-27.92480486881637],[-54.06154005062586,-27.93448701605253],[-54.05150695038837,-27.93403790282728],[-54.04061186462089,-27.92588049358492],[-54.032731042557,-27.92818788845195],[-54.02341034310964,-27.9262446475414],[-54.01784602773456,-27.93551363485327],[-54.00734998674652,-27.93442753394817],[-54.00390361859102,-27.93679026427428],[-54.00756189984314,-27.951293680339],[-54.00593720448913,-27.96304188724486],[-54.01039788088753,-27.96409840657449],[-54.02023245728095,-27.95544210961417],[-54.02969902262855,-27.95381607684362],[-54.03571276579292,-27.95779172183368],[-54.03326400543214,-27.96612739636016],[-54.04158231033423,-27.97730526463222],[-54.0455350365802,-27.97654489064272],[-54.05464706098783,-27.9656959642797],[-54.05652884366351,-27.95489874523994],[-54.06769692463322,-27.95687105942033],[-54.07443524520598,-27.94892630785851],[-54.08427959317979,-27.94701819480304],[-54.09795179226526,-27.93611339628787],[-54.10252577876764,-27.92944191686892],[-54.10006195116809,-27.91678570985976],[-54.10681759681337,-27.90734781978759],[-54.11812805289988,-27.90006004618415],[-54.1221383159053,-27.8921572477785],[-54.15205432727281,-27.88931585216605],[-54.14695301859887,-27.87157510038596],[-54.16586857089234,-27.86474052719999],[-54.17105093295314,-27.85455457723937],[-54.17010151863982,-27.8460825750297],[-54.15968484131151,-27.83542665511905],[-54.17075317051091,-27.81902380893794],[-54.17424932767683,-27.80762783416612],[-54.16897858602749,-27.78220378193024],[-54.18144947426373,-27.77995636981336],[-54.18827297046844,-27.78219791693376],[-54.19618262390147,-27.77609215952126],[-54.20594081350823,-27.78048871958802],[-54.21385981203883,-27.76734912054496],[-54.20800926910967,-27.75348867157054],[-54.19050593745821,-27.74545959291874],[-54.19295945164081,-27.72985776018587],[-54.20871911916319,-27.72711019349251],[-54.21992483157354,-27.73128301865784],[-54.23777439643393,-27.71764340685107],[-54.26965661246101,-27.71086218840174],[-54.2743250385293,-27.6983415590119],[-54.28713867195311,-27.68884952816381],[-54.30941355438976,-27.6873646814985],[-54.33902805731733,-27.69708042407931],[-54.34954838789152,-27.71120185338845],[-54.34729272689595,-27.71466089260097],[-54.32880366513847,-27.71931148736267],[-54.31251702058118,-27.73079707395139],[-54.31772614256915,-27.73949354005189],[-54.34111131258604,-27.74615351589953],[-54.34048774818902,-27.75354250561691],[-54.33054065602951,-27.76196429206635],[-54.34502815959021,-27.76905669245964],[-54.34722630552955,-27.77429857098191],[-54.34446246156409,-27.78328101838681],[-54.33212421945687,-27.78975729202546],[-54.33078144438939,-27.80169126554717],[-54.31760463909064,-27.80530826266374],[-54.31429861732783,-27.80985579514143],[-54.31173422388916,-27.82816849895046],[-54.31862240055821,-27.84310091394846],[-54.31222995418663,-27.85083190998775],[-54.31280089757951,-27.85968136006212],[-54.30776953107281,-27.86684673331957],[-54.3099874357663,-27.87569992442521],[-54.32169128022569,-27.88565444165959],[-54.31463295563412,-27.89768210124124],[-54.31625180047413,-27.90997105062453],[-54.33496423870221,-27.91258637214384],[-54.33702777480541,-27.92095327977289],[-54.33160281836071,-27.93611477902698],[-54.33465571324552,-27.94087303295857],[-54.35110529076741,-27.9355077930241],[-54.36356431257933,-27.93726398637846],[-54.3700889585859,-27.94619394332119],[-54.37873500380265,-27.94962053637498],[-54.39508879813574,-27.9694251844945],[-54.41020101213461,-27.96073390513573],[-54.42077516964251,-27.94595108379459],[-54.44520135782781,-27.93716503681462],[-54.45089498758622,-27.94284457514301],[-54.4522424390763,-27.95581273398231],[-54.43615606239388,-27.9622247770458],[-54.43523410478334,-27.96890547448352],[-54.45397717060306,-27.97873537821237],[-54.46209676387915,-27.98965338978052],[-54.48158847090484,-27.98131820811582],[-54.4874494540347,-27.96814457810482],[-54.5082161510338,-27.95145161629703],[-54.5215158013567,-27.93379648651843],[-54.53079892338332,-27.92954317520717],[-54.54309944337699,-27.92877556023441],[-54.55855574516172,-27.90663208587521],[-54.56697428650852,-27.90319519930127],[-54.58279037302435,-27.91816551140082],[-54.58637687787146,-27.91641766658849],[-54.58871537139291,-27.90891945582268],[-54.60391115340811,-27.90340670180116],[-54.60950702015217,-27.90433879710401],[-54.61105636955586,-27.91522260880972],[-54.60234666564376,-27.91773915509969],[-54.60101059744443,-27.92144420776589],[-54.6040144338306,-27.92955501620325],[-54.61483229063113,-27.93037431256719],[-54.61918573555702,-27.93870965335088],[-54.63402591295298,-27.93712569634172],[-54.64377617974443,-27.92300684183759],[-54.65877289169335,-27.93142219351691],[-54.68174492489865,-27.92228512533523],[-54.73807482988031,-27.920448948371],[-54.74597366460153,-27.92363600944129],[-54.75278992816305,-27.93772775358771],[-54.76582461452891,-27.94557688186655],[-54.77382899106887,-27.94655417462225],[-54.78054530073279,-27.95278137997703],[-54.77956282677874,-27.95732575109049],[-54.77155569281493,-27.96019281150421],[-54.76791154793477,-27.97083588409168],[-54.76043553975558,-27.97445512882864],[-54.75531356253629,-27.97230746223124],[-54.74920470916167,-27.96193202836689],[-54.73994408159368,-27.96126645997846],[-54.74006909148559,-27.97277991326735],[-54.73173677145133,-27.97598932819077],[-54.72496296055897,-27.9868565815534],[-54.72881691193801,-27.99017268551241],[-54.73999536065752,-27.98746119166783],[-54.74198932470907,-27.99411943725675],[-54.73193576804029,-27.99824356930918],[-54.72042678623522,-27.99849944786467],[-54.71486719492587,-28.00913039155126],[-54.70001412078509,-28.01050184529285],[-54.68854463677494,-28.01531683052071],[-54.68114001108938,-28.01158495725532],[-54.66639100980266,-28.01044236323129],[-54.65620494432331,-28.02020980434669],[-54.6653966154804,-28.02739254490529],[-54.6665304065282,-28.0316757018274],[-54.65528741113643,-28.03977163817053],[-54.65100400339145,-28.05340170916935],[-54.64400635392413,-28.0529394428482],[-54.63409093400429,-28.0412133389271],[-54.62748236186975,-28.04028980906515],[-54.62167918939924,-28.03446527260922],[-54.61311256287588,-28.03344304500951],[-54.60815307571386,-28.02707830795983],[-54.59517811238407,-28.03020959086687],[-54.59553450240639,-28.03506307235129],[-54.60551205525089,-28.039388430303],[-54.60344093729269,-28.04925300183755],[-54.62105854299998,-28.04948855080309],[-54.62252997501303,-28.05516025895813],[-54.61864360341824,-28.06157015200958],[-54.62057844640248,-28.06455358408004],[-54.63975802772355,-28.06202832284035],[-54.65584584748005,-28.06687666804713],[-54.6539523942301,-28.07177397255156],[-54.63477302837897,-28.07429796154209],[-54.63643980028021,-28.08380622341583],[-54.63321704754085,-28.08726057488598],[-54.62591389283219,-28.08766170617401],[-54.60039304607023,-28.07671646399827],[-54.59758448600849,-28.08178868703196],[-54.60427594235137,-28.08907459192178],[-54.6009745786229,-28.09463322850986],[-54.59160296171604,-28.09414285025511],[-54.57761152432252,-28.10549960818883],[-54.56165785621027,-28.10180503214148],[-54.5559559435368,-28.11041629858535],[-54.54619959469066,-28.10848719538843],[-54.53007308975938,-28.11439050393689],[-54.51913823389481,-28.10961099481636],[-54.52105588966121,-28.09861162782589],[-54.50676660261563,-28.08875213393425],[-54.50077753289285,-28.07881440521463],[-54.50223631046088,-28.07147985165759],[-54.4937106984974,-28.06865611798384],[-54.48651828838298,-28.05661305097996],[-54.47455675096055,-28.0514330498312],[-54.46504007757764,-28.05295543895068],[-54.45822726249297,-28.04734246893294],[-54.43714413302285,-28.04985957548318],[-54.43317187962177,-28.05330573246843],[-54.44088905057168,-28.06331799084935],[-54.44986413203938,-28.06406794192385],[-54.45760786513696,-28.07352829397103],[-54.45053384421639,-28.08030773537091],[-54.44362162595731,-28.0955328495855],[-54.43380128975761,-28.09080540932777],[-54.42825065186182,-28.09137658757262],[-54.4270794753532,-28.10301081899648],[-54.41809061029512,-28.10671672021556],[-54.41172761251976,-28.09142595756407],[-54.40256437317566,-28.08442375596997],[-54.39598984191498,-28.08647042293971],[-54.40195317022738,-28.1125718878545],[-54.4086456021066,-28.1193674141917],[-54.40648037814774,-28.12335169750239],[-54.3947675725226,-28.11905306735361],[-54.37397637621851,-28.09280395121693],[-54.36959968435715,-28.09301460218304],[-54.3624912147398,-28.09977448093801],[-54.35834155053966,-28.09919851948162],[-54.35715937071081,-28.09559245547977],[-54.36149124542248,-28.08753230641318],[-54.35733582260436,-28.08400320037094],[-54.35131733791253,-28.08865074595453],[-54.34377775658388,-28.0895980111124],[-54.3407822368069,-28.09971924955086],[-54.35092357725181,-28.10662977342483],[-54.35040130817643,-28.11591883656584],[-54.36131614795247,-28.11690958577847],[-54.36542622579351,-28.12257736356947],[-54.37406201349701,-28.12346308383719],[-54.37544265037887,-28.12724907920288],[-54.3724188340574,-28.13018928535858],[-54.3486794387005,-28.13190812081953],[-54.34704583377322,-28.13563803890184],[-54.35040470257059,-28.1417244753925],[-54.34828189815368,-28.14467820904723],[-54.34104578663965,-28.14401049165203],[-54.32697662142922,-28.13595759853447],[-54.32947669049546,-28.12518376294035],[-54.32703978194534,-28.12192659222544],[-54.31508057608183,-28.12658052046925],[-54.30828686335457,-28.11726111799155],[-54.29837398620247,-28.12252213425775],[-54.28299558049432,-28.11914431037567],[-54.28124204472763,-28.12714054927029],[-54.30465965135054,-28.13559418927514],[-54.31842322856907,-28.15249739935242],[-54.31534062986082,-28.16157602966554],[-54.32553257312046,-28.16744651743163],[-54.34616688942648,-28.17216045447493],[-54.3527749270698,-28.16483731805807],[-54.35819436085604,-28.16373359101371],[-54.37455304932208,-28.16759935145483],[-54.38127747386133,-28.16593286382538],[-54.38809234461043,-28.17023757390306],[-54.4072681801302,-28.15752386645255],[-54.41735032722402,-28.16103093546383],[-54.41801013614578,-28.16714476718417],[-54.40200680472525,-28.17209770711193],[-54.39124386048871,-28.18320053777697],[-54.38244123419201,-28.18582248301525],[-54.38308909724691,-28.19001024286846],[-54.39186043449013,-28.19571318934503],[-54.38743527224949,-28.2095729853981],[-54.40517194217684,-28.2288199364244],[-54.43129376530744,-28.23625403422374],[-54.43730861039582,-28.24085972732459],[-54.45261119247438,-28.24228310884511],[-54.46061342940112,-28.25094379757558],[-54.46825778602521,-28.25402846706691],[-54.4772886409859,-28.2538380360682],[-54.48629524940534,-28.27015913099021],[-54.48521619466197,-28.27469856362449],[-54.47629606037994,-28.27895015894722],[-54.47146663490525,-28.27264434617097],[-54.45074636090345,-28.26424363681584],[-54.4482577053529,-28.26816216403803],[-54.45482787125312,-28.27933068493059],[-54.45006565343711,-28.28298031748202],[-54.4389378575377,-28.27848816510433],[-54.43182896080985,-28.27087045525013],[-54.42115832907257,-28.2757922852261],[-54.41448968750408,-28.27097838247449],[-54.39899073095651,-28.24096790679153],[-54.38802316837751,-28.23923680548961],[-54.37895069350402,-28.23273910234083],[-54.37049054752489,-28.23383367856335],[-54.36881552809776,-28.23748270596928],[-54.37330371473431,-28.24744605060519],[-54.38282285650575,-28.2535807368314],[-54.36740609707043,-28.26413516888064],[-54.36704609550332,-28.26896362535895],[-54.42345828083317,-28.29615687289627],[-54.43493900838087,-28.29537366293373],[-54.4375131141073,-28.3005871142382],[-54.43453891552392,-28.30507100431692],[-54.40948304294334,-28.30856462132517],[-54.39757035642087,-28.29398344534303],[-54.39135589402016,-28.29412823153869],[-54.38440705784621,-28.30169621028025],[-54.37498810891704,-28.2994358178478],[-54.37285945664618,-28.31183587140951],[-54.3814595099898,-28.3223047250544],[-54.38147237245704,-28.32838730485081],[-54.37755437004525,-28.33070238410081],[-54.36616137551056,-28.33207405215297],[-54.36053498999568,-28.32807159140886],[-54.3527044715457,-28.32838686507882],[-54.3510355328957,-28.32015454239726],[-54.33733928582399,-28.30443610229836],[-54.32179268835593,-28.30911270099113],[-54.32304507787951,-28.29499530516908],[-54.3153758416944,-28.2833431364554],[-54.30995994813917,-28.28524766061427],[-54.30828905434347,-28.29801418331748],[-54.30235213277834,-28.29835860309461],[-54.30034450887587,-28.28970315064801],[-54.28986255894158,-28.28402065893868],[-54.28959171885956,-28.27246153803271],[-54.29689549331045,-28.25941679029267],[-54.28851634285257,-28.2501991331334],[-54.27651855788139,-28.25105486021059],[-54.26969969167697,-28.26539843711815],[-54.27149260576434,-28.27252778704597],[-54.26614138583456,-28.277399559248],[-54.25230429741047,-28.27673517560314],[-54.24442111528442,-28.2854772907946],[-54.23508677965981,-28.28610997492764],[-54.23169626235857,-28.29463740305531],[-54.22418238386324,-28.29536373451992],[-54.2188628956716,-28.28335855291439],[-54.21301090078914,-28.28254803447463],[-54.20581657356268,-28.2938850773157],[-54.21015054619484,-28.30759700224518],[-54.19765425702862,-28.31765344288757],[-54.19330990805935,-28.31691202051621],[-54.18420332805878,-28.30412944394801],[-54.17951678804565,-28.30524745177402],[-54.17663062383549,-28.31230334793088],[-54.1664753467059,-28.31538648136739],[-54.15309353481653,-28.30124997300847],[-54.14481587733836,-28.30395681496359],[-54.1387737015372,-28.30041436097603],[-54.13752240443637,-28.2752200854578],[-54.12826488628369,-28.27329429177755],[-54.12550973222039,-28.26924354194581],[-54.12847067768305,-28.25923143528279],[-54.1413347217004,-28.25699553362566],[-54.14357629359614,-28.25284491108339],[-54.13060096047136,-28.2467447721414],[-54.12713730495404,-28.23771098706152],[-54.12127387698656,-28.23508280303646],[-54.11727544515402,-28.22855822249287],[-54.12464412438868,-28.2191594212333],[-54.13505822175943,-28.21532093377851],[-54.13549408751771,-28.21087484504125],[-54.12958145666794,-28.20651625194904],[-54.12953089107749,-28.19994316856731],[-54.1320278994944,-28.19577325044217],[-54.14511020827505,-28.19070957202485],[-54.14641933977708,-28.17922866023313],[-54.14373702921864,-28.17312120512615],[-54.1589916974682,-28.15647840791505],[-54.15639492045576,-28.15096851296421],[-54.14444592391943,-28.15300756980913],[-54.14009489713521,-28.14536138353218],[-54.13030099615999,-28.14406976927042],[-54.12497898727241,-28.15273095815696],[-54.11932480069854,-28.15398922253748],[-54.11145992686184,-28.15074376756128],[-54.11041184065682,-28.14364696450338],[-54.1021462937564,-28.14146445487372],[-54.09953654839549,-28.13490130847196],[-54.08371912002467,-28.12832851517038],[-54.07959790551346,-28.13243674862077],[-54.08671258683383,-28.14352901183294],[-54.08079892496934,-28.15439209995166],[-54.0745222275404,-28.15316423486136],[-54.07081623423031,-28.14498080948402],[-54.06104940950511,-28.14468183089319],[-54.05994379346816,-28.13487307582144],[-54.0497617878918,-28.12715053789957],[-54.04253857092793,-28.12781610039673],[-54.03745435105656,-28.13577616616644],[-54.02904825970944,-28.13344420553523],[-54.02362089034558,-28.13987844744074],[-54.01544154716205,-28.13937238687913],[-54.01060735588141,-28.14521111179671],[-53.99742474195084,-28.14177880661175],[-53.99509325599234,-28.15058805503478],[-53.9905665729858,-28.15288692541203],[-53.97720948272755,-28.15126790203532],[-53.97137473816287,-28.14387069644097],[-53.96139645314861,-28.13942805004372],[-53.95849125402625,-28.14415905497694],[-53.9605894185343,-28.16077929687076],[-53.98639410724874,-28.18453818819936],[-53.99386887057872,-28.19589051511804],[-53.98737766685827,-28.20044074520547],[-53.96709227577485,-28.19569554906986],[-53.96110938859496,-28.20833153055619],[-53.95388375785759,-28.20910572818549],[-53.94171348100698,-28.19777777235521],[-53.92628327854153,-28.19028739440475],[-53.91561497695578,-28.18864141358665],[-53.90714536588234,-28.1950469854451],[-53.88850292861467,-28.18504663036783],[-53.87539912679328,-28.18206738250164],[-53.86617352734231,-28.17497302677924],[-53.86096464208103,-28.15657683189594],[-53.84216890654547,-28.16355170020472],[-53.83744470831437,-28.15650606940271],[-53.84053730091963,-28.14782320386989],[-53.83685664961894,-28.14050131151157],[-53.83912328461969,-28.13451460663972],[-53.83480641291715,-28.13022825464131],[-53.82620198907708,-28.13741958625037],[-53.81658448085449,-28.13729717455096],[-53.81788765234446,-28.15216155518066],[-53.80738050479677,-28.15948506294402],[-53.80038773866813,-28.1595706294603],[-53.79138357655271,-28.14738762127367],[-53.77528154019355,-28.13501290622014],[-53.77487664366908,-28.12887916892146],[-53.76780843958569,-28.12086420863776],[-53.76570648640695,-28.10674151752007],[-53.75782024812856,-28.10337340243417],[-53.73818386835364,-28.10336998554977],[-53.73061672387057,-28.09708829656353],[-53.73230215130856,-28.09216587623346],[-53.74696261761819,-28.08930495698842],[-53.74699430337798,-28.08434014446372],[-53.72253325599601,-28.06785614280561],[-53.71410473340421,-28.07448514645866],[-53.7003193299889,-28.07420468976874],[-53.67882568095102,-28.05141713020419],[-53.6741743913526,-28.05483727807787],[-53.67700426335068,-28.07394803426438],[-53.6857754796845,-28.08649556366346],[-53.6766672889352,-28.09140123380648],[-53.67509540649728,-28.09798873435682],[-53.68105220783595,-28.10304355811837],[-53.70211957307477,-28.11043424616538],[-53.70336333682783,-28.11861899549569],[-53.71189880822873,-28.12302917057707],[-53.71278442278255,-28.1270663672045],[-53.7032633632092,-28.13792736297579],[-53.68525393199495,-28.13766107563371],[-53.66377596349184,-28.1193036576149],[-53.65590651920475,-28.11809191714704],[-53.64335820607429,-28.13510023627436],[-53.65996441849502,-28.15052116176788],[-53.65425720673298,-28.15542432981628],[-53.65246671892523,-28.16376008916998],[-53.63939899494911,-28.17756554592901],[-53.6439130030116,-28.19076125483016],[-53.63479403569718,-28.1925077435663],[-53.63019908340315,-28.19707238162635],[-53.61574865760235,-28.1957857525912],[-53.60924183067364,-28.19171311980837],[-53.58394480671367,-28.19645024829691],[-53.5777790785729,-28.18728985096826],[-53.56496331228343,-28.18369695165353],[-53.55887140311622,-28.17657114845735],[-53.5619251482488,-28.16615263690834],[-53.55848220089458,-28.15418287305057],[-53.55422469900232,-28.15085347110077],[-53.54677527058936,-28.15514852714688],[-53.54130149598011,-28.15213540728896],[-53.53916646311734,-28.13694328253502],[-53.52874699669512,-28.13136261326118],[-53.52935437867994,-28.11260092686843],[-53.52057498166863,-28.10265610640175],[-53.51565016469578,-28.10557111418493],[-53.51329910293413,-28.11860071447308],[-53.50592667223874,-28.13209011214551],[-53.49885010557482,-28.1303530668332],[-53.49199825431135,-28.12177977861049],[-53.48340862350675,-28.12448297143318],[-53.49012552854646,-28.14049324082086],[-53.48872703218662,-28.14811245288718],[-53.492789799448,-28.1640642472857],[-53.49994750934849,-28.16878590230231],[-53.51118643362332,-28.18483627932232],[-53.50665810719227,-28.19270280434464],[-53.48673952832211,-28.18636625419851],[-53.48016061050309,-28.18091089050299],[-53.46954030201172,-28.18590511819835],[-53.46183960580557,-28.17537191158141],[-53.45125587430533,-28.18437525935222],[-53.44635453960309,-28.18463021337882],[-53.43138171629898,-28.15578392741953],[-53.41632238754198,-28.16741201354357],[-53.3987879537983,-28.15518122948715],[-53.38917605713145,-28.15848872549787],[-53.37568304869796,-28.15751951383669],[-53.37375022549329,-28.16366619827306],[-53.39997909796957,-28.17658518202369],[-53.39823128994042,-28.18698234048891],[-53.40829452627491,-28.19614523127202],[-53.41544345889118,-28.19791571720473],[-53.41713388267625,-28.20615335707293],[-53.42554274233652,-28.20760019393352],[-53.42781185541103,-28.21146869698107],[-53.41884162007045,-28.22675086780389],[-53.40763268431603,-28.22426369639299],[-53.40087589891632,-28.22616687287954],[-53.39132079093176,-28.21974598128086],[-53.37831694759404,-28.22024015890845],[-53.37840348605162,-28.22688645301612],[-53.39392628965058,-28.23754870184042],[-53.37912924238395,-28.24416496992262],[-53.37770994638521,-28.24904693477835],[-53.38547999019945,-28.25300017984321],[-53.39355393708146,-28.2533112132991],[-53.39956741593281,-28.2498059632782],[-53.41052098405983,-28.25473132395247],[-53.42146078103677,-28.2537208327959],[-53.42965645746726,-28.26640220764575],[-53.42696077178685,-28.28102461531752],[-53.42113915911373,-28.28494482538888],[-53.42132887410295,-28.2921491144098],[-53.41781522960209,-28.29476225928099],[-53.40111574419966,-28.28237081539393],[-53.39774188609292,-28.29400988923369],[-53.39038769882787,-28.29910153490428],[-53.38581669907898,-28.29590045990122],[-53.3881813453125,-28.28787292891702],[-53.38303301736771,-28.27359755329124],[-53.37376255137567,-28.27727579761348],[-53.36248291658642,-28.27074283457086],[-53.3538252483285,-28.27810488928878],[-53.34437305005827,-28.2748237554268],[-53.34508549131928,-28.26755701804133],[-53.34030043814229,-28.2643277191336],[-53.33149551095262,-28.26841157660373],[-53.32189550327851,-28.26264215712677],[-53.31489431377802,-28.27076870459243],[-53.30653680435264,-28.26599651837001],[-53.29286979858689,-28.26555383113677],[-53.28761001668413,-28.27225634783907],[-53.29137398680732,-28.28200233314725],[-53.30566250758789,-28.28323695847835],[-53.31221215287635,-28.29042144579468],[-53.31083799645988,-28.2937557056257],[-53.29604904640789,-28.30031257145132],[-53.30327060577369,-28.31231464261887],[-53.31095047126171,-28.31648622545545],[-53.30957299243527,-28.3223972012425],[-53.30181808159625,-28.32619751629681],[-53.30315409726371,-28.3353358845763],[-53.3092244809655,-28.33787136712367],[-53.3266356233819,-28.33213247539181],[-53.32989617566014,-28.32048504025551],[-53.344438784814,-28.31942360612917],[-53.35574000575643,-28.31152852425965],[-53.3665141747083,-28.31530076989552],[-53.36843847759891,-28.32845397544724],[-53.38777001862641,-28.32811454531178],[-53.40101158798441,-28.33507808239716],[-53.40328754758859,-28.34356007008457],[-53.39931268516944,-28.34998211853324],[-53.40369000786237,-28.36546726577075],[-53.39591382819497,-28.37069680990042],[-53.39567112033556,-28.37581976709005],[-53.40481171216362,-28.37938964320461],[-53.4130702513864,-28.37635390608101],[-53.42339155067952,-28.37938523508538],[-53.4255056216382,-28.38307373733695],[-53.42299178514529,-28.39156268553939],[-53.41194278249757,-28.3941490641461],[-53.41306748050484,-28.40439956496012],[-53.39997373341529,-28.40739480949523],[-53.40026164089183,-28.41297199663277],[-53.40887967183116,-28.42285846861994],[-53.40507346275774,-28.43143235230945],[-53.40986928552128,-28.43584481740341],[-53.41735263658465,-28.43336882386708],[-53.42279934554053,-28.42197428400776],[-53.42655840550513,-28.42017220958499],[-53.43333265572229,-28.42725280824584],[-53.44315494786154,-28.4258016128287],[-53.44667053929365,-28.43328450527601],[-53.45979084517963,-28.43940830997308],[-53.46124822025142,-28.44878383216744],[-53.47155844488824,-28.45151803197821],[-53.47858405103143,-28.44818073583096],[-53.48641775111304,-28.45101955327517],[-53.5017803474907,-28.44391180624323],[-53.50835525145334,-28.44432401288358],[-53.51466898361101,-28.43811059803873],[-53.52565773512912,-28.44543383759763],[-53.53473225823184,-28.43894100129986],[-53.55437735211787,-28.44728982439587],[-53.56299537527891,-28.4468593248129],[-53.56928093372859,-28.43834548823331],[-53.56966726477732,-28.43241254994576],[-53.57681916293942,-28.42818352258108],[-53.57682970475999,-28.42144904497336],[-53.58634555755809,-28.41812714406585],[-53.59738912032545,-28.42083630922934],[-53.59691198437033,-28.44055024414744],[-53.61194513669609,-28.43612488694476],[-53.63221412622764,-28.45599669094288],[-53.64952397949495,-28.4447445430892],[-53.65331313904706,-28.44648190178561],[-53.65355707765781,-28.45627638065156],[-53.65704501733855,-28.45879595809754],[-53.67297837984472,-28.4564446180619],[-53.68895632403073,-28.44695045888573],[-53.69706475940972,-28.45189227728291],[-53.71150201747563,-28.45020330393566],[-53.71542761406967,-28.45691190989353],[-53.71367901650762,-28.46308512900875],[-53.70278991724058,-28.47332416198504],[-53.68781177287838,-28.47648445048102],[-53.6735451698511,-28.47420181480201],[-53.66728153193119,-28.48321695764029],[-53.65808363859286,-28.48406874633288],[-53.65578757561926,-28.49153006510916],[-53.62250365912703,-28.50520377542101],[-53.59085331943756,-28.49955497802838],[-53.58521755250931,-28.50520229140875],[-53.57055790527863,-28.50920452862862],[-53.55909556933729,-28.50418234323697],[-53.55065335793849,-28.49184766058724],[-53.54605873816402,-28.49090033839913],[-53.53458209452262,-28.4965721835028],[-53.53210334979894,-28.50512180533167],[-53.53398913296032,-28.50855648603971],[-53.54352317055725,-28.51150569841784],[-53.54064922077453,-28.53302758708016],[-53.53406843758787,-28.53407275805507],[-53.51424558907112,-28.52651212982551],[-53.5099787858136,-28.53074400798832],[-53.51111414650934,-28.53884183928018],[-53.52416811374605,-28.5412990929461],[-53.52563719351708,-28.54867787678527],[-53.53234353305454,-28.55171825705517],[-53.53279349462919,-28.55805461041729],[-53.53618997430523,-28.56029291503082],[-53.54439526147708,-28.55535900738843],[-53.55199341081439,-28.55699153480612],[-53.56366940210955,-28.55179489612508],[-53.57214842594231,-28.53855760209133],[-53.59232931417601,-28.53642330787356],[-53.60140103993047,-28.54220996847068],[-53.60803716788607,-28.54249396992206],[-53.61096615133152,-28.54643800912575],[-53.60861082100534,-28.55639750150804],[-53.59614077296249,-28.56422184450678],[-53.59083491006007,-28.57142851297482],[-53.59660912208544,-28.57639425745914],[-53.61351543770062,-28.56472710910347],[-53.62386049381724,-28.55092481853446],[-53.63099189994894,-28.55092143006249],[-53.64122859028501,-28.54470621521238],[-53.65648570924434,-28.54687226426239],[-53.65742647733716,-28.55082451295982],[-53.64858439259697,-28.56310635161275],[-53.65720289916841,-28.57679682389712],[-53.65734325798265,-28.58456458590963],[-53.64350686884054,-28.59777501898269],[-53.62522735779377,-28.59687464936998],[-53.62207265761673,-28.60093783297054],[-53.62436783220738,-28.6058613298158],[-53.63111986787443,-28.60921755942513],[-53.63053739514702,-28.61700896015391],[-53.63547247127719,-28.62175449788077],[-53.62866335101899,-28.63115599713205],[-53.63367912754824,-28.63696232063542],[-53.63350244482059,-28.64717740744999],[-53.64573949710754,-28.65683066946612],[-53.66663189720992,-28.65382492744748],[-53.66817346316255,-28.66693580918477],[-53.67841423090437,-28.66993429797622],[-53.68338824948622,-28.674744307405],[-53.69790359398852,-28.66785712721489],[-53.71207495574921,-28.67080856840107],[-53.72122579284231,-28.66760791920474],[-53.72825801809364,-28.67207898839493],[-53.74046532230649,-28.66817815027571],[-53.74560857534949,-28.65692936751899],[-53.75390101308319,-28.6513826532251],[-53.75941674199832,-28.64083367727107],[-53.76457676249372,-28.63892554384913],[-53.77555446647779,-28.63857927307765],[-53.78775630454813,-28.64328804986288],[-53.7984982811497,-28.64163818412018],[-53.80214073751173,-28.64507268308618],[-53.80116936953818,-28.65133105634097],[-53.80533640245196,-28.65330721085805],[-53.81802602576825,-28.64805642378073],[-53.82182073251438,-28.64214769045716],[-53.81845672420471,-28.6335305807852],[-53.82491860836181,-28.62939128210378],[-53.84456161433787,-28.63875553299857],[-53.85409366191679,-28.63524616482174],[-53.85447594236342,-28.62774424231174],[-53.85781351059958,-28.62530387794087],[-53.87587727851439,-28.62352320020593],[-53.90305807243389,-28.66746731839102],[-53.91080048060751,-28.66921145053741],[-53.91324819083086,-28.66504023381384],[-53.90847942675412,-28.65856525877521],[-53.91036420416334,-28.64500332808862],[-53.92438131886568,-28.64539927083675],[-53.93735720174813,-28.63634150818004],[-53.94895668246533,-28.6364234468498],[-53.95663122392074,-28.62753705383283],[-53.96424926706768,-28.62747828726868],[-53.97792583026127,-28.61707263107348],[-53.98467372587842,-28.61550125547377],[-53.99094576300537,-28.60701419153522],[-53.99047703398668,-28.60266903097764],[-53.97586951063877,-28.59138398910297],[-53.97792234064914,-28.58779457544713],[-53.98522527338023,-28.58686699677668],[-53.98707886289785,-28.5802466810049],[-53.99551353660996,-28.57506621531583],[-53.98665991511276,-28.56392699993035],[-53.99330475813576,-28.55722231394198],[-53.99260793047286,-28.55121989701613],[-53.97709111885817,-28.55304692663629],[-53.97328877109283,-28.55036283323069],[-53.9778868263334,-28.54305665609453],[-53.97698995533649,-28.53582951962734],[-53.98802247126606,-28.52963870364399],[-53.98967399578266,-28.52513520237224],[-53.97053813081181,-28.48307921041641],[-53.98080386785549,-28.47492701785296],[-53.9817623049079,-28.46406726564109],[-53.98760100192273,-28.45615663788934],[-53.99752705077367,-28.45053904981682],[-54.00473817468258,-28.43592299222572],[-54.0185197713195,-28.43830515699591],[-54.02526536305498,-28.4282707990214],[-54.03561863384698,-28.43211593886883],[-54.04391165725043,-28.42189180341593],[-54.04481151649608,-28.41424543042979],[-54.05611692915836,-28.40778831297313],[-54.07542676155778,-28.41994186492638],[-54.08780877690705,-28.42002598318856],[-54.09355764739521,-28.42466706805916],[-54.10369367378192,-28.41743437337026],[-54.11251508660684,-28.42566049250314],[-54.1205715125263,-28.42690388317233],[-54.12620597962589,-28.41806356485657],[-54.13477262720637,-28.41736512114745],[-54.13704194101688,-28.42179271015187],[-54.13123155820102,-28.43422178414229],[-54.13851484535566,-28.43937197662146],[-54.14880502376317,-28.43725171303485],[-54.15820238548459,-28.42981320056641],[-54.17376577679413,-28.42458545748637],[-54.17869263731384,-28.43673858381407],[-54.18873099997214,-28.44097210357638],[-54.19532259164265,-28.43674963058222],[-54.20617508086846,-28.43808257400666],[-54.22449801591444,-28.42233839940913],[-54.24333850443928,-28.42409311411872],[-54.25482955549822,-28.41954166632177],[-54.2631353815903,-28.41991415044011],[-54.27064744488471,-28.41324013387333],[-54.27826624783818,-28.41580767743975],[-54.27983587471368,-28.41930819705606],[-54.27187684642795,-28.43485679398879],[-54.26215811767383,-28.43706177946667],[-54.26177620232763,-28.44439785150128],[-54.27646683328457,-28.44409009025466],[-54.2729737324204,-28.45407567178183],[-54.27573748222351,-28.4576829546251],[-54.2902365978223,-28.45297454507773],[-54.30048582614349,-28.45513358161729],[-54.3047535003144,-28.44831246239324],[-54.31563154779887,-28.4420724485095],[-54.3128057195343,-28.43466462152739],[-54.3184057242222,-28.42846491107009],[-54.31655374913855,-28.40168280396995],[-54.32864751344454,-28.40232010615355],[-54.33734295940707,-28.39481193992268],[-54.35106677170235,-28.40183613624513],[-54.35510690898708,-28.39217312695225],[-54.36072157145676,-28.39110246464239],[-54.36504034279019,-28.40952191439337],[-54.37389922841025,-28.41519224927628],[-54.39513672165404,-28.40472165089061],[-54.39350866305129,-28.39621264859706],[-54.39775060051139,-28.39208688526631],[-54.40052284937756,-28.37996921378586],[-54.40554053661467,-28.3770378202003],[-54.4124220140846,-28.38241027248073],[-54.41210377162503,-28.38933738803507],[-54.42169173940254,-28.40213124317976],[-54.43169734128006,-28.40476693115403],[-54.44236663776628,-28.40028451508211],[-54.45087809220308,-28.41205258162118],[-54.45809341421065,-28.4117220109325],[-54.45873499773268,-28.4025877950424],[-54.464568067401,-28.39721151486833],[-54.4603156775268,-28.38979109439894],[-54.4594141808845,-28.36646992140728],[-54.48014789880742,-28.35828263236487],[-54.48314382997377,-28.36035688704975],[-54.48372913562991,-28.37077901741734],[-54.48758894471481,-28.37679767637146],[-54.49528884225449,-28.377502789908],[-54.50103761178643,-28.37326477642447],[-54.51093226783902,-28.37486535624632],[-54.51265207998759,-28.37146746905271],[-54.50573047512079,-28.35107407588663],[-54.51324119237205,-28.34516236108331],[-54.51433744458468,-28.32860213483293],[-54.53191224768953,-28.32254012963141],[-54.53625822246171,-28.32904899979631],[-54.52974311451091,-28.33497918415677],[-54.53337792958592,-28.34209364285624],[-54.53082605057281,-28.34846555527502],[-54.53685665721575,-28.36269342732091],[-54.52167399868145,-28.37493879606828],[-54.51246496071789,-28.38786133705412],[-54.51472848083052,-28.39130873621378],[-54.52462780944894,-28.39250014535262],[-54.52888864387983,-28.40467124518701],[-54.51515493207046,-28.42249947701048],[-54.50920823548719,-28.4239101615637],[-54.49985389863625,-28.41892191777296],[-54.49458181187647,-28.41998819243625],[-54.48994753937443,-28.4468796640131],[-54.4926925604008,-28.44967772240522],[-54.51053355846869,-28.45084349077144],[-54.51798050133124,-28.43549737576554],[-54.535438723913,-28.42559565262896],[-54.54099999166223,-28.43369863762485],[-54.53799854781748,-28.45067228084663],[-54.54848110361515,-28.46146830536662],[-54.55308208076316,-28.46222875460596],[-54.55600797090527,-28.45647026056726],[-54.55437120784105,-28.44520149389103],[-54.56413022647529,-28.43992888927878],[-54.56218010105204,-28.42362173377145],[-54.55626657258508,-28.41494240207207],[-54.56086906360716,-28.40922732522999],[-54.55932963452618,-28.40288096564884],[-54.56366201978891,-28.39612738591828],[-54.55374474098484,-28.37807634384713],[-54.56476795321846,-28.36987872087074],[-54.57669426050447,-28.37535145795635],[-54.58226455754277,-28.36440109053576],[-54.59093154647538,-28.3565035372191],[-54.60366420002544,-28.36552902277522],[-54.61516429107249,-28.36695373788843],[-54.61698751971834,-28.37109162030873],[-54.61358225129044,-28.37723140631458],[-54.61572356647532,-28.38043252204908],[-54.63902575568445,-28.38192085750313],[-54.63591831630234,-28.34238046024149],[-54.64996259694681,-28.31968097588048],[-54.66960650316172,-28.31630145353787],[-54.67719665078002,-28.31210280515025],[-54.66426364467183,-28.30004680842119],[-54.66316983294087,-28.27458837245882],[-54.67345184171233,-28.26400678003018],[-54.67604950263521,-28.24914847937983],[-54.69217918327218,-28.23689162301368],[-54.70146904515567,-28.23759539490255],[-54.70835530929111,-28.2344250011356],[-54.71636640669333,-28.23763403100394],[-54.73735798018068,-28.23430865952782],[-54.73947125602841,-28.23089697512422],[-54.73588048781156,-28.21969153788543],[-54.74786819903443,-28.21474918249152],[-54.75516932280326,-28.2168552539583],[-54.76243095763476,-28.21445190000323],[-54.76933464045761,-28.21790515729293],[-54.77609476071324,-28.22702199792401],[-54.78382572157045,-28.23138295641031],[-54.78188354567387,-28.23874061690992],[-54.78506526271111,-28.24179832751121],[-54.80055394182501,-28.23718492602286],[-54.82642408850571,-28.24572949529681],[-54.84133077498019,-28.2438365815583],[-54.84799156481859,-28.24939702365018],[-54.8559920811003,-28.23685297728741],[-54.86467319658534,-28.23486329193968],[-54.87277238132589,-28.24382595361543],[-54.86632484898286,-28.26054913205511],[-54.87465740815589,-28.27132602355615],[-54.86366075486269,-28.27943152400912],[-54.86415889725359,-28.29273212905856],[-54.86690092065651,-28.29630024550114],[-54.87145026737936,-28.29663460347225],[-54.88509863085999,-28.28738590426113],[-54.89498695296525,-28.29064233164463],[-54.89901144690108,-28.28379965279223],[-54.90458277175122,-28.28182097439624],[-54.91960425163933,-28.28412675454232],[-54.92633264316873,-28.29200214558458],[-54.92698896030655,-28.30204948958047],[-54.93539447949675,-28.32361017159823],[-54.94824269103017,-28.33624541505391],[-54.95740575013757,-28.33642158932946],[-54.96704426567597,-28.34275027054665],[-54.98117033272523,-28.33875511304963],[-55.01159145836373,-28.34953299853836],[-55.01643977303535,-28.3430083000471],[-55.02355832891806,-28.3424480305889],[-55.03154237336319,-28.33384604684876],[-55.04161413803305,-28.33015433222025],[-55.0242149744608,-28.30489962737038],[-55.02945628469549,-28.29673074160398],[-55.06294640212252,-28.2789573116187],[-55.08821927572266,-28.2772284130109],[-55.08467905788359,-28.26261670020219],[-55.10296283684846,-28.25518301114748],[-55.11031319346672,-28.23790323151895],[-55.12020874474243,-28.23848084184463],[-55.12580526574135,-28.2313800500219],[-55.13923458810182,-28.22752947437964],[-55.14399944409022,-28.22104839105622],[-55.14182877492846,-28.2109866959873],[-55.15055218780345,-28.20629589930472],[-55.15162784418661,-28.1989679939202],[-55.16182281769646,-28.19217670490727],[-55.1562788742374,-28.18404900522908],[-55.15606284883732,-28.17642517834863],[-55.15061828524213,-28.17272342356308],[-55.13791894001373,-28.15178589786704],[-55.13397325949466,-28.1504498109956],[-55.12545020181439,-28.1542528942269],[-55.12136293611619,-28.14926281489145],[-55.12394401174867,-28.14276872279302],[-55.13299062842302,-28.14269187405601],[-55.14006176719722,-28.13895288282096],[-55.14531716783726,-28.12170177016996],[-55.16117847130599,-28.11825348032901],[-55.17653523471612,-28.13113740788708],[-55.19500915290738,-28.13426688217285],[-55.19922673936316,-28.1265998524128],[-55.20876940700134,-28.12157924852861],[-55.21272557059103,-28.1157410401419],[-55.23273498069373,-28.1083428004766],[-55.24087983193743,-28.09857436577831],[-55.26384741347076,-28.11177088677378],[-55.27918054960269,-28.11141436499926],[-55.28607198999956,-28.10488340915737],[-55.28866139012263,-28.08905416312267],[-55.27376415802375,-28.07056225193714],[-55.26417459157076,-28.04482888216205],[-55.25610667320433,-28.0388045479454],[-55.24748768484397,-28.02305278228064],[-55.22372449824836,-28.02758643728578],[-55.21769966332425,-28.02098486807102],[-55.18983770287156,-28.00997975012512],[-55.16674755229285,-28.018584275433],[-55.16204464065484,-28.0246903163411],[-55.15082203103435,-28.02813042387613],[-55.14779038657205,-28.03484831099507],[-55.13672407469904,-28.03587637584229],[-55.12615085833258,-28.04771345808128],[-55.11367825091951,-28.0441768112798],[-55.11027862027306,-28.05542254741404],[-55.09819296901074,-28.05030187379016],[-55.09152555509665,-28.05492487463808],[-55.08321085889681,-28.0550473013272],[-55.07921747363481,-28.06521436023154],[-55.06779774181183,-28.07276462722984],[-55.03588793339168,-28.07217720359153],[-55.0370454584543,-28.08272814484675],[-55.03373997859934,-28.08628371757885],[-55.02022415179071,-28.08938705040235],[-55.01581342068276,-28.09584997721585],[-55.01733760265618,-28.10695508155463],[-55.01132334212098,-28.11324941306729],[-55.01116168623903,-28.12103821904225],[-54.99720868360325,-28.13045965458505],[-54.98392080506511,-28.13270165533169],[-54.9748062980217,-28.12622928699835],[-54.97574974070073,-28.1201836078459],[-54.9877238737602,-28.10559377296532],[-54.98237481262625,-28.09651675428392],[-54.98297487563284,-28.09084589805867],[-54.99464797028683,-28.08612254717927],[-55.00445125893338,-28.07893145511962],[-55.00757716514364,-28.07186442543544],[-55.01930339499771,-28.06557536855518],[-55.03455087553498,-28.03884465230902],[-55.05110990514035,-28.03753625833111],[-55.05865578809878,-28.03259056060166],[-55.0672928744024,-28.04029622293626],[-55.07447564002087,-28.04012666145166],[-55.07814027229213,-28.03378122562434],[-55.08949425620483,-28.02771428653186],[-55.09817285578836,-28.01862752811001],[-55.09715045530704,-28.00873660122021],[-55.10195829228236,-28.00331768578464],[-55.11145274902938,-28.00259522862703],[-55.11656247048766,-28.0082396963772],[-55.13080792933204,-28.01155473659838],[-55.14164451827613,-28.00549370505712],[-55.15519318559974,-28.00338953343045],[-55.17262336576557,-28.00673991689569],[-55.18078181378758,-27.9939449882134],[-55.2045558707956,-27.98427648127608],[-55.21471179384383,-27.97648034986851],[-55.23022033002231,-27.97964944935082],[-55.23997941158801,-27.96335899929296],[-55.25381410518789,-27.95998452390041],[-55.2544806914109,-27.95613830664973],[-55.24513652675437,-27.94399437119729],[-55.24626611897146,-27.93787144092882],[-55.25905302039408,-27.93657251859091],[-55.27068342843589,-27.94147076014857],[-55.28973029600356,-27.93894879197771],[-55.29845895247777,-27.94428484706441],[-55.30593431480396,-27.93637364998145],[-55.29950838147031,-27.92585095155984],[-55.31925822734141,-27.92194788043708],[-55.33030652129409,-27.93145135231015],[-55.33998942125398,-27.96652611409913],[-55.34706875001964,-27.97224372204488],[-55.37715279064478,-27.97652573418468],[-55.38718645047031,-27.98618960845891],[-55.38246367144735,-28.00044431061953],[-55.36904420149787,-28.01906583644942],[-55.36939500927869,-28.0272605354375],[-55.39050884338942,-28.04523066801521],[-55.41396790782964,-28.05464891731104],[-55.42217484746151,-28.062161106101],[-55.44255699073398,-28.09431113057906],[-55.45246011744572,-28.09795260815307],[-55.48787845282705,-28.0764550609319],[-55.49551860382584,-28.07686209343847],[-55.51324286103019,-28.11464776110008],[-55.5305812594712,-28.11545872797199],[-55.53982965470701,-28.12260505316549],[-55.54759541635744,-28.13648321503353],[-55.54933306784341,-28.15596288415365],[-55.55754616815465,-28.16456383008632],[-55.56416423571504,-28.16350542158382],[-55.5853399589792,-28.14795151313428],[-55.58909651941799,-28.14177568607911],[-55.58340622091372,-28.12517309008823],[-55.58690450688428,-28.11960378352764],[-55.59627117071017,-28.11575463147744],[-55.61073030569845,-28.11745542712675],[-55.62078491358099,-28.13098138841116],[-55.61968241681768,-28.15354913299229],[-55.62233204058244,-28.16102819841391],[-55.63423087721505,-28.1778381521009],[-55.65301677966709,-28.18210157260414],[-55.69258004465102,-28.2187902844754],[-55.70473249538259,-28.22429792946846],[-55.74997565510155,-28.233737500762],[-55.77124605684377,-28.24145453590076],[-55.77855056800735,-28.2478648770208],[-55.7825586813821,-28.25605743655495],[-55.77317858212847,-28.27424007442243],[-55.73290980370079,-28.28597531360985],[-55.70177312730366,-28.31119190486535],[-55.68020235057105,-28.32222625825327],[-55.67042134222106,-28.33439172179514],[-55.6707807500869,-28.3456873603042],[-55.68876890259288,-28.38815612220825],[-55.69073775530979,-28.4132956515195],[-55.69524752318032,-28.42296625712289],[-55.70433702179157,-28.42755620108771],[-55.71346138775052,-28.42575534749511],[-55.71970348549272,-28.41867913809775],[-55.73435247324655,-28.38120951213605],[-55.75656674346343,-28.3694314186398],[-55.80964314439672,-28.36574429773443],[-55.85058491014268,-28.35538996737556],[-55.87108916213673,-28.35726248339689],[-55.87861345897154,-28.36177188147605],[-55.90038586617584,-28.39834605814933],[-55.90304948476498,-28.40764434235877],[-55.8826016485357,-28.46383823782702],[-55.88132782202873,-28.47350473674778],[-55.8840060451848,-28.4791630560217],[-55.92879131604072,-28.48635201276293],[-55.94929360747073,-28.49459268048747],[-55.98821518169954,-28.49811517736245],[-56.01122410792637,-28.50689336647619],[-56.02323007706322,-28.52276497925489],[-56.02565118936911,-28.53508667732926],[-56.02089681898913,-28.55319661364716],[-56.0023709171854,-28.57829866420385],[-56.00337327348608,-28.59779842998651],[-56.00979258692615,-28.6058263502821],[-56.02597277328918,-28.61714476752698],[-56.05627223144459,-28.62920361374397],[-56.08200488135342,-28.65419933131138],[-56.11915094339312,-28.68124748887223],[-56.14388499420811,-28.7097683805838],[-56.16067745906492,-28.7396514378854],[-56.18812389494177,-28.77228093032651],[-56.19415553888314,-28.77519795076868],[-56.26093111359216,-28.77900680893563],[-56.27095149262773,-28.78192575044685],[-56.28911269589229,-28.79372196576089],[-56.29974236880622,-28.80811331320558],[-56.301143217862,-28.81663564126264],[-56.29728713765645,-28.8414203758382],[-56.30005407791,-28.89556081159051],[-56.32728099309883,-28.92822331320953],[-56.3441939180253,-28.94005652221841],[-56.37899017351315,-28.94802992603848],[-56.40633599204114,-28.97259563661069],[-56.41596467893459,-28.99226326708931],[-56.41617418863127,-29.00073641946186],[-56.39911727221539,-29.01735159490039],[-56.40436321874776,-29.03248092627651],[-56.41000274423732,-29.03865549492272],[-56.415997499238,-29.06896017124263],[-56.43042024101972,-29.07950348961536],[-56.50302541889045,-29.08866156563025],[-56.51485552901352,-29.09266198576612],[-56.54430753086604,-29.1157373280456],[-56.56798204418089,-29.11408349191892],[-56.58875341793211,-29.11981281752429],[-56.59391141058284,-29.12625609188248],[-56.59487433457856,-29.13629112502356],[-56.61692451417288,-29.17106932538153],[-56.6458144531972,-29.20026209930493],[-56.65476063890501,-29.22379397616071],[-56.64920683097949,-29.25495641203856],[-56.6507140913824,-29.26434825876241],[-56.66452281283264,-29.29499086818647],[-56.69996530465527,-29.35644089207504],[-56.71296807213675,-29.3673526136398],[-56.7461908557384,-29.36835636216292],[-56.75870300745586,-29.37090455460967],[-56.76840155662012,-29.37799888577995],[-56.78036120732961,-29.41628978206607],[-56.779500371876,-29.43737259300989],[-56.79695147918876,-29.44906693420219],[-56.80821026209883,-29.473111154772],[-56.82209244173544,-29.49002479954075],[-56.86081570982525,-29.5073469057822],[-56.90196173418329,-29.53381670594883],[-56.92953720231599,-29.56621513074816],[-56.95091775959919,-29.58068725042864],[-56.96780032593351,-29.60179488650773],[-56.97208495522979,-29.61730094549611],[-56.96739484341301,-29.63726196052382],[-56.9711483663687,-29.64340640187574],[-56.99064003713971,-29.64668377136926],[-57.00092368637937,-29.65191463746907],[-57.02698112578738,-29.68943509290653],[-57.04547559150129,-29.70158592848361],[-57.09972211710323,-29.74832010936101],[-57.1319053572596,-29.77016005535296],[-57.17202099039547,-29.78068486285301],[-57.22105313936576,-29.77630150584629],[-57.23540015839206,-29.78078838562027],[-57.26775223843942,-29.80945511289224],[-57.2821785112275,-29.81728826357844],[-57.32457890467298,-29.87281784838386],[-57.32968801455016,-29.88763536785575],[-57.32404517281861,-29.93980250027618],[-57.32814070706506,-29.97203678222495],[-57.33756762030777,-29.98997247486607],[-57.35198068009701,-30.00805855602231],[-57.39633215295518,-30.02279424704681],[-57.41752164139401,-30.03837256273946],[-57.45376114978827,-30.08155876037009],[-57.45843117636642,-30.10152854334286],[-57.46460425771649,-30.11034303328405],[-57.5256147061598,-30.15138545386043],[-57.56960843304397,-30.17176376584912],[-57.59409952571006,-30.17899157931614],[-57.63266027080095,-30.17477694529098],[-57.64602136090217,-30.18084491152096],[-57.64974282416672,-30.18932089584175],[-57.64514193754831,-30.19369062904724],[-57.63205473077562,-30.18703898251132],[-57.60336743359254,-30.18967113197256],[-57.56307290606297,-30.20910950997729],[-57.55784638823625,-30.21338344734475],[-57.55629886530654,-30.22497293111078],[-57.55859166235454,-30.23556277527339],[-57.56797915430617,-30.2522309644473],[-57.56633984427766,-30.25911120383886],[-57.55512096124078,-30.26500122538271],[-57.55083171010398,-30.2726193845688],[-57.52540879161039,-30.28547218915616],[-57.50027308728885,-30.28885313109075],[-57.48675969750303,-30.26682923812501],[-57.46352341193241,-30.26539986026548],[-57.45229528815968,-30.27603744661003],[-57.42929597514523,-30.27460926655628],[-57.41640453026891,-30.27797787329159],[-57.41533485485284,-30.28203822089788],[-57.42165746875322,-30.28916134118684],[-57.42138089216461,-30.30087565820108],[-57.40395631548686,-30.30068614277773],[-57.39235224492553,-30.30467326183193],[-57.37875048858111,-30.27942074564022],[-57.36983450904518,-30.27301151862299],[-57.35882503807009,-30.27240293236558],[-57.35768157981729,-30.28262801906427],[-57.35203600858698,-30.28448502879131],[-57.34298374013011,-30.27768115002486],[-57.31950398089804,-30.26974244011875],[-57.31432942262862,-30.25774797641834],[-57.306979407905,-30.26233280082405],[-57.29317675116444,-30.28639262635591],[-57.28456451949562,-30.29372206533837],[-57.27781542141818,-30.29245403885653],[-57.27006097784817,-30.28498451222857],[-57.26896901715082,-30.27164847712538],[-57.26176909421103,-30.26722329800463],[-57.2531832224941,-30.27329295622772],[-57.25587127368431,-30.28184921648972],[-57.2500771743502,-30.28915686072179],[-57.22026138630047,-30.28928537004696],[-57.20291185469222,-30.28442962746904],[-57.19625307596053,-30.26450647819971],[-57.17733405569614,-30.25128813875904],[-57.16791367349602,-30.24902632895648],[-57.16744921367536,-30.24138218976499],[-57.16153713654575,-30.2421365091927],[-57.15516211926921,-30.2341362261129],[-57.16542890388627,-30.22451227978483],[-57.16324968516779,-30.21731869091767],[-57.16794246777144,-30.21773220061236],[-57.16477774124237,-30.2134480201883],[-57.16836115618337,-30.20839665356137],[-57.16821936411661,-30.19763607142936],[-57.15946413172322,-30.19307372420458],[-57.1591361108074,-30.18569116281128],[-57.14477769304411,-30.17161280629849],[-57.14463987883889,-30.16620577949083],[-57.13583925927961,-30.15793572380048],[-57.12916501921334,-30.14083805397722],[-57.1144832842505,-30.1454574018913],[-57.10570023093182,-30.13512887574172],[-57.10467927442127,-30.12634023723842],[-57.11408320268681,-30.12718290261883],[-57.11598745110246,-30.11384327982217],[-57.10816868489304,-30.11666801243261],[-57.09641832139564,-30.1145699808758],[-57.09548679066278,-30.1212648219379],[-57.09118616259052,-30.12151582740103],[-57.08475783857456,-30.11454963980402],[-57.08587482479966,-30.11031987698663],[-57.09212686358911,-30.11271419596923],[-57.08723445026277,-30.10104342220856],[-57.06908075964736,-30.08557501479772],[-57.06136004869082,-30.08852026078688],[-57.06713897559248,-30.09118522881898],[-57.06784053999592,-30.10120925520333],[-57.05787204366549,-30.09864651648412],[-57.04480503366058,-30.10573888936768],[-57.03133209061765,-30.10214384377132],[-57.02894058467621,-30.09284804186733],[-57.02389809828716,-30.08754221935277],[-56.99344255444242,-30.08571177080258],[-56.98283520615387,-30.08843002676974],[-56.97742305707832,-30.09755464075789],[-56.95558086900718,-30.10114485510381],[-56.9324159911753,-30.09393686460898],[-56.91777367093778,-30.09620172410395],[-56.91132713389603,-30.10150913144779],[-56.91537536811182,-30.11021761075303],[-56.90540712047576,-30.10765397693612],[-56.90538220208164,-30.11346996113558],[-56.89518410947912,-30.10452355630796],[-56.88888881363143,-30.08910849677312],[-56.88482365812809,-30.0871232802477],[-56.87454122629401,-30.086248624302],[-56.87365076736795,-30.09272392957924],[-56.87069149753915,-30.09393548739707],[-56.85417300666744,-30.08879335260536],[-56.83358456524029,-30.09230224515895],[-56.82416689980786,-30.09564445949317],[-56.81683065203628,-30.10734782657712],[-56.80807501156902,-30.1032406935392],[-56.80464514871121,-30.10597576007324],[-56.80088190714643,-30.12115279390576],[-56.78027101125265,-30.12663037394676],[-56.77779280270333,-30.13371485518117],[-56.78400541638185,-30.1511655728924],[-56.78193807966972,-30.15877420941874],[-56.77653607361115,-30.16337398982367],[-56.75821428720771,-30.16084577253735],[-56.72978559627531,-30.17170414587316],[-56.71989519173436,-30.1797295302855],[-56.70564838425311,-30.17606379191096],[-56.70839464283608,-30.18813211738449],[-56.6971908065974,-30.20503592922611],[-56.68194769475513,-30.19449708175712],[-56.67868840316068,-30.20026306275749],[-56.66367874477667,-30.19742659154467],[-56.6524299320785,-30.20691158201121],[-56.64653269405186,-30.20384768515473],[-56.6460183664958,-30.20880451876036],[-56.65027422052997,-30.21215777189267],[-56.66874247796518,-30.21810164638989],[-56.66449018581979,-30.22185657217353],[-56.65074024391658,-30.22043509762105],[-56.64116333305209,-30.23481891180233],[-56.62412547605287,-30.24658429150227],[-56.6313386043209,-30.25524171440127],[-56.63942078412722,-30.25415777817943],[-56.63917248841484,-30.259127614617],[-56.62759888632551,-30.26686136228613],[-56.61496316339099,-30.26158003279992],[-56.60949795787766,-30.26943733896968],[-56.60768215616775,-30.28294598673911],[-56.62096492797247,-30.29300478894863],[-56.61874346854527,-30.30122901980074],[-56.61338817967928,-30.30048535902915],[-56.60514440014194,-30.292830023897],[-56.597530157985,-30.29576215588778],[-56.57739146271649,-30.2889249060341],[-56.57431204843771,-30.29131698244065],[-56.57587934141068,-30.30355984111238],[-56.56312065780257,-30.31166798253346],[-56.55784310992022,-30.31917525800456],[-56.55349762976114,-30.31913299018448],[-56.54697021704158,-30.31148941203888],[-56.54156324884735,-30.31314231720982],[-56.5408450815824,-30.32733512120802],[-56.53702372129563,-30.33413733883709],[-56.54969182006182,-30.33914746649216],[-56.55199260059742,-30.34415087306705],[-56.54405544066101,-30.35335126039021],[-56.54614400784239,-30.36064940240136],[-56.51943187240742,-30.35980391202516],[-56.50519029594506,-30.37047452887328],[-56.50709075603618,-30.38184140540797],[-56.49645296330376,-30.38706255110717],[-56.4913647552885,-30.39810942836989],[-56.48394231592225,-30.39884158551756],[-56.47644525686817,-30.38944398261638],[-56.46078308201069,-30.38563948792088],[-56.45386594991213,-30.40220599817978],[-56.44453710912215,-30.41160757723628],[-56.444912813499,-30.41577513588714],[-56.45391815808711,-30.42254218381537],[-56.43997848648535,-30.43252365397392],[-56.42631243435329,-30.43520886910389],[-56.41643442114477,-30.43136262579281],[-56.40801056884727,-30.44688577456713],[-56.39818766894658,-30.44843929641622],[-56.399784302241,-30.45856848915806],[-56.40703141537823,-30.45987308928569],[-56.40623633474537,-30.46861054859972],[-56.40167135456839,-30.47483176337176],[-56.39641063819212,-30.47221739456904],[-56.39558828062668,-30.48486828593052],[-56.38733026293531,-30.4869893157993],[-56.38366771749327,-30.49262737185191],[-56.38926668655702,-30.49306015995731],[-56.3834951356733,-30.49882242053957],[-56.3682595965773,-30.50316733335197],[-56.35986437167899,-30.4975744827787],[-56.36054024101998,-30.49529489427129],[-56.36472772529275,-30.4968180947188],[-56.36463557953528,-30.4920716152487],[-56.35715471041202,-30.49168032247563],[-56.35048608251937,-30.49661275579395],[-56.34895952758686,-30.50408986541062],[-56.33546875024746,-30.51200226330903],[-56.33393218300756,-30.51639861231077],[-56.3374284157224,-30.51881660892229],[-56.33679890657701,-30.52306722374873],[-56.33128454249145,-30.52935280320256],[-56.32694219329642,-30.52797564919371],[-56.32291510857837,-30.53181823389315],[-56.30755681223384,-30.53046247858297],[-56.29911915566237,-30.52467865836507],[-56.29733146447878,-30.52626413095944],[-56.29220765505191,-30.52050395628397],[-56.28727733922527,-30.52753937491005],[-56.2902958725183,-30.52922388252979],[-56.28900463172987,-30.53992450561332],[-56.27896007189176,-30.55326441577279],[-56.28215290087848,-30.55984998794056],[-56.27666937837092,-30.56069342993151],[-56.26592050753732,-30.55453756698793],[-56.25833755599859,-30.56201302780573],[-56.25673826569248,-30.56694762657911],[-56.26176919149927,-30.57002971408577],[-56.26183884810302,-30.58464656998162],[-56.25409122730827,-30.58702718388603],[-56.2450504066464,-30.57373709906664],[-56.23311561051315,-30.57485445379558],[-56.22625256247573,-30.57813153519495],[-56.2238411579191,-30.58479590323905],[-56.23449285636651,-30.58698889879097],[-56.23420548985899,-30.59360573891983],[-56.22435824051529,-30.59733044227704],[-56.21988005605575,-30.60707828952067],[-56.21409558959493,-30.60846482083978],[-56.19300107238314,-30.6037922649458],[-56.17094437697403,-30.61452385533831],[-56.17187537501322,-30.61882938140514],[-56.18286926073949,-30.62456273413519],[-56.18134492974566,-30.63130959029636],[-56.16556487614448,-30.64089187035114],[-56.16998302341516,-30.65406250392958],[-56.16075757791205,-30.67121576260634],[-56.1519419663026,-30.6804522316109],[-56.14322234898611,-30.67952272917846],[-56.13740749746218,-30.68362869503658],[-56.13888353870892,-30.68795106040564],[-56.15043528534363,-30.69407749072033],[-56.15079217636634,-30.70470099218679],[-56.13575676421295,-30.71016181749209],[-56.13030700730744,-30.71651512340256],[-56.1283817404301,-30.72029026942248],[-56.1327488625351,-30.73200327227637],[-56.12815997043556,-30.73962510044966],[-56.11914826812632,-30.73751235577242],[-56.11678154166376,-30.73304656409049],[-56.10733011018679,-30.73200189956202],[-56.09568776687112,-30.75402211054071],[-56.0883899612915,-30.75752474032091],[-56.07273241922587,-30.74538316348334],[-56.06318668375642,-30.75276029298285],[-56.06677594332695,-30.76421369684157],[-56.06213490733599,-30.77502142898217],[-56.03912713890981,-30.77522351154024],[-56.03597681023703,-30.78415905640711],[-56.02298050501021,-30.78614325799442],[-56.02102176339235,-30.7905733693825],[-56.02518409150682,-30.79859607887578],[-56.01601045873301,-30.80231926543023],[-56.01247179245354,-30.80730093358991],[-56.01647063025815,-30.81161105643654],[-56.01696920790246,-30.81845381885312],[-56.00874573605395,-30.81967822627356],[-56.0042407802781,-30.8303954209862],[-56.00437570139986,-30.8398410803203],[-55.99336845176607,-30.84590493177756],[-55.989644964144,-30.85899161498617],[-55.9903804134744,-30.866410798246],[-55.99784358779497,-30.87351448653839],[-56.00769466004768,-30.893527073998],[-56.01105146325985,-30.91195193408323],[-56.0054840391855,-30.9223193527934],[-56.01015407299602,-30.92708206776419],[-56.01036615743386,-30.9375652149343],[-56.01529262169057,-30.94451039646963],[-56.00943447298437,-30.94703266692888],[-56.01248467329227,-30.95282712310623],[-56.0114837386772,-30.96380454336298],[-56.00569409126073,-30.97323297790043],[-56.01080496259129,-30.97829772436996],[-56.00705907519354,-30.98375239600399],[-56.01320844403986,-30.99007038458648],[-56.01810235357028,-31.00993190012741],[-56.01423420130718,-31.02158965158888],[-56.01843829413678,-31.04772924655954],[-56.00765463611793,-31.07173702160752],[-56.01112340729775,-31.08157782779163],[-55.99267447185986,-31.08504725888998],[-55.97929876879712,-31.07319962115766],[-55.93359739399752,-31.08705341403556],[-55.93028367334546,-31.08626386517222],[-55.92424998469653,-31.0756978765518],[-55.91046061529389,-31.07509037496188],[-55.89869526994057,-31.06670888484647],[-55.89086500157894,-31.07714888462002],[-55.88244546251599,-31.07727311552069],[-55.87766789805508,-31.07261027735969],[-55.87075771547089,-31.07157021024876],[-55.86932381767981,-31.06498396890504],[-55.8552816666928,-31.04511572308037],[-55.84764531315845,-31.04209743788697],[-55.82977861542584,-31.04369811909754],[-55.83024851906644,-31.04051897960544],[-55.82703529551272,-31.04047317337656],[-55.81193925075836,-31.02165452551398],[-55.81218340832387,-31.01469443829011],[-55.7767178814631,-31.01560085310335],[-55.76655853946555,-31.01001853191205],[-55.76790741225025,-31.00348471360754],[-55.77463020791821,-30.99999751640809],[-55.77319897891483,-30.99705387913351],[-55.76310545454434,-31.00000142192163],[-55.7523329196168,-30.99858305407984],[-55.74575921624183,-30.98529364322875],[-55.74663914514738,-30.97946268573439],[-55.72829126961987,-30.97945249052584],[-55.73153950273239,-30.97408366097573],[-55.72435935798067,-30.96603514683235],[-55.72589739395185,-30.96272603147517],[-55.72236226965588,-30.95734381193529],[-55.72453629418938,-30.95123826104255],[-55.72104105110105,-30.945584135066],[-55.72390516339671,-30.942754489544],[-55.71602622347911,-30.94302133186827],[-55.70965011207004,-30.95462487522348],[-55.70395371495847,-30.95522166555969],[-55.6948726337888,-30.94345161661587],[-55.68882957277414,-30.94485746325343],[-55.68845937690637,-30.95236109643107],[-55.67623983002422,-30.95609144583145],[-55.66618638668726,-30.9539784702665],[-55.66446972414325,-30.94684126578281],[-55.66173015594546,-30.94863211291874],[-55.65857534647876,-30.9438279164035],[-55.66346821047172,-30.93316820319327],[-55.65603886916714,-30.92486528236747],[-55.64839787474857,-30.92296258928848],[-55.64211789468041,-30.91160088591191],[-55.65398913290945,-30.89656396743193],[-55.65570737916705,-30.88489923739512],[-55.6528908644876,-30.88330124031977],[-55.66316261606498,-30.87386267828562],[-55.65782341762475,-30.86382352057229],[-55.64997747042209,-30.86601748844082],[-55.64517279951863,-30.85757434083028],[-55.6466428786594,-30.85483459315477],[-55.63786140895851,-30.84622341895066],[-55.63264091607815,-30.8451926215157],[-55.62873158572371,-30.84801897092527],[-55.61865218207856,-30.84169303197056],[-55.60452164748677,-30.84986211852533],[-55.59073904394373,-30.84088587992549],[-55.5867605911972,-30.84119587644093],[-55.58520288752714,-30.83601850320946],[-55.57861478406698,-30.83290224276041],[-55.5774274440486,-30.84317994585419],[-55.56727747986969,-30.84544560239217],[-55.56260552992574,-30.85502201675903],[-55.56473265355996,-30.8567575640542],[-55.56356026060349,-30.86866114047459],[-55.55477712848708,-30.87259614904362],[-55.54590850849483,-30.89054409188595],[-55.53374377484167,-30.89725578620581],[-55.53252667316897,-30.90237221573342],[-55.52498656958557,-30.89797750475005],[-55.5101744826181,-30.90175575734146],[-55.50811410349658,-30.90431560156803],[-55.51014884015199,-30.9113414877293],[-55.50415961437365,-30.92475430941104],[-55.4885949847588,-30.92536177438345],[-55.48643260855596,-30.92827826781235],[-55.48973884448339,-30.93980845900088],[-55.48668993919294,-30.94766273731207],[-55.47835974188099,-30.95384954623569],[-55.45730841055086,-30.9513751924839],[-55.45226926573046,-30.96035243452629],[-55.44129054859003,-30.95973149042348],[-55.4380760971782,-30.97255850941674],[-55.43293879167577,-30.97272063330289],[-55.42457982513274,-30.98562892553365],[-55.43747342398811,-30.99431880395692],[-55.43443241998922,-31.00094190572296],[-55.43704950661253,-31.00471581886896],[-55.42526944231001,-31.01168027676474],[-55.42370891998885,-31.01775305524767],[-55.4149329156666,-31.01446630079431],[-55.4066897214149,-31.01874868798681],[-55.40490010391937,-31.02733157791575],[-55.39993041062464,-31.02856344223418],[-55.38724206643947,-31.02057306628488],[-55.38000100058136,-31.0235342145574],[-55.37389241841059,-31.01908727475682],[-55.37129368566401,-31.02341378775529],[-55.373395145374,-31.02796694472809],[-55.36928291448192,-31.03439781101295],[-55.35948693862439,-31.04021315834406],[-55.34944595023356,-31.03919516912574],[-55.35277187057005,-31.05721465761617],[-55.36010324523338,-31.06743425759864],[-55.35267190002858,-31.07035061223355],[-55.35016450448067,-31.06778915730979],[-55.34984049727072,-31.07228074958509],[-55.33898196424478,-31.08507798605616],[-55.32747430219923,-31.08818006394796],[-55.33350705677829,-31.09871227754109],[-55.33385507241499,-31.10499959189712],[-55.32869270653269,-31.11038436093698],[-55.32980223306867,-31.1165402155709],[-55.33703909450974,-31.11991235176631],[-55.34010375039218,-31.13141886004148],[-55.3262184058495,-31.13800439639718],[-55.32083055780019,-31.13584762907733],[-55.31863269954693,-31.14510676320479],[-55.31297415899615,-31.14704998484915],[-55.30522262809127,-31.14101705684763],[-55.29754466790115,-31.144420380302],[-55.29092945243575,-31.14226056722426],[-55.2904996572506,-31.15017635337479],[-55.28525910017604,-31.15640216609087],[-55.29008338407091,-31.15923950892502],[-55.29061870046881,-31.16367092105349],[-55.27469311236271,-31.17017900301057],[-55.27095885308788,-31.1769632091699],[-55.28573078289476,-31.18546670594819],[-55.28271732418185,-31.19390741660301],[-55.26280545991126,-31.19468412300656],[-55.25010499952027,-31.20600847389477],[-55.25398811572222,-31.21111921175446],[-55.24766383598399,-31.21598477235607],[-55.24855016080031,-31.24816423173078],[-55.24676209447655,-31.25224051693844],[-55.2403842335004,-31.25366063161402],[-55.24011876265579,-31.26057295209941],[-55.23532171083831,-31.25842391713838],[-55.21370784107081,-31.26320371316401],[-55.20233525159708,-31.26192554488746],[-55.1837865257423,-31.2653534638541],[-55.18007648396006,-31.27047262280471],[-55.16941952399426,-31.26940537209481],[-55.16339568806841,-31.2774353849352],[-55.16627701377649,-31.28105010679306],[-55.1635604940812,-31.28568953216603],[-55.15664754824572,-31.2854234268103],[-55.1523384644993,-31.29322734848918],[-55.13651680699787,-31.30134736750687],[-55.12575692533527,-31.30243751761034],[-55.12237914974597,-31.30485100547618],[-55.12206043124356,-31.31277961427595],[-55.10904044792662,-31.30768101011273],[-55.1028049246701,-31.31498615209098],[-55.0857133346312,-31.32114137521452],[-55.07446430070443,-31.33208967890531],[-55.05735602168095,-31.33174625774791],[-55.06180231055833,-31.32466842755412],[-55.05762734634347,-31.32214191038438],[-55.06008371868332,-31.31542999851122],[-55.05310960822956,-31.31391918280983],[-55.04773694846156,-31.30729515786309],[-55.04236287955599,-31.30703119654756],[-55.03654059925223,-31.29148122618784],[-55.03281265790197,-31.28949124387611],[-55.03585607057696,-31.28406910134421],[-55.03175998439959,-31.27860319510513],[-55.03651761697916,-31.2756797263982],[-55.03189348392268,-31.26974143947629],[-55.02027941909056,-31.26704035675777],[-55.00850663954283,-31.26991850240006],[-55.00717090170836,-31.26687400697066],[-55.0024076974581,-31.26921581283484],[-55.00053614404437,-31.28302089102409],[-54.99482061995615,-31.28308155316147],[-54.99563529262493,-31.28835377928221],[-54.98234071467328,-31.29605529017888],[-54.98001250110831,-31.30299644854068],[-54.98284621753246,-31.31139659490752],[-54.97878005978738,-31.31699997402791],[-54.95946833209759,-31.32324788005349],[-54.95307120980772,-31.33197133520214],[-54.95276750680785,-31.33932737517877],[-54.96020185104803,-31.34196730182422],[-54.95920887799947,-31.35245413843698],[-54.95293171677659,-31.3545882375439],[-54.9514580236994,-31.35167104440096],[-54.93505296396782,-31.35647629789412],[-54.93677092553326,-31.36423940719801],[-54.93378117638768,-31.369324235839],[-54.93708199991269,-31.37013478750723],[-54.94064671984852,-31.38064583107687],[-54.93249618815558,-31.38505377841942],[-54.91816903250667,-31.37885536713328],[-54.90481204015595,-31.38406574486832],[-54.89798963641225,-31.38135520688882],[-54.89963401496133,-31.37632851149777],[-54.89183961751304,-31.37483340217419],[-54.88597893518872,-31.3772778075503],[-54.88425579320556,-31.38110525097102],[-54.88739289395524,-31.38321603626644],[-54.87838557741217,-31.39807727203636],[-54.85792572798577,-31.40804962684908],[-54.86153715787811,-31.4179221118842],[-54.85719560269868,-31.41817334984119],[-54.836455276776,-31.44193832440596],[-54.82702578722585,-31.43634663958401],[-54.81178179276765,-31.4348333220799],[-54.8117363224687,-31.43184664312781],[-54.80488484818824,-31.42898878905265],[-54.78933203180927,-31.43480361532166],[-54.768615154686,-31.42601097259028],[-54.7520226939832,-31.42446286059955],[-54.75060703409567,-31.42743765313177],[-54.73884746178866,-31.42561553543467],[-54.73556293084193,-31.42974721785157],[-54.72461520512037,-31.42963645057239],[-54.71912920896725,-31.43847933974746],[-54.70348977728272,-31.43929655715351],[-54.70170704151761,-31.43556137288206],[-54.69903143169924,-31.43625057619324],[-54.69316209288699,-31.44538890653795],[-54.68293441980445,-31.44517968528434],[-54.67033787784252,-31.45407829574609],[-54.5864585607415,-31.45655295845471],[-54.58802824518433,-31.46020644258003],[-54.58322344618315,-31.46284926086654],[-54.57707311269978,-31.48133704592319],[-54.57067996412074,-31.48246879446313],[-54.56670384831919,-31.48708916092336],[-54.56119199873159,-31.48671604874718],[-54.55767080453716,-31.49459203499935],[-54.55378831880549,-31.4918002305038],[-54.54736187777122,-31.49838226699002],[-54.52500722458318,-31.50484235939811],[-54.52383832144373,-31.51066973705764],[-54.52116673448975,-31.50833747386572],[-54.5156441646077,-31.51017738349388],[-54.5103774185252,-31.52151815991352],[-54.50329557223994,-31.5271154328004],[-54.50160960792085,-31.53699657655813],[-54.4902595702959,-31.55102334298905],[-54.49364326418095,-31.55813881588386],[-54.48094450049726,-31.5697580895673],[-54.47294071403926,-31.57035297051388],[-54.46881783831225,-31.59271163580344],[-54.46436393186675,-31.58795181249469],[-54.46252803063155,-31.59262766619789],[-54.45797059384586,-31.59406073444348],[-54.45804934025497,-31.59827619981981],[-54.45238633876973,-31.59933660434209],[-54.45303622461073,-31.6030696010312],[-54.45731884673035,-31.60120506099231],[-54.45662281376946,-31.60743416545053],[-54.46002582282247,-31.60558439877916],[-54.46662265719917,-31.61304205897482],[-54.4632782457258,-31.61376412083436],[-54.4644764274418,-31.61912834778703],[-54.46017990563823,-31.6219220248497],[-54.46096213580834,-31.62661380356979],[-54.45366405701688,-31.62995584140236],[-54.45513541038569,-31.63544053599962],[-54.45151156012701,-31.6400362362744],[-54.45622681060095,-31.65170054443308],[-54.15383618567392,-31.87881834435134],[-54.14464943519487,-31.88182077248296],[-54.14052038016345,-31.89489255598007],[-54.11029184392048,-31.90803248437938],[-54.10528227245319,-31.91294791982007],[-54.1081239294432,-31.91864180076693],[-54.10038630014202,-31.92422740000163],[-54.10055086664922,-31.92807864118039],[-54.09431217629004,-31.93170643521051],[-54.09158844331928,-31.93029556719517],[-54.09013552452132,-31.93491417618191],[-54.08673892117412,-31.93514531205558],[-54.08803286276449,-31.93123990003657],[-54.08090813542852,-31.92946345272458],[-54.07725420201233,-31.92118092282622],[-54.07352047921351,-31.91876221407659],[-54.06999684236943,-31.9226195457515],[-54.06577515109702,-31.92177505909066],[-54.05368426361566,-31.90510475291683],[-54.04898993540297,-31.90564432909557],[-54.04044089821044,-31.89681871793825],[-54.03273372419444,-31.89547488876005],[-54.03223733400529,-31.89874405355241],[-54.02643365902443,-31.89692346414955],[-54.02340085711166,-31.90168400355862],[-54.01637112606098,-31.90103216895875],[-54.01839452133456,-31.90412617729553],[-54.01224311348429,-31.90522464736296],[-54.01655605465658,-31.90639284026193],[-54.01543529015245,-31.90860230333058],[-54.00682421350802,-31.90816932335098],[-54.00438115578882,-31.91462990860084],[-53.96979022856311,-31.91770162731037],[-53.96723704288326,-31.92007273814074],[-53.9692426383414,-31.92235736471686],[-53.963261464995,-31.92196026857567],[-53.961697630392,-31.93024358713363],[-53.9647581183142,-31.93020570357515],[-53.96713194419401,-31.93678489711137],[-53.97143992042774,-31.93525274514232],[-53.97253824382965,-31.94054534286941],[-53.96058049549669,-31.95528003292145],[-53.954579565527,-31.95700485406182],[-53.9481404556382,-31.95429137612056],[-53.94187549656717,-31.95869079809016],[-53.93638808475752,-31.95841489079349],[-53.93204205894799,-31.963175321913],[-53.91324345816253,-31.96567624330917],[-53.90672752830203,-31.97610975991446],[-53.89844970312944,-31.97847352713125],[-53.89678845183439,-31.98497539958219],[-53.89171619450683,-31.98877413976241],[-53.8913995478831,-31.99569055811721],[-53.87932091136889,-31.9949628352729],[-53.87168243362812,-31.99908540906081],[-53.87079542651998,-31.99545828934135],[-53.86406979593477,-31.9929062230344],[-53.86343032423333,-31.9961065890672],[-53.86018309000581,-31.99495299999048],[-53.86048320794669,-31.9975485789942],[-53.84975792969222,-32.00058776886394],[-53.85415896387477,-32.01038557316942],[-53.85153395600181,-32.01346331031054],[-53.85261750043126,-32.0296764398353],[-53.8468213665161,-32.02898336612348],[-53.83761761983312,-32.03339520087694],[-53.84272562525555,-32.03888861735697],[-53.83474820698127,-32.04151452777454],[-53.83309928167146,-32.04621544589772],[-53.83564410355955,-32.05165222029469],[-53.82758993101614,-32.05940970176513],[-53.81422139523268,-32.05935288400708],[-53.8146537721173,-32.06254075352841],[-53.80399706742784,-32.07072852432739],[-53.79103138348307,-32.06792591249045],[-53.78923666597276,-32.07221496244787],[-53.78116113347679,-32.06981828976873],[-53.76943937244261,-32.07336438376463],[-53.76383745184523,-32.07957108513713],[-53.756290878448,-32.07615367500277],[-53.75417384182862,-32.07942053412452],[-53.74582637031758,-32.07809368030046],[-53.74536637704043,-32.09143994374713],[-53.72527415013995,-32.0958468831012],[-53.73152867789465,-32.10591339684256],[-53.74008173282554,-32.10027855606067],[-53.73768356116246,-32.10653542671011],[-53.7442282797538,-32.11526248384733],[-53.72572825160685,-32.14005530594267],[-53.72597759756083,-32.14559840376124],[-53.73517281347397,-32.15160756339584],[-53.71761172170805,-32.15300260004533],[-53.72348824393681,-32.17367932933632],[-53.71284685864148,-32.17720627009517],[-53.71398810106411,-32.18803522002813],[-53.70278122172814,-32.188420636151],[-53.7113276943822,-32.19900571071202],[-53.70407568332478,-32.20710096199973],[-53.69840660271989,-32.20383053707019],[-53.69353835900307,-32.20484703759042],[-53.69357116742304,-32.21319998919938],[-53.68518962086006,-32.21962247521421],[-53.67643553154102,-32.23780730303187],[-53.67933859384305,-32.24306059641394],[-53.67779397917352,-32.25859789421112],[-53.66473791731957,-32.2750041094753],[-53.65718672609974,-32.27760658901583],[-53.6555153917062,-32.29053902025748],[-53.64286393017493,-32.29629947513605],[-53.6473546867056,-32.31195528950774],[-53.65588017354454,-32.31178922714334],[-53.65717014879524,-32.31681858352729],[-53.64308868588031,-32.32491966204175],[-53.64374252317213,-32.33573583412389],[-53.63333989810121,-32.35027617333132],[-53.63403551176379,-32.35652819318317],[-53.64362013817421,-32.36824866905376],[-53.6452053645998,-32.38385422487089],[-53.62786966947606,-32.38910669958266],[-53.61437520905694,-32.39840396304027],[-53.61209485362193,-32.40342997892437],[-53.61503112814228,-32.41657298011867],[-53.60025487482026,-32.43071729712224],[-53.58883557053164,-32.43517303475882],[-53.58403982348768,-32.45130535677841],[-53.56706141169034,-32.45853273542036],[-53.55516522947693,-32.47337661520607],[-53.54094859140314,-32.47293131794454],[-53.54353726333321,-32.47906796727678],[-53.53001415900408,-32.48302099794477],[-53.52642306587083,-32.48902292697248],[-53.52031843569406,-32.48106087154849],[-53.51545597034169,-32.48324306951375],[-53.51707143755357,-32.48924102309952],[-53.49955393915135,-32.4810385352885],[-53.48100487330041,-32.48393032978485],[-53.47093725502067,-32.48068944373652],[-53.46435492445267,-32.48472994022692],[-53.4628039323722,-32.4885088892107],[-53.46648540442818,-32.49327344373719],[-53.46211978054843,-32.49830779618065],[-53.4635224020808,-32.50271647925344],[-53.45657680663309,-32.51674871855657],[-53.45749911878061,-32.52229592343276],[-53.44945332079108,-32.52863355732533],[-53.43689588868549,-32.54816190257524],[-53.43243261245593,-32.56493111659556],[-53.42788882567344,-32.56611153858584],[-53.42179771693354,-32.55825914302233],[-53.41742171330503,-32.56089523149311],[-53.41664529915999,-32.56800293972405],[-53.41228613221222,-32.57261919882259],[-53.3899892815038,-32.58650928478165],[-53.38496462408919,-32.58525330342564],[-53.37867553940333,-32.57159705659594],[-53.36969704883647,-32.56986599945697],[-53.35553805290251,-32.59057460533408],[-53.34623124367595,-32.59161811222752],[-53.33881532835523,-32.58462225635004],[-53.33315606490164,-32.58503657052161],[-53.30719259932169,-32.60336344596568],[-53.28880511693767,-32.62109663923918],[-53.27859387538065,-32.6186278870217],[-53.27783648523285,-32.61154230798767],[-53.27179696114846,-32.60522348400911],[-53.24948965073207,-32.60320880910812],[-53.24558522141989,-32.60711173673369],[-53.24050516283847,-32.62713611455761],[-53.21468234028993,-32.63881704608784],[-53.18649513484399,-32.64487604325268],[-53.18062923012908,-32.65501875823998],[-53.07557652844454,-32.74088024642647],[-53.07928859377468,-32.77003138970321],[-53.08580182126491,-32.78834959194061],[-53.13295692423286,-32.78824604421629],[-53.14568895630913,-32.79202262391454],[-53.15496160970486,-32.80034452019721],[-53.15043652572087,-32.80587341756696],[-53.15810225384464,-32.82025164669915],[-53.18495897486687,-32.85043298777156],[-53.29457545188699,-32.89929728896958],[-53.31015943445847,-32.9187604502876],[-53.24470515594736,-32.9348822405283],[-53.44440934347961,-33.0529480890514],[-53.5182526482526,-33.15335232381092],[-53.52173738178721,-33.26514994535024],[-53.50791741850578,-33.35313566498665],[-53.5112050001005,-33.45949920838692],[-53.5252585107194,-33.52631842431989],[-53.5236255277924,-33.5934751924441],[-53.53460907635809,-33.60339177741297],[-53.53228231228122,-33.60922364289131],[-53.5365073821118,-33.61340592440954],[-53.52597300117255,-33.62556582990045],[-53.52961629964864,-33.63345074531779],[-53.5281627549867,-33.63992328801807],[-53.53165637923849,-33.64118419835524],[-53.52941384061677,-33.64403225046956],[-53.53545775072575,-33.64926969900347],[-53.53245729186066,-33.64962420830185],[-53.53101827391303,-33.65653082222289],[-53.53361573173606,-33.65919480944591],[-53.5307313247497,-33.65954910047498],[-53.53318208627567,-33.6617185352859],[-53.53221655743501,-33.66756777131422],[-53.52442744412187,-33.67429253701386],[-53.53098097757798,-33.67896042512304],[-53.52890708122063,-33.68775046749758],[-53.53235002746639,-33.68880448806675],[-53.43951599275925,-33.69346141250595],[-53.44311627914048,-33.69711937211235],[-53.43644673293417,-33.70134723713764],[-53.43869407314878,-33.71245169886055],[-53.43352252846653,-33.719923292398],[-53.435969839774,-33.72444510153544],[-53.43090533834555,-33.73085585682675],[-53.43105108301799,-33.73935475883765],[-53.42608201847447,-33.73937102609066],[-53.41674403732436,-33.74830160957445],[-53.39888092059648,-33.74816701248474],[-53.39536909286014,-33.75114990855641],[-53.38650437350481,-33.74617483353467],[-53.38020339891567,-33.74755749605799],[-53.36991299563595,-33.74383765025885],[-53.18489811459128,-33.6120418005459],[-52.80202404146155,-33.3049126180733],[-52.72665947351666,-33.23315109496975],[-52.65011109010956,-33.14169112852737],[-52.60346852132169,-33.06925730527524],[-52.48791282116478,-32.85106583700437],[-52.45583997043631,-32.76169005281338],[-52.41573387357111,-32.60523357353678],[-52.35987503677277,-32.46396172191023],[-52.3220209054807,-32.38854521079092],[-52.29303103468942,-32.33831874329925],[-52.25092147290813,-32.27984441332784],[-52.22521164709656,-32.25122890911155],[-52.19900577963272,-32.22660020283795],[-52.13307901216772,-32.17392667780214],[-52.11074247615639,-32.16353958279143],[-52.08199725410707,-32.16002160944649],[-52.07575375360593,-32.1414871371793],[-51.96890755537359,-32.03183844328974],[-51.9207815812775,-31.98774473637017],[-51.84767231909166,-31.93077759534587],[-51.74802089411791,-31.86998092452166],[-51.6123955916901,-31.80330630777515],[-51.48372377902963,-31.73193246241733],[-51.42723863191357,-31.69561744699906],[-51.26752184216099,-31.57861340380792],[-51.21453501648116,-31.53346258497661],[-51.04008028148061,-31.35994526506234],[-50.87914068190603,-31.22704152552956],[-50.76723934506042,-31.11011193345303],[-50.66785394525188,-30.96290425229112],[-50.5583124476015,-30.81819723181093],[-50.45360479197769,-30.66515124432085],[-50.37397998981938,-30.56289159500202],[-50.33156866144464,-30.49643977023963],[-50.30000901345776,-30.43244798191955],[-50.15796921966803,-30.06651813313283],[-50.11937861447807,-29.97642344385572],[-50.05266419291582,-29.83766020121057],[-50.05465696279493,-29.83432289715212],[-50.05967267181297,-29.83402096636962],[-50.07465006950591,-29.83988360496239],[-50.08145454672634,-29.84594348786539],[-50.08653806270286,-29.84526694558168],[-50.08708766359054,-29.82231719359482],[-50.08234486169411,-29.81015394088142],[-50.0835604703367,-29.79725969908484],[-50.07892280737736,-29.78164858760066],[-50.08217057871264,-29.76779356040362],[-50.13358922302215,-29.73046424447487],[-50.14055691864141,-29.71450888456597],[-50.16522032782615,-29.71543710400934],[-50.17140431106175,-29.70963139449247],[-50.17377737723205,-29.69849421941296],[-50.1861263545892,-29.69214038133917],[-50.19982172549279,-29.69084125139657],[-50.20262899760539,-29.6940597080929],[-50.19769268366527,-29.70665468824938],[-50.20096625453689,-29.72443351031544],[-50.17840134322407,-29.73748317018634],[-50.17060762651607,-29.75838125095564],[-50.17168838749465,-29.76632825952732],[-50.17727945354379,-29.78202572703039],[-50.18303633816355,-29.78307539274099],[-50.19886123713898,-29.76191188475295],[-50.20240487397728,-29.74733333175864],[-50.20647596177839,-29.74517582885308],[-50.22688356530338,-29.76323485778887],[-50.22325500918304,-29.77283630962605],[-50.23522024247001,-29.78430576549134],[-50.23185690688952,-29.79466178977346],[-50.24041489069636,-29.80447817374877],[-50.25018024937052,-29.82507992147219],[-50.24692171709864,-29.84000368012121],[-50.25058232968194,-29.86254582860811],[-50.26369472080168,-29.87870071329213],[-50.29463143105135,-29.89484247429955],[-50.34591036426229,-29.89721808345217],[-50.35717995567469,-29.89232541606587],[-50.38231262776707,-29.89043867954555],[-50.40134248075767,-29.87745076198226],[-50.40439217501189,-29.87003793544648],[-50.41454517341917,-29.86801740648586],[-50.42922263097903,-29.87800878152743],[-50.44569407664138,-29.8811611304392],[-50.45786597468476,-29.87856446656412],[-50.45975570520218,-29.88758016578575],[-50.47559521320554,-29.89774863245714],[-50.47148230965474,-29.90538273132885],[-50.47362553938182,-29.91137952103477],[-50.49085892962471,-29.92604748916285],[-50.50255696852591,-29.93253887380544],[-50.51181554424993,-29.93307511762869],[-50.5179309427667,-29.92845104362031],[-50.51153318928085,-29.91094842714102],[-50.51318397863436,-29.89766091913279],[-50.49951053626977,-29.88670102344176],[-50.49892592027658,-29.88193141391411],[-50.5156355983714,-29.87622807617619],[-50.52678188432711,-29.87791794060556],[-50.53832999569579,-29.87387804285684],[-50.53708205864672,-29.86663036325981],[-50.52314221193157,-29.86393730440923],[-50.52039640775731,-29.86049438043419],[-50.52426416949167,-29.85395204845631],[-50.52171152940107,-29.84816940102464],[-50.5237781861624,-29.84218240955148],[-50.52757564113686,-29.83986846960085],[-50.53474945605372,-29.84152266137782],[-50.53809363753047,-29.83830077434126],[-50.54076610136996,-29.81819503949193],[-50.54822788396987,-29.8171427109404],[-50.55780404340407,-29.83224772923984],[-50.56498593649001,-29.83230694682706],[-50.56961622938125,-29.82325928453842],[-50.57522712582612,-29.82187646517922],[-50.58427987872184,-29.82596893292744],[-50.60144013780218,-29.81527772854505],[-50.60472665519302,-29.8054820851344],[-50.62180892264968,-29.79937391589476],[-50.63019390165911,-29.79035934906159],[-50.63838003595642,-29.78720978848442],[-50.64563763411753,-29.78980613628434],[-50.66263945511707,-29.7889373532468],[-50.66930050484011,-29.79752240380558],[-50.67617134709826,-29.79784801328507],[-50.68041742078075,-29.80292539696939],[-50.68756227928783,-29.80289857932085],[-50.69982198928808,-29.8099912241629],[-50.70834074816799,-29.80359547993022],[-50.71939264022097,-29.80478162636548],[-50.74199261869801,-29.79726461450564],[-50.74749522492313,-29.78961414841707],[-50.743366123915,-29.78184283322948],[-50.74592227781624,-29.77820856275768],[-50.78521110015648,-29.77894340190547],[-50.79114024894514,-29.78742861254305],[-50.79986116271207,-29.79182662832751],[-50.80010690355758,-29.80895047384956],[-50.8142395926378,-29.81313962605952],[-50.8186785810366,-29.8184005898576],[-50.82989077529468,-29.819243146377],[-50.84600679168724,-29.83068724034654],[-50.84785742674745,-29.83910938786382],[-50.85567500514697,-29.84258199599687],[-50.8588835781685,-29.85493387264049],[-50.86541727431167,-29.85773266831668],[-50.87727618092009,-29.87349654588408],[-50.88890663362139,-29.87258841058367],[-50.89789813050638,-29.86777240183918],[-50.89871601846254,-29.86307011896687],[-50.89263788894704,-29.85045838424764],[-50.8944051699816,-29.84688555826003],[-50.90329871698115,-29.84678703848713],[-50.90807561085592,-29.83983736383261],[-50.91528551415015,-29.84041797031202],[-50.91838888138612,-29.84284228536102],[-50.91942011678918,-29.85157807524883],[-50.92881151537776,-29.85257344445816],[-50.93877773789227,-29.83824232608163],[-50.96051957843128,-29.8270550980746],[-50.96980307322943,-29.82782927162776],[-50.97253758510389,-29.83478905547276],[-50.95723667691071,-29.85148703545765],[-50.98072436063222,-29.86696550222191],[-50.99154302827154,-29.85953488191509],[-50.99608549136786,-29.8517533254369],[-51.01083147453545,-29.85038335079759],[-51.01927829762537,-29.83920102898572],[-51.03688682861196,-29.8496896634525],[-51.04230564463586,-29.84943948619244],[-51.05386464135029,-29.84191159358244],[-51.06016828103851,-29.84896179776682],[-51.08634047858921,-29.84670950594938],[-51.09426019380508,-29.84884702325936],[-51.09758321908832,-29.85527167000759],[-51.11390326182093,-29.85908470782731],[-51.1189389780349,-29.85483847285183],[-51.11176116287853,-29.84458106131885],[-51.12092105952474,-29.83737271056818],[-51.12105690823604,-29.83062259103344],[-51.1279348089685,-29.82602735225087],[-51.1286855919731,-29.8168888132029],[-51.13493698460068,-29.81191960825231],[-51.15648329589028,-29.80991749136829],[-51.16857246446708,-29.80464858539796],[-51.17706685600758,-29.81987708588843],[-51.18813645898287,-29.82336964160596],[-51.19993105619573,-29.80970339720178],[-51.22322239125784,-29.81313544033423],[-51.22406668412907,-29.79968857850701],[-51.23061567722122,-29.79441919091307],[-51.22985251948434,-29.7866831180847],[-51.25319080379608,-29.77443468689491],[-51.27807207793732,-29.77421769890552],[-51.28328590310781,-29.78113657100816],[-51.30224253395053,-29.78571356538022],[-51.33100154605336,-29.77971155381063],[-51.33261983919318,-29.77480359129217],[-51.32761133995784,-29.76575982176044],[-51.33085465835183,-29.75867652450083],[-51.3429343010291,-29.75571419996093],[-51.35048044972879,-29.74465571049208],[-51.34947352200977,-29.73481205450852],[-51.34232817004657,-29.72450676158502],[-51.34662755675538,-29.71935906540951],[-51.35551085542023,-29.7228060298339],[-51.36279973625658,-29.73981524483999],[-51.36771178637533,-29.74545838106603],[-51.37282746880119,-29.74643687244584],[-51.40575189058323,-29.72795033510166],[-51.41127211135593,-29.7197808221299],[-51.40937906886935,-29.71242071386245],[-51.41295739067296,-29.70426070815502],[-51.43531282803848,-29.71113729712724],[-51.44914040342564,-29.71064605832893],[-51.45617587452073,-29.72034887822555],[-51.46343189674882,-29.72338992531551],[-51.47875272079059,-29.71510368194306],[-51.48492329645688,-29.70768042977874],[-51.51503783143227,-29.70352149713298],[-51.52232458508599,-29.69546538107999],[-51.53444139283199,-29.69722569445722],[-51.53942047075415,-29.6907355824883],[-51.54825444461503,-29.68913798393379],[-51.56042597704958,-29.66750989475311],[-51.57055852042501,-29.66823627439701],[-51.57937222670727,-29.66402814206964],[-51.58620591366642,-29.66881046324254],[-51.59641109452195,-29.668626853021],[-51.60721144839416,-29.67853190793922],[-51.60551888782511,-29.69352649437288],[-51.61289491037201,-29.70269126439409],[-51.62072882381135,-29.70071858032458],[-51.6313688442232,-29.6924298736135],[-51.64561470348134,-29.70480076952229],[-51.65471051559123,-29.6982612645734],[-51.6775054876813,-29.69904686892169],[-51.68222450951544,-29.69507850444065],[-51.68037988305645,-29.68694582539938],[-51.68954993260992,-29.68439669973075],[-51.69530146801541,-29.6767219702616],[-51.70395440781954,-29.68397601289057],[-51.71881965203836,-29.68224731834542],[-51.72542147541758,-29.6877741501142],[-51.73844623601617,-29.68651755313651],[-51.747008051375,-29.68208066115615],[-51.7585319301264,-29.69808479809832],[-51.76520701751059,-29.69954531912207],[-51.76837029600466,-29.69672155978246],[-51.76813372100381,-29.68371001918495],[-51.77252904771345,-29.67769468809142],[-51.76703156232976,-29.6670346869672],[-51.77604076333815,-29.66107404020552],[-51.77999073757399,-29.64795811209127],[-51.79235192152188,-29.64215150661163],[-51.8029556124038,-29.64623790122207],[-51.80753467248086,-29.6546256764572],[-51.80811222473731,-29.66287505200921],[-51.7931886133244,-29.66628828700774],[-51.79109098612776,-29.6779982924995],[-51.80796661049467,-29.69276263281997],[-51.80707344794412,-29.70534044194299],[-51.81366453260483,-29.7165270489459],[-51.82691790388903,-29.71598530079549],[-51.83654597574549,-29.71136611327189],[-51.83945444860587,-29.70085778708613],[-51.85006633539549,-29.69266185934664],[-51.85582484011162,-29.6963308624423],[-51.85798670600533,-29.70322371956307],[-51.8644229855169,-29.70599945519498],[-51.88262308024924,-29.70386209351803],[-51.89022915571917,-29.70610717541729],[-51.90791165471125,-29.72699702329588],[-51.90328802327507,-29.74334382723206],[-51.88985036016476,-29.74004078137204],[-51.88460199026714,-29.7452885318777],[-51.88861774049436,-29.75461619104862],[-51.88309537013148,-29.77114137634181],[-51.87579656243349,-29.77506249198504],[-51.87039181376453,-29.79041386035387],[-51.87521816650029,-29.80606669320798],[-51.85733675225328,-29.8171042130994],[-51.83751850244682,-29.82448655410638],[-51.82278158641296,-29.85169905377807],[-51.82634746981213,-29.85629120838383],[-51.83633996101062,-29.85421136574287],[-51.83901922971498,-29.84485941133807],[-51.86016393881327,-29.83516604391475],[-51.8833118897825,-29.8394573993094],[-51.89911867890181,-29.83318180443012],[-51.92129100161864,-29.80549984682801],[-51.92599805635792,-29.78682772063179],[-51.94735446736647,-29.77827727291933],[-51.97799702694756,-29.75808836282334],[-51.98696075097168,-29.73688428711684],[-52.00694107941925,-29.7191353863777],[-52.00968382493735,-29.71095230023725],[-52.02133901949365,-29.70911812132659],[-52.03032083792806,-29.70358129332698],[-52.04379982420178,-29.71342960352281],[-52.04342078392434,-29.71989875577009],[-52.04811709848168,-29.72587616327361],[-52.06850204391537,-29.72846845674485],[-52.08186401927563,-29.72627495595302],[-52.11774241584853,-29.73286096193781],[-52.12623827361703,-29.73744190919647],[-52.13408678910692,-29.74755688784405],[-52.13814267572748,-29.74414237012081],[-52.13555401744706,-29.72583225830731],[-52.16720902123095,-29.69717686502907],[-52.17346800782368,-29.68279468820484],[-52.21840045598111,-29.68295907310339],[-52.23011436493055,-29.68679001530386],[-52.24996410870293,-29.7035514071718],[-52.27063290352206,-29.7077626421841],[-52.27650264894839,-29.72144989547011],[-52.28810554468902,-29.72911957543256],[-52.28860931442875,-29.73537523109834],[-52.28491650786878,-29.73767241225758],[-52.27178616177395,-29.73590246860567],[-52.26007110878965,-29.73076981309597],[-52.25676597299304,-29.73475888162281],[-52.25528574448864,-29.75296314957696],[-52.25081736863524,-29.75765010425299],[-52.22558154850415,-29.76122849061797],[-52.2181019593306,-29.75326875545198],[-52.20150361172713,-29.74661172877459],[-52.19092348084349,-29.74907225528549],[-52.18566694674083,-29.75408902049704],[-52.18380394024964,-29.76246761852823],[-52.20234237875477,-29.78348543991374],[-52.18981023136808,-29.79792953182749],[-52.18243533162842,-29.79958401174021],[-52.17089612312962,-29.81022547821886],[-52.17598955921601,-29.81981007387027],[-52.18436021661308,-29.82175769690474],[-52.19112479734593,-29.83216126890105],[-52.20301712436878,-29.83544733340692],[-52.21458887274051,-29.82945661390716],[-52.21119549143512,-29.81955122815448],[-52.21657383996345,-29.81302674527093],[-52.21726786849185,-29.80610471020035],[-52.22749416770851,-29.80353952718373],[-52.22784653706512,-29.79254560495527],[-52.2439419760267,-29.78337804783292],[-52.24570496436989,-29.77270096921807],[-52.25405484065295,-29.76593667279068],[-52.28258158530888,-29.76809205375074],[-52.29530949491476,-29.77903930848125],[-52.31491319126776,-29.77781190808328],[-52.32230317533801,-29.78744354789689],[-52.33743191175039,-29.78351951162151],[-52.3394549702892,-29.78719061409784],[-52.3339691561986,-29.80035824345908],[-52.34155758130509,-29.80614551180102],[-52.34833108237695,-29.8024155854264],[-52.35355995053683,-29.78587999319207],[-52.36227848807257,-29.7811202701674],[-52.36890491953378,-29.78176156991091],[-52.36953225676628,-29.79333601450987],[-52.37549033312498,-29.79489609983711],[-52.38539480162673,-29.78601117621678],[-52.3877962114787,-29.77736576298202],[-52.396346413463,-29.7774017723466],[-52.40941386963672,-29.76990399662515],[-52.40683337916533,-29.76262767588015],[-52.41031147089651,-29.75421303279109],[-52.40143801094261,-29.7457874731117],[-52.40065679384156,-29.74030108515806],[-52.40985760577355,-29.73407241459671],[-52.41008378052556,-29.72012425609557],[-52.4163829745293,-29.69843563682781],[-52.42556807303894,-29.69016172691014],[-52.44836579575316,-29.68687663807],[-52.4525913889635,-29.70102446097442],[-52.44973891343229,-29.70907075205849],[-52.45397465395874,-29.73215386546201],[-52.46109978920796,-29.74411008563968],[-52.45118119906111,-29.75672242815231],[-52.45643451469856,-29.77352522181993],[-52.44612310646399,-29.77927079830798],[-52.45716410757067,-29.78954906491813],[-52.46124370254206,-29.79972792635052],[-52.4478440369522,-29.81322992000294],[-52.46440419017836,-29.82259321802908],[-52.46577978904129,-29.83271065306901],[-52.4610107562495,-29.84482599488938],[-52.46850561016979,-29.85650721386597],[-52.46908042882281,-29.86659513958786],[-52.46527489139615,-29.87398462247325],[-52.46564309362454,-29.89157891223934],[-52.45962862444211,-29.90146815653281],[-52.44762304722136,-29.90481379808411],[-52.43372693655191,-29.89874863195652],[-52.42731102800768,-29.9108091258202],[-52.42842274071733,-29.92739102785375],[-52.42404224270506,-29.92815001989685],[-52.41617752589923,-29.92282832149332],[-52.39939676224221,-29.92213951382014],[-52.38631252922546,-29.93689644840173],[-52.38454181333738,-29.94822314784908],[-52.37280025309661,-29.95391293914791],[-52.3720791995969,-29.96694850215416],[-52.37790594849885,-29.97651975194049],[-52.4015311465141,-29.98127280037574],[-52.40592661133065,-29.97980441255719],[-52.40649056886999,-29.97607419979147],[-52.39824256022857,-29.97223938010102],[-52.39042213222515,-29.96099413604784],[-52.39884215329015,-29.95498362477334],[-52.40308680314619,-29.9466011399742],[-52.42704011348525,-29.9473602774807],[-52.43630219137636,-29.94306618488584],[-52.44479311579463,-29.94432112712787],[-52.44826907034038,-29.94007352320159],[-52.44938605697455,-29.92652515936005],[-52.46831384374531,-29.92753123559314],[-52.47575496629896,-29.91304245890198],[-52.48547329438866,-29.90778389663978],[-52.48423837138655,-29.89703780276316],[-52.48678839948121,-29.89091259811194],[-52.50313051259079,-29.88843976502985],[-52.51011223202263,-29.87630896029376],[-52.51787968621836,-29.87120828487446],[-52.52017081354452,-29.86399596928134],[-52.53788650351071,-29.86240110164049],[-52.53744972649822,-29.85822766428077],[-52.52544740516418,-29.84816585943828],[-52.52601469362439,-29.84424311047338],[-52.53736279765167,-29.83382984697593],[-52.55205206375312,-29.83175309132931],[-52.55590365354414,-29.82443726742054],[-52.56845684114595,-29.81817700420936],[-52.57447904109809,-29.80690754499481],[-52.6089203915569,-29.79214941401044],[-52.60926124605484,-29.7883923772495],[-52.60134194442252,-29.78043203339796],[-52.60206203493754,-29.77446735020216],[-52.62214706141842,-29.76794722921698],[-52.62208613419048,-29.75226696022157],[-52.63052732506576,-29.74580078013754],[-52.64569350840519,-29.74360502523633],[-52.65521889847999,-29.75190408725553],[-52.66768340773266,-29.75285434026829],[-52.67387111849455,-29.74560925781079],[-52.7078880710978,-29.74196596945771],[-52.72478645323723,-29.73457564280993],[-52.73879393676422,-29.73244003310968],[-52.75542598744842,-29.73771926434496],[-52.75985516813886,-29.74388342284221],[-52.77202095952605,-29.74625566975897],[-52.77827460615782,-29.74438390846518],[-52.79065605240451,-29.74690050235514],[-52.79661912341314,-29.74359740200337],[-52.82898615954436,-29.74167640420808],[-52.84836115128866,-29.74825355659249],[-52.85937569473901,-29.74194255053757],[-52.8644183255087,-29.73280114933525],[-52.87591365003211,-29.73205274780144],[-52.88527289350998,-29.72169602834932],[-52.8983483993625,-29.72126552119659],[-52.90778020564345,-29.72604119782994],[-52.92917583854581,-29.72389358685965],[-52.94298280658635,-29.72050262429818],[-52.95097494490665,-29.7143497834168],[-52.96135272053267,-29.71357681844016],[-52.97203623962629,-29.71961831708741],[-52.96909011428203,-29.73706215597046],[-52.9827866470166,-29.74770411991153],[-52.98239776147923,-29.75550919614858],[-52.97622300393668,-29.76229395284211],[-52.98177669253641,-29.76598756007299],[-53.0024580839688,-29.75250298796157],[-53.01347279182615,-29.73855798974514],[-53.03648820756865,-29.73074243577859],[-53.0478820463872,-29.72211795530504],[-53.06549534746129,-29.71551043921202],[-53.0704163545196,-29.72367901355313],[-53.06696688181551,-29.73537627903232],[-53.07044751368178,-29.74158098174227],[-53.06854986716191,-29.74749710329464],[-53.07125515449764,-29.76169648447904],[-53.13554823248628,-29.76500454350826],[-53.14664266976919,-29.75439497186461],[-53.15110747307421,-29.75373455930599],[-53.17014038534218,-29.77046615373881],[-53.1795599654038,-29.77364967545965],[-53.18789735544893,-29.79251015555777],[-53.19601038486859,-29.83169313104705],[-53.20416161033818,-29.84028855800505],[-53.21224270148089,-29.84239442837029],[-53.23898467758256,-29.83785516251648],[-53.26051405675639,-29.8394543479021],[-53.26947458403078,-29.83491971397688],[-53.26485987951954,-29.82175654195095],[-53.26823399933962,-29.8067208980123],[-53.27399809951807,-29.80169177276166],[-53.28035151688731,-29.79878985287281],[-53.30416915932322,-29.8021545648619],[-53.31441061307886,-29.79831398222116],[-53.31635242564753,-29.7850942395879],[-53.31309117627402,-29.78005273312512],[-53.31425220235446,-29.7740521548892],[-53.30178328311475,-29.77183248079014],[-53.29242208903832,-29.76476838602676],[-53.29369624340947,-29.74994186236575],[-53.30470820307713,-29.74249125578243],[-53.3307690346009,-29.75025216613336],[-53.34558284612308,-29.75108151975691],[-53.34903717145582,-29.74851497711548],[-53.34097342325045,-29.73554851022707],[-53.34099351109928,-29.70755021542113],[-53.32634913762555,-29.70721034253111],[-53.32651628689217,-29.71913269739276],[-53.31842944899061,-29.72924722513148],[-53.31062655817509,-29.73158157801786],[-53.30027585829595,-29.72158075802152],[-53.30412053174967,-29.70686971613322],[-53.30209459035198,-29.69476303779015],[-53.31766025594089,-29.68956443894951],[-53.3313932715466,-29.69781176361198],[-53.34601808543162,-29.69867929888129],[-53.35308297840466,-29.69067159437173],[-53.35649150428841,-29.6736651752356],[-53.36410635013176,-29.657440589889],[-53.38012377429698,-29.65237723731857],[-53.39092798318384,-29.65237959060436],[-53.39602702937514,-29.65694755255373],[-53.39908782698693,-29.67011858754763],[-53.41450917216322,-29.67331311188769],[-53.42187584254901,-29.66990742333836],[-53.44871381266518,-29.67389765831587],[-53.4632184099273,-29.6709507534646],[-53.47130011108813,-29.68426379773951],[-53.48956712207582,-29.68519198480628],[-53.49750136935096,-29.69182476678576],[-53.50247978165869,-29.70377128808421],[-53.5058992675224,-29.72638089926389],[-53.51531020748445,-29.73082877736148],[-53.52939813202592,-29.72633905100682],[-53.5369018472723,-29.73271817604332],[-53.55456016411352,-29.72423341232894],[-53.56695152586018,-29.73389371433055],[-53.57220037045364,-29.72989903984253],[-53.57607439626953,-29.71608999489153],[-53.58067076279498,-29.71346373411669],[-53.59483189229719,-29.71088687715796],[-53.61589487081056,-29.7209697873397],[-53.61952146901991,-29.71902087008909],[-53.62279687029538,-29.71019297428535],[-53.63443712824031,-29.71627366011863],[-53.63892120097529,-29.71568155274823],[-53.64472152935291,-29.69865061988378],[-53.63798238854205,-29.69113086320481],[-53.63575159198697,-29.67518753179159],[-53.64054051455654,-29.67339087438739],[-53.65327660558512,-29.67874147182625],[-53.66505769565391,-29.67080532883321],[-53.67096478548731,-29.65596897229301],[-53.67145835228228,-29.64466468381928],[-53.68369499221815,-29.63777654493451],[-53.68739517408595,-29.64088175029114],[-53.68753367281376,-29.65704484456379],[-53.69766848542103,-29.66291689345973],[-53.691876770428,-29.67331190009885],[-53.6971475822013,-29.67971170260641],[-53.7279550258855,-29.68025306479689],[-53.73465811460488,-29.67417924975926],[-53.73596924510679,-29.66734821763832],[-53.74119559474277,-29.6664129429925],[-53.76116084652102,-29.6791682509013],[-53.76394891869904,-29.69295424974086],[-53.77453484849599,-29.69656326207201],[-53.77534960244054,-29.70566123915913],[-53.78716960024125,-29.70997841196302],[-53.79030959780088,-29.71648554892578],[-53.79752260568105,-29.71863507545543],[-53.79768317199522,-29.72750689837061],[-53.81012066363402,-29.7340502736149],[-53.815064417654,-29.74322114908972],[-53.81979373959005,-29.74488265890773],[-53.82665375762586,-29.72731870180764],[-53.83339299304085,-29.72227471947788],[-53.83816193052293,-29.70577376155568],[-53.85190428582077,-29.70950951138684],[-53.87721954908252,-29.70542362080059],[-53.88173056835021,-29.6909421995929],[-53.87586422227825,-29.6830054014532],[-53.8632912151946,-29.68291287415885],[-53.85386750761538,-29.67789803556678],[-53.8453350549457,-29.68484643831452],[-53.84115325811173,-29.68477708188835],[-53.82934127700639,-29.66934126736689],[-53.84076397380873,-29.65714713410701],[-53.83417915552126,-29.64402120012083],[-53.84362989282373,-29.63809977847906],[-53.84358944377441,-29.61892482654889],[-53.85252674609642,-29.61044242790209],[-53.85371560219141,-29.60034061608752],[-53.8749775575845,-29.59480994880789],[-53.88434557053472,-29.58430591749466],[-53.89743826877569,-29.58410005033689],[-53.90750764908105,-29.58932116886755],[-53.92618466886124,-29.59253284644899],[-53.94447905310977,-29.59138894461926],[-53.95070907694816,-29.59984091263985],[-53.96758365938319,-29.59835475079346],[-53.97568956527068,-29.60154670214698],[-53.98431965788792,-29.59752616931659],[-53.99694070748783,-29.59709876909002],[-54.00280662430567,-29.59158426341062],[-54.01139277381768,-29.58959202757262],[-54.02060306947129,-29.58082723812297],[-54.02795600609672,-29.5800999643922],[-54.0451115475778,-29.58558120233635],[-54.04947920328619,-29.5914783399247],[-54.04666729131015,-29.59986939044771],[-54.05287858619283,-29.60270554325318],[-54.07525478094501,-29.58648728541769],[-54.07689332436488,-29.57507339437026],[-54.0883384962567,-29.56591153397592],[-54.09611248592453,-29.57896797183041],[-54.10570994693465,-29.58220037783654],[-54.11000228870797,-29.59339142285603],[-54.12430782465815,-29.59440216091357],[-54.13354565466791,-29.58542513798711],[-54.17105806599632,-29.57928053681898],[-54.18442783846805,-29.56991010333887],[-54.20042087604163,-29.57091106289641],[-54.2072312958765,-29.575144394447],[-54.21784007903724,-29.57201859188905],[-54.22050160004495,-29.56434357323883],[-54.21009851908373,-29.55511470492359],[-54.18922458011149,-29.5552320034779],[-54.18342019060844,-29.55181372851602],[-54.18396163279341,-29.54294366756733],[-54.19401440559636,-29.537127312557],[-54.21720648524285,-29.54009540400911],[-54.21818118849973,-29.54938152504733],[-54.22417752367701,-29.55225607551315],[-54.24858211651424,-29.54517834500657],[-54.26827876751196,-29.55202408578885],[-54.2927387912907,-29.53980424161466],[-54.29099641242056,-29.5288924651456],[-54.29469554375265,-29.52581326901312],[-54.30392044974678,-29.53184443490708],[-54.31086080722756,-29.53242165827696],[-54.31611622349984,-29.538973918214],[-54.33286873579222,-29.53527364047398],[-54.34749476303526,-29.54248366347692],[-54.34961915050321,-29.5463974059818],[-54.3446309102674,-29.55644044574871],[-54.34721904757188,-29.55974364310751],[-54.36344604333662,-29.56158551974971],[-54.37610653712571,-29.55658523906174],[-54.39845108479651,-29.5677153457606],[-54.41853762416299,-29.56441925541797],[-54.42181475941859,-29.57824435301657],[-54.42494560903209,-29.58026606722643],[-54.44783726093375,-29.56554186586513],[-54.4526588607979,-29.54954609420295],[-54.46250346831417,-29.55381131932528],[-54.49026992884335,-29.54094888630167],[-54.51345054584094,-29.55183074953155],[-54.52809058381995,-29.54789613825719],[-54.53878412905794,-29.53365398155243],[-54.54241031905869,-29.51866719102265],[-54.54279238903867,-29.51162961298575],[-54.52991151169527,-29.5003242962997],[-54.53209070630854,-29.49081285019374],[-54.54281927136535,-29.48551370499912],[-54.54718293936592,-29.47158650074384],[-54.54225190364022,-29.46530283349181],[-54.54443224103621,-29.45898216310789],[-54.55427839657512,-29.45089241014549],[-54.56064685853453,-29.44955530955569],[-54.56352127441081,-29.44230975488174],[-54.57110348077205,-29.4382093993821],[-54.56878949623893,-29.42404093887649],[-54.57087247752711,-29.41969829281563],[-54.58736246140715,-29.40639829491549],[-54.59580465300112,-29.40688465283233],[-54.60044879521617,-29.4003348730182],[-54.60864341782185,-29.40066511795729],[-54.61495837879647,-29.39587196339899],[-54.61067475056652,-29.38205419560211],[-54.61729079382,-29.37814978974507],[-54.62059215690177,-29.3702881175223],[-54.62866280065649,-29.36857749084322],[-54.63447925712,-29.36234118994975],[-54.64804609247999,-29.36279252224557],[-54.64951963625748,-29.37052609018483],[-54.64465419498327,-29.37677000179605],[-54.62873424825283,-29.3864384475699],[-54.62962917746503,-29.39028373999741],[-54.63900009122452,-29.39471957602147],[-54.63941158751506,-29.39838432976312],[-54.63321710538647,-29.40264444287868],[-54.63290051530642,-29.40860764862162],[-54.62534270157769,-29.41819720596308],[-54.61064097965794,-29.42669117416098],[-54.61183875050136,-29.43385442521254],[-54.63727174018545,-29.43852469863878],[-54.63914554409185,-29.43454456148215],[-54.63459788445105,-29.42796136396603],[-54.63558163872239,-29.42359903327757],[-54.65037429868661,-29.40992903616207],[-54.6764751053738,-29.41994874808278],[-54.68110310131789,-29.42782037301925],[-54.68639421753392,-29.42922075346165],[-54.70015569625536,-29.422717067739],[-54.72079432948889,-29.39611741689583],[-54.73468491890727,-29.39459247992862],[-54.7432995100999,-29.40112433948054],[-54.74374850762144,-29.40538013240307],[-54.73476412563058,-29.4175366023426],[-54.72281921936033,-29.42611932837948],[-54.72807864271476,-29.43348361114624],[-54.73659657448614,-29.43355019330416],[-54.74183953346292,-29.43806577744691],[-54.74187509198024,-29.44181541948196],[-54.73173818488603,-29.45279349722471],[-54.73083211143755,-29.46275775190512],[-54.74770295728955,-29.47455486711436],[-54.7372963179407,-29.48463757739407],[-54.7372635490728,-29.49456718944291],[-54.73155192703923,-29.50009231521942],[-54.72731022154519,-29.49871971334077],[-54.72206296643623,-29.48339181214279],[-54.71734854798709,-29.47904969963727],[-54.67972249656911,-29.47801052632182],[-54.67068875288903,-29.48117695789267],[-54.65826288387466,-29.49175878628116],[-54.64374402938081,-29.49100169750988],[-54.63656079052427,-29.49407644802142],[-54.62993810424044,-29.50248853108882],[-54.61803871400126,-29.50134884091927],[-54.60838308252908,-29.51101992612627],[-54.59570376167583,-29.51157584236031],[-54.58447646022803,-29.50711939045667],[-54.57582862567352,-29.5099995143002],[-54.57526465587583,-29.51430182449537],[-54.58520780098924,-29.52321110236916],[-54.59689304408863,-29.52463429602942],[-54.60966116825745,-29.51886686140393],[-54.62122625804241,-29.52424094322668],[-54.627860654939,-29.53494896077272],[-54.61851529439127,-29.56605339363598],[-54.62506306449059,-29.57349429076397],[-54.63445485897689,-29.57298158460679],[-54.65158802179518,-29.56618560839737],[-54.66078867073438,-29.55325783557375],[-54.66225201559991,-29.54589537977607],[-54.6725610783008,-29.53420163115497],[-54.69061982341633,-29.52567920201698],[-54.7035415612567,-29.52886628781946],[-54.72238971257749,-29.52643763941915],[-54.73108528201524,-29.51669788402614],[-54.73826805116747,-29.52231978385351],[-54.75065120250107,-29.52130989652359],[-54.76276533664942,-29.5342451434948],[-54.76912700544526,-29.53330477677415],[-54.7712666550414,-29.52686729478857],[-54.76004439268791,-29.51070504933782],[-54.7657234079032,-29.50252252751901],[-54.77446518625202,-29.50033743985782],[-54.77684186840194,-29.49274081697958],[-54.79414687449457,-29.48190381701209],[-54.79002747685077,-29.47507880915725],[-54.77923348983399,-29.46922945042742],[-54.7792174205667,-29.45656954490684],[-54.78173321641316,-29.44932181115841],[-54.79517909667959,-29.44538910328007],[-54.79812751785889,-29.44161063716775],[-54.78701294952565,-29.43658227551621],[-54.78726715586968,-29.42911380532001],[-54.78118845852702,-29.42509495662561],[-54.77889911299312,-29.41904415178111],[-54.76587873157195,-29.41351952556697],[-54.76743231882482,-29.40214511957358],[-54.75434259191564,-29.38618823720072],[-54.75392015253013,-29.37730679376354],[-54.75750329276806,-29.37176171516406],[-54.77789304634477,-29.376926282225],[-54.79425193599674,-29.36812929485761],[-54.82305515353259,-29.36961518075799],[-54.83551129385504,-29.37317284463142],[-54.8527562447867,-29.38797592798987],[-54.85932453710545,-29.39944603783893],[-54.8589041949641,-29.40857958554476],[-54.85091958648622,-29.41089715333854],[-54.84806747772772,-29.41493174913092],[-54.84918059007389,-29.43096279644104],[-54.84208300451064,-29.43443263982598],[-54.83989744262117,-29.44019491655285],[-54.84773693418119,-29.44407924090801],[-54.8568819845382,-29.44313783033596],[-54.85655465467668,-29.45566481141453],[-54.85923381717903,-29.45864718124882],[-54.87304344890802,-29.45945083386005],[-54.86911090948916,-29.47431366343416],[-54.87604049751088,-29.47872382994213],[-54.88057534401581,-29.49000432231469],[-54.89232076473493,-29.49023342578525],[-54.89932157406113,-29.48344789688535],[-54.92094319008419,-29.47738137413961],[-54.92490862334936,-29.48010467312657],[-54.92122656851721,-29.49005739577463],[-54.92577580741013,-29.49532811216779],[-54.94379436095859,-29.49523897717816],[-54.95462158680056,-29.49029771180289],[-54.95810614722538,-29.49554365439153],[-54.95648385715433,-29.50261166504955],[-54.96692945983744,-29.50778767292593],[-54.96716153853165,-29.51276818109037],[-54.96221651448682,-29.51785738032],[-54.96586141739692,-29.52535526358492],[-54.97010957170521,-29.53102902180134],[-54.97700073216829,-29.53204291555512],[-54.98694133126268,-29.54092658488594],[-54.99355300629754,-29.53857481148517],[-54.99181911436779,-29.5245806563824],[-55.0060145401343,-29.52549041302546],[-55.00949294149837,-29.51850579817787],[-55.01901676892106,-29.51770054980522],[-55.02379552684311,-29.50824050155204],[-55.02281333015402,-29.50491932817346],[-55.0068265406281,-29.49557498563262],[-54.99433833509274,-29.49481088183363],[-54.99113028846687,-29.49192727934794],[-54.9924050331452,-29.47918529621779],[-55.00183350044406,-29.47067969023975],[-55.01203137886525,-29.46925023162791],[-55.01184543525043,-29.45748473327171],[-55.0172317326226,-29.45724305743394],[-55.02130232450404,-29.46138182231965],[-55.02151024969224,-29.46807227483876],[-55.03112969891301,-29.48641774112401],[-55.03847009796464,-29.48890558475559],[-55.04655132054958,-29.484870461594],[-55.06760654247506,-29.49554596163177],[-55.07889216793679,-29.49105861711975],[-55.08835586277841,-29.48092157119131],[-55.10565477046021,-29.47547495589913],[-55.11425877364744,-29.46948864461768],[-55.12928871551536,-29.44735020617694],[-55.13457960300865,-29.44374054950696],[-55.14344495750365,-29.44346975789067],[-55.15046917368755,-29.43336067985103],[-55.14720028214936,-29.42998845912136],[-55.13707243328915,-29.43092542632388],[-55.11710005271243,-29.41663142645339],[-55.11567376966229,-29.40932904626397],[-55.11908450591127,-29.40213038547635],[-55.10611872054245,-29.39614001118296],[-55.10004456999731,-29.38548440061902],[-55.12389032398997,-29.34335369261628],[-55.12131760330064,-29.33307978181952],[-55.1125877026603,-29.33038232607363],[-55.10502048361984,-29.32212971334895],[-55.09095212290161,-29.32208804102512],[-55.08079324759802,-29.316801439817],[-55.06965295218551,-29.32276751046759],[-55.05034657167395,-29.31902572882207],[-55.04494890328684,-29.32525922943574],[-55.03232167849578,-29.32704492859553],[-55.03415945228716,-29.33588846219407],[-55.04190168046933,-29.34303058245419],[-55.05042915343026,-29.34232816328517],[-55.05529131050176,-29.34583752827267],[-55.05466062441553,-29.3494282639498],[-55.04653876547798,-29.35461327915585],[-55.05363937650809,-29.36772471516422],[-55.04434600982147,-29.37509527318808],[-55.02792229682695,-29.36553002564333],[-55.01726339284641,-29.36662561322195],[-55.01388330552746,-29.37247205050198],[-55.0231961518312,-29.37844974599619],[-55.02947694676715,-29.38718042244492],[-55.0303508447439,-29.39343168717168],[-55.02477478027204,-29.39833226627331],[-55.02515515240628,-29.40374246750479],[-55.04140965853696,-29.40966180298311],[-55.04605522592919,-29.41569533322661],[-55.04360274149327,-29.42059880457552],[-55.0240475155089,-29.42293427509156],[-55.01386286613346,-29.39754458033824],[-55.00458428426118,-29.38747819831331],[-54.99722993977349,-29.38486262131823],[-54.98030269578364,-29.38725876846085],[-54.97395546858302,-29.38497664856613],[-54.97032053200492,-29.38792835039262],[-54.97191942968582,-29.39864342050069],[-54.96950892803446,-29.40401332410263],[-54.94963437973659,-29.40277099987446],[-54.93096247749905,-29.42852400860395],[-54.92301208708783,-29.42913930347638],[-54.91988401057827,-29.42165978880133],[-54.9144453026787,-29.4204390375209],[-54.90809916392545,-29.43113176922828],[-54.90216474654476,-29.43174249889177],[-54.89031329943639,-29.4191158444737],[-54.8991809123137,-29.4060420179186],[-54.89750255544864,-29.38904083095032],[-54.88451009263738,-29.37104989150389],[-54.87101174114274,-29.36625907905899],[-54.86838291116158,-29.35841616875381],[-54.8758466837354,-29.35268061730689],[-54.87665721495911,-29.34364991034434],[-54.8846152461415,-29.34321394385454],[-54.90939872123953,-29.33096024564126],[-54.91248008894974,-29.32260564699572],[-54.90785540265033,-29.32020536659578],[-54.89127614811003,-29.32964492110405],[-54.88691524051313,-29.32901579596453],[-54.89037938757404,-29.3146784184451],[-54.88119601450243,-29.31117845462474],[-54.87794067238973,-29.30396419433213],[-54.86673070936569,-29.29911490462096],[-54.85917813013226,-29.28870436108295],[-54.84532830927606,-29.29867982447829],[-54.83500152122472,-29.29973083657509],[-54.83322838592225,-29.28736393056352],[-54.84017877906857,-29.27189497180441],[-54.85815375049158,-29.25717129522504],[-54.85255696448701,-29.2452463622215],[-54.84432473124234,-29.23885495689928],[-54.83375979154101,-29.23712106278608],[-54.82898246503623,-29.22931477099297],[-54.80580799282642,-29.22967164494396],[-54.80245136689594,-29.23328769581235],[-54.8017363279241,-29.24301878732542],[-54.78594885139029,-29.24201287491837],[-54.78704450128147,-29.24885560480604],[-54.79916351552477,-29.25614808346553],[-54.79874543878071,-29.25949651431273],[-54.79381622785345,-29.26172732276308],[-54.78649410659809,-29.2611801614965],[-54.77939870749305,-29.2560263783365],[-54.77009913403555,-29.26292597158794],[-54.76584047802165,-29.25934613262212],[-54.7624406469104,-29.24650930598045],[-54.74951795156781,-29.24501265888307],[-54.74395784343387,-29.25365813684299],[-54.75492096550587,-29.26033271240349],[-54.75599454891952,-29.27243039087166],[-54.73187928381665,-29.27526823997124],[-54.72270966075535,-29.28149135178111],[-54.71409645429015,-29.27064229303939],[-54.7304096807941,-29.2485920778128],[-54.72261809838419,-29.23483103226373],[-54.71704098683336,-29.23597690878707],[-54.71269169726439,-29.24819017619583],[-54.70047672785005,-29.24945893475714],[-54.6999748260645,-29.25675960108637],[-54.70401360848822,-29.26462792037147],[-54.69674967276235,-29.26911758860876],[-54.68505964465016,-29.26814785121735],[-54.68091235633469,-29.26251522785332],[-54.67292394120282,-29.26188855838144],[-54.67062979002193,-29.24635299376136],[-54.65891842106688,-29.24335205437436],[-54.65570323092903,-29.24606324927917],[-54.6544458061641,-29.2576273978012],[-54.64873399155525,-29.26288180739649],[-54.66042331310791,-29.27406974236883],[-54.65115869580368,-29.28598993810815],[-54.64044288148897,-29.29020552958703],[-54.6423125525443,-29.29962205420589],[-54.65525246893812,-29.30119192929102],[-54.652516776811,-29.30847914229506],[-54.62870042804301,-29.31300441889346],[-54.62211361736987,-29.32121165533285],[-54.59982040346067,-29.32294594442353],[-54.59331086149898,-29.31942828998308],[-54.58995576522118,-29.31297622443239],[-54.56771764004394,-29.31248169651581],[-54.55808789625964,-29.2899951368159],[-54.54052462290668,-29.27924295879778],[-54.54747246816514,-29.26640325550409],[-54.5401785823932,-29.25910208050078],[-54.52783378745109,-29.26301035056918],[-54.5180041608317,-29.25936262657476],[-54.51177808951803,-29.26441393541226],[-54.51282167781456,-29.28066934650135],[-54.50508125809434,-29.28253457957177],[-54.49643830238589,-29.27937935962095],[-54.47645364263634,-29.2982233471256],[-54.46559827620677,-29.29715496089509],[-54.46075096551572,-29.28952480091368],[-54.44953154258296,-29.29251617011122],[-54.44771508666854,-29.28704603839863],[-54.45357359404825,-29.2810416156188],[-54.47368484578308,-29.28071271287908],[-54.47691299254589,-29.27630601589624],[-54.46623696812457,-29.27276978375732],[-54.46155445840519,-29.26697012836224],[-54.44986877912864,-29.26450071175568],[-54.44032084041489,-29.26682310676511],[-54.43372022871676,-29.25816858754964],[-54.43476149851314,-29.24209111988349],[-54.43034425006655,-29.23884013077547],[-54.41421527249847,-29.24335998143688],[-54.40772749816671,-29.2525467811211],[-54.42119312461471,-29.25783623481359],[-54.43294384354317,-29.27951136312959],[-54.42733028321429,-29.28437568986672],[-54.40965513219517,-29.28408873213705],[-54.40555729829254,-29.29869177700595],[-54.42489626646226,-29.3044986978026],[-54.43426994154049,-29.31206471957668],[-54.44477366979584,-29.31267948119443],[-54.45888225445255,-29.33213663550979],[-54.45189272903695,-29.34363855132055],[-54.42953809687152,-29.34409037649209],[-54.42171463487617,-29.33544489420072],[-54.40083983088552,-29.33466407338423],[-54.39175473289512,-29.34640978015117],[-54.39904155758708,-29.35213671286618],[-54.39916353967202,-29.35595976422321],[-54.3745479662937,-29.37007039755338],[-54.37974701456021,-29.3783081419616],[-54.39376112975079,-29.37410025030228],[-54.40290101598984,-29.37636209981565],[-54.40623571150895,-29.37417727223307],[-54.40725630620067,-29.36705932809697],[-54.41092824983346,-29.36564393574801],[-54.41667450955536,-29.37162524462449],[-54.42653274615169,-29.37360007923235],[-54.42921274688804,-29.3779275840331],[-54.43136334126157,-29.39306480561227],[-54.42772812615919,-29.39875472597084],[-54.41645252384734,-29.39700056405194],[-54.41007989151331,-29.40447427983539],[-54.39735082823523,-29.40918745957912],[-54.40139297982113,-29.41533473309074],[-54.41736023262379,-29.42288438923655],[-54.42064466801421,-29.42905433700701],[-54.41350537171536,-29.43479953079644],[-54.40056262294664,-29.43791755396445],[-54.39645978337889,-29.44439176328354],[-54.39134882389848,-29.4428227164637],[-54.38719701849981,-29.42963156906657],[-54.37094854734536,-29.43173435411884],[-54.36959430278354,-29.42397647429551],[-54.36388943090902,-29.41904629042368],[-54.36809910166596,-29.41256918695246],[-54.36364288726174,-29.40609548244029],[-54.3666717332967,-29.39790817512558],[-54.3559144585138,-29.3912694919295],[-54.35428838318254,-29.38277464629064],[-54.33430473848259,-29.37999706839184],[-54.32616247270086,-29.383966865574],[-54.3131822172109,-29.37398417297766],[-54.30669953506343,-29.37779831608208],[-54.29944948400539,-29.37568425463211],[-54.28474580298403,-29.38035947401228],[-54.27881296721561,-29.37493695183227],[-54.27914484621943,-29.36698505896672],[-54.26914922640949,-29.3611076253231],[-54.26143471717731,-29.36416952418229],[-54.26032173930067,-29.37327702750764],[-54.23308003106676,-29.38168917450049],[-54.20837641408623,-29.36481395115703],[-54.2087496492098,-29.35767555420169],[-54.20553804551946,-29.35403820140398],[-54.18262358803647,-29.34854693734939],[-54.16449714709694,-29.33139668234621],[-54.15887638155564,-29.3365264205295],[-54.15932656468973,-29.34302701629912],[-54.15470992695769,-29.34760647497706],[-54.16316882488974,-29.35954156646867],[-54.15478203720491,-29.36884167032618],[-54.15569063942372,-29.37703971933045],[-54.15124544650835,-29.38721248939883],[-54.12791097974203,-29.37845227496362],[-54.11369850256862,-29.36432721132122],[-54.10118080388091,-29.372970203296],[-54.11179306371672,-29.39180995488769],[-54.11107835348705,-29.40082530989962],[-54.10494828167924,-29.41253258258353],[-54.08821502831162,-29.40393168435612],[-54.07566197940194,-29.41133640257382],[-54.06895725686035,-29.40899807061015],[-54.06749752098413,-29.40472304279404],[-54.07363747455242,-29.38967757018532],[-54.06583488808068,-29.38125798385288],[-54.06713596502977,-29.37107851110501],[-54.06353856554551,-29.36755391722169],[-54.05288464727045,-29.37333447688403],[-54.04707833141617,-29.38873175951443],[-54.03470306390466,-29.38957942283591],[-54.02705400496423,-29.38324613647185],[-54.01684806034989,-29.38640965590908],[-54.00926945592894,-29.39283413801538],[-54.01107867484107,-29.40302556120838],[-54.00585982637476,-29.4095462041373],[-54.01223615480057,-29.42625933508572],[-54.00496565058521,-29.43177658296598],[-54.00446982705729,-29.43695655802964],[-54.01017635084335,-29.44117785998807],[-54.02624112498228,-29.43741355027773],[-54.03274004389404,-29.44373171690521],[-54.00726255185277,-29.47134627838151],[-54.00937336698428,-29.47979622830316],[-54.00263508554779,-29.48891242041525],[-54.00313351319767,-29.50028764452324],[-54.00761821847782,-29.51033621718748],[-54.01807350895869,-29.51066072506587],[-54.02124507641011,-29.51425425753537],[-54.00386893148103,-29.53427597411397],[-54.00400293364701,-29.54020948614971],[-54.00794452397835,-29.54432806251207],[-54.02030982936144,-29.54625754199847],[-54.02557561058622,-29.55460350634079],[-54.02341167031866,-29.55855804927829],[-54.00349557258881,-29.55972063608906],[-53.99461137607732,-29.55400493378721],[-53.98537551234641,-29.55580776354944],[-53.97790895982967,-29.55309378091541],[-53.96571948685938,-29.5588667429972],[-53.95170604690205,-29.55931327054471],[-53.94576981308677,-29.54878549283013],[-53.94450045959689,-29.54149626589409],[-53.9476412229384,-29.53616522757272],[-53.94504119157983,-29.53030977119047],[-53.93830390329796,-29.52635005738242],[-53.92742462944816,-29.52543987858638],[-53.92404227093984,-29.51601085053203],[-53.91158435926386,-29.51760418002556],[-53.90427797510964,-29.51095609278921],[-53.88649087560527,-29.51649248696937],[-53.88188931473614,-29.52396609508431],[-53.86241726624541,-29.52396095830034],[-53.83527158232326,-29.53325378610525],[-53.8254577313719,-29.52955046048142],[-53.81856581304596,-29.53363631596539],[-53.81349714668503,-29.53033596138146],[-53.80760005652663,-29.51600509883221],[-53.79578892359559,-29.51949054448372],[-53.78476944077276,-29.51191738275221],[-53.77422363750738,-29.51492525846564],[-53.75582975112074,-29.50524842151069],[-53.75198633248919,-29.50996728988094],[-53.75342952297539,-29.5197037973305],[-53.7745826265333,-29.52782302624093],[-53.77782974010464,-29.53497706951997],[-53.78880424845008,-29.53807914821347],[-53.78484133830333,-29.5464355282636],[-53.79014943699251,-29.55417389951738],[-53.78748893424071,-29.55921749362357],[-53.77116861002588,-29.56046070196095],[-53.76748961154509,-29.54811051758348],[-53.75173687920587,-29.55123662456015],[-53.74324343946124,-29.54160381281917],[-53.7361670876248,-29.5387536643901],[-53.72949014085093,-29.54715123606016],[-53.73066341138752,-29.55254943233636],[-53.72664981359372,-29.56480840529302],[-53.71718431879913,-29.57870677244638],[-53.71252411184898,-29.57978606126713],[-53.70916229304276,-29.57642248091462],[-53.70949629410243,-29.55789326739136],[-53.71345536070584,-29.55168052383862],[-53.70708443501533,-29.54482077049166],[-53.70693292571352,-29.53898556023398],[-53.69146271392873,-29.53443386007374],[-53.68883557457358,-29.52748014656067],[-53.67441470447202,-29.51721532428275],[-53.66900147867263,-29.53772284095763],[-53.67245530970639,-29.54510217896818],[-53.68332693022132,-29.5517254901327],[-53.68664025294292,-29.55861101842887],[-53.68350602157377,-29.56187676845221],[-53.67552739459899,-29.5606253369187],[-53.67322367448999,-29.56456220196945],[-53.68518438130684,-29.57232078128231],[-53.68584917545112,-29.58210290240589],[-53.67481982748684,-29.59448798349122],[-53.66476150839085,-29.59460576690194],[-53.6603914019948,-29.60629060659591],[-53.6484099030413,-29.60675915986164],[-53.64138809643762,-29.59747673117084],[-53.62904636126479,-29.59923871033164],[-53.615831175464,-29.59404507814735],[-53.61466693308709,-29.587163928738],[-53.60918811891593,-29.58241343585148],[-53.61001289548102,-29.57591821632196],[-53.60100841881027,-29.56995897348164],[-53.6157679641403,-29.5617843699129],[-53.61730607021819,-29.55530071229592],[-53.63658993454789,-29.53514603925751],[-53.63757864642137,-29.52923325240362],[-53.64505574616776,-29.52603755690339],[-53.64505285974424,-29.521860957253],[-53.63513801869739,-29.51125735905242],[-53.65393302909752,-29.50280352755375],[-53.65460432694363,-29.4953721632622],[-53.66016896881516,-29.49111668746653],[-53.65780855844122,-29.48459247645824],[-53.66051274230656,-29.47781530504367],[-53.65487724449827,-29.46956586955606],[-53.66182232836564,-29.46384033106847],[-53.66162638240559,-29.45901769376843],[-53.65338160122723,-29.45446758253099],[-53.63102743483198,-29.45903074229853],[-53.62125340428174,-29.45528386716633],[-53.62526519084673,-29.44768345404134],[-53.64047849551104,-29.44209938980563],[-53.64998556376916,-29.44219393380738],[-53.65915646442275,-29.43081686188942],[-53.65788397933658,-29.42642111214883],[-53.64010695002199,-29.42933294251313],[-53.63125378897263,-29.4241242183133],[-53.6224307890408,-29.43092819623233],[-53.60528433028502,-29.43695543576986],[-53.6033753931595,-29.43108195787963],[-53.60967255056038,-29.41912956938923],[-53.62257912951006,-29.41671462509069],[-53.62624454490914,-29.41051978517841],[-53.62287782940948,-29.40719309963438],[-53.60052922245825,-29.40532771795537],[-53.59159898422311,-29.40859878702762],[-53.59694633318298,-29.41711326893956],[-53.59597945501024,-29.42449347111025],[-53.58082464953096,-29.43606961786725],[-53.56526164528881,-29.42645618009609],[-53.55143770283734,-29.42835680674268],[-53.54650161868214,-29.41802281041548],[-53.53480992690755,-29.41904791528712],[-53.53169103610777,-29.41107511656109],[-53.53514687855976,-29.40320159061914],[-53.54594142501668,-29.40156677780445],[-53.54907805261193,-29.39652896229204],[-53.5469890946944,-29.39328061740601],[-53.53848490975017,-29.3917646806385],[-53.54114234512765,-29.38293912126699],[-53.53172819606711,-29.37271224289528],[-53.5410171658249,-29.36339768274962],[-53.53848777368666,-29.35878839122163],[-53.52369050381039,-29.36276031187491],[-53.51520809395065,-29.37928534522556],[-53.49326057883003,-29.37914021238836],[-53.48593973796081,-29.38404508001694],[-53.47851323050308,-29.38143259932075],[-53.47383817592267,-29.37507795490184],[-53.46727545617799,-29.37480179895543],[-53.45586052940897,-29.38261784552061],[-53.45666982395581,-29.3897482594993],[-53.45213037533662,-29.39484417158934],[-53.43626472094427,-29.39290217961963],[-53.42863336939546,-29.39730306564509],[-53.41832575390018,-29.38710413246138],[-53.4120232043101,-29.36528460553144],[-53.40196108269339,-29.36623281152181],[-53.39027904662724,-29.36034144803158],[-53.39080831015415,-29.35381267619794],[-53.38562652451663,-29.34186162279058],[-53.35194644361802,-29.34234850912557],[-53.32873355152138,-29.35638183610255],[-53.3191404214878,-29.35547217723345],[-53.30790773969196,-29.35074807821328],[-53.3057836807136,-29.34218425375133],[-53.29367645579773,-29.3375421814196],[-53.29084208000714,-29.32892619329359],[-53.28382893096099,-29.32404722075633],[-53.25883275975098,-29.31745009522707],[-53.26259229741299,-29.30789912593619],[-53.26052454471528,-29.30113111564],[-53.25519531707398,-29.29746645323956],[-53.25079145029319,-29.28316958381476],[-53.25531949068203,-29.28007532849275],[-53.26748029192213,-29.2836418982032],[-53.27200852941811,-29.27978585143313],[-53.28306834007984,-29.27830997792679],[-53.28471570208801,-29.27344699737939],[-53.27610759463264,-29.26594154181579],[-53.26500331376504,-29.27011575541868],[-53.25617071130858,-29.25795946706152],[-53.25858255675335,-29.24921123211502],[-53.27119266479109,-29.25054313733564],[-53.28465145971541,-29.24281687016279],[-53.28204218942216,-29.23559013844015],[-53.27062446695386,-29.23983112709585],[-53.25937874342279,-29.23407823613296],[-53.25822311367688,-29.21444050355431],[-53.25260281568029,-29.20552750407181],[-53.25521643470896,-29.20167062437219],[-53.26516607021897,-29.20247078890931],[-53.27852792560989,-29.19395503374354],[-53.26948350088758,-29.18216714837022],[-53.26132313708565,-29.17833673554949],[-53.26251760648513,-29.1736033283836],[-53.2767031981817,-29.16621704251665],[-53.27552397224179,-29.16267505945575],[-53.26326000477472,-29.15576324293376],[-53.2637327232377,-29.14767639212253],[-53.27310290191735,-29.13783100404383],[-53.26520408813218,-29.13319652886554],[-53.26149457993814,-29.12456108795405],[-53.24857272087946,-29.12252169388653],[-53.24596456323013,-29.1165734816441],[-53.24873796833808,-29.11292875862428],[-53.25771742930511,-29.11335161104154],[-53.26597752731338,-29.11911982355757],[-53.27234369542182,-29.11187951350729],[-53.27691701545896,-29.10022610082015],[-53.26765505539559,-29.09414917859644],[-53.2655244630387,-29.08405601196412],[-53.26972683721306,-29.07803622479078],[-53.26689044860866,-29.07366463232847],[-53.25708085436106,-29.07587695642754],[-53.25104985100257,-29.08158442134521],[-53.22965668378718,-29.08152761423206],[-53.234229543654,-29.09584674021281],[-53.23246580875493,-29.10282862747209],[-53.22727738166787,-29.10571473135668],[-53.22018283852801,-29.10271919455902],[-53.21594366257109,-29.1052214530935],[-53.21595004330625,-29.10897638450072],[-53.22350390022953,-29.11707031605767],[-53.20824260236503,-29.13654617938504],[-53.21358138155621,-29.14149286817303],[-53.22470041708988,-29.14110007385583],[-53.22896364903605,-29.14755365080509],[-53.23596368975214,-29.14840858536577],[-53.24073625950298,-29.14417315021507],[-53.2506474893799,-29.14285069193704],[-53.25447832814707,-29.14528384996678],[-53.25198402339694,-29.15705573218157],[-53.2422646723907,-29.15736337718401],[-53.23700203313116,-29.16211399816953],[-53.22385165359152,-29.16305039325152],[-53.22070510567922,-29.16598088223936],[-53.23253058439247,-29.17873943332232],[-53.24843443499952,-29.1850476643427],[-53.24407227405677,-29.19014374477068],[-53.22602800734992,-29.18636118181776],[-53.22010856096513,-29.19660800681202],[-53.23860015019006,-29.21312727633237],[-53.2377923338537,-29.2166905619717],[-53.22916707438805,-29.22201132533131],[-53.24028753313724,-29.2327233932377],[-53.23868321049412,-29.23885161334812],[-53.23369910583519,-29.24040362401913],[-53.22614143223517,-29.2372506353711],[-53.21702228066926,-29.24190297505278],[-53.20639210985374,-29.23228647746013],[-53.19745636118392,-29.2286540611025],[-53.1786310951912,-29.23451575862554],[-53.15881080583737,-29.22809424286195],[-53.14452728105291,-29.23059217978306],[-53.13247588501434,-29.22245713380346],[-53.12403474610399,-29.22394546496014],[-53.11872205149258,-29.217952433216],[-53.11096481740396,-29.2162495617757],[-53.10147804440867,-29.19039794656308],[-53.08185906997058,-29.18079531360203],[-53.07698393751721,-29.17541837755085],[-53.07949296683694,-29.16803890258739],[-53.09611273260479,-29.16309060381483],[-53.0983884984914,-29.15494147310785],[-53.08634601301311,-29.14899886580766],[-53.08417498731449,-29.13851764846413],[-53.073761608152,-29.13452390984961],[-53.07529230500835,-29.12977353842355],[-53.08446635016525,-29.12247282822756],[-53.08805109946139,-29.11198198712243],[-53.07930767224117,-29.09816374257619],[-53.07935914770639,-29.08545424947366],[-53.08369897351652,-29.07478219317706],[-53.05961297889004,-29.0732982477989],[-53.05258377849427,-29.06585951544997],[-53.05928509926331,-29.05236049244298],[-53.07101373763942,-29.04088624332487],[-53.06083702159676,-29.02833901285789],[-53.05868714885236,-29.01321448522091],[-53.06862533118529,-29.00240216060617],[-53.07505318933954,-28.98921608855668],[-53.07081136384816,-28.97992434638022],[-53.07357411179653,-28.97185213503383],[-53.05441150888365,-28.96891532760491],[-53.05255954383964,-28.96183705895145],[-53.06889145035691,-28.95687527904454],[-53.08231978491644,-28.94110860695114],[-53.08693971178773,-28.9267872016079],[-53.08357091268122,-28.92009710151466],[-53.0775008027404,-28.91665074008612],[-53.07769386959286,-28.90817398627244],[-53.09487339277135,-28.90543869849887],[-53.10797457523663,-28.89753526202048],[-53.11075896726089,-28.89269285814394],[-53.10994896797702,-28.87708414083122],[-53.10644267088961,-28.86955492957792],[-53.10715450059666,-28.85417595253271],[-53.11483052922883,-28.84186073675682],[-53.10943313547577,-28.83364214689294],[-53.11236450257857,-28.82124439240557],[-53.10570196708206,-28.81512392411373],[-53.10942325849286,-28.80262382553269],[-53.13390779947204,-28.79976328864646],[-53.13712497406653,-28.77690270018268],[-53.14836723613396,-28.76771080075832],[-53.16939952619661,-28.76930586207051],[-53.17830190897919,-28.77397440789261],[-53.18006761703784,-28.7811185210493],[-53.18917331349044,-28.78533725320113],[-53.2003612269475,-28.78241165236354],[-53.20533994260097,-28.77290694916924],[-53.20175998011481,-28.76469681327897],[-53.2017465743486,-28.74886613894229],[-53.21445226734102,-28.74328224844726],[-53.21819272107055,-28.72696629785684],[-53.21616516728874,-28.71617929515559],[-53.22358724095735,-28.70356596605779],[-53.22033673734652,-28.69927974726581],[-53.2003760619089,-28.7003866950353],[-53.18164211555546,-28.70913018713825],[-53.17653385287371,-28.70168423854399],[-53.17984039711742,-28.68928235312223],[-53.17797249949648,-28.6812425864534],[-53.18780414605993,-28.66727845760852],[-53.19325640766294,-28.64708688537519],[-53.21971754232928,-28.6257970328016],[-53.21548069785361,-28.61353440140197],[-53.22634498169759,-28.5996681417656],[-53.22915155919331,-28.5793850251234],[-53.22797947201447,-28.57247000059005],[-53.22325485589982,-28.5693116455038],[-53.20227260127908,-28.57034023413769],[-53.17649319604324,-28.55066849015117],[-53.17729317183399,-28.5441831629531],[-53.18406357643357,-28.53613330514555],[-53.18343437560245,-28.53092068163987],[-53.17664275584537,-28.52546357091915],[-53.1783943333103,-28.51393482861543],[-53.19188929589016,-28.5054851371713],[-53.18546661078859,-28.49447123640464],[-53.19585442633794,-28.48388952112356],[-53.19404494613536,-28.47643909401967],[-53.20198597360431,-28.46488633916969],[-53.19581230022786,-28.45649455143851],[-53.17426251174498,-28.45864673706865],[-53.16837702477515,-28.44907684450029],[-53.17593717283158,-28.44267379463276],[-53.17639079481199,-28.43780829941791],[-53.16966750430877,-28.42946335760567],[-53.17707081604048,-28.42409606480255],[-53.17655783832524,-28.41161537046046],[-53.1905767211212,-28.39503310748627],[-53.18570721658916,-28.38401308193208],[-53.18580349135239,-28.37508947592849],[-53.1786079552416,-28.3682395876575],[-53.18139323038915,-28.36100071250785],[-53.17706644135526,-28.34015378349878],[-53.16119859449991,-28.33930013751048],[-53.151942814744,-28.33404225413041],[-53.14622435112399,-28.32891423012628],[-53.14446830508652,-28.32158335518263],[-53.13423959791223,-28.31526077759421],[-53.12986361242534,-28.30731574765837],[-53.13527745363577,-28.29381819905258],[-53.15304071436689,-28.27743450784144],[-53.1508380215339,-28.2735886766418],[-53.1384360031396,-28.26895808926568],[-53.14273443903161,-28.26038107105234],[-53.13920524962859,-28.25214611585345],[-53.15490620822602,-28.24013175589677],[-53.16636626483311,-28.22056246261076],[-53.16577817998917,-28.2169066112554],[-53.15908812747013,-28.21619229155468],[-53.13746132318488,-28.22721547582654],[-53.12333632039909,-28.21858512786154],[-53.11182538487109,-28.19495629048854],[-53.1046464960079,-28.19098471944029],[-53.10111298810973,-28.20709574132971],[-53.11010983363402,-28.22636091281968],[-53.10896375265613,-28.23318402532777],[-53.11356248733069,-28.23775540258216],[-53.11266236859445,-28.24547278451878],[-53.08541468811262,-28.25421819226709],[-53.06736050814461,-28.24888690259344],[-53.06495367949316,-28.25196729518483],[-53.06712959770134,-28.26009637645947],[-53.05206455880154,-28.27201356886391],[-53.02706334157848,-28.27557957578146],[-53.02664136650969,-28.2813143369601],[-53.0333784320325,-28.28959295284005],[-53.04426695824135,-28.29413649421333],[-53.05620257455936,-28.30422732841219],[-53.06094568240632,-28.30297918486435],[-53.08033835456461,-28.27718570022889],[-53.0986009626165,-28.28595243517615],[-53.10004063733224,-28.29679735941093],[-53.08460805249276,-28.30730948118468],[-53.08261865110812,-28.31269255998941],[-53.08861168825078,-28.32048524527351],[-53.09951325081939,-28.32412629984682],[-53.09887193145023,-28.33410207136321],[-53.07363827007197,-28.3486626738956],[-53.06914752366083,-28.3542813059458],[-53.07114318245788,-28.36004675619089],[-53.06904009248021,-28.36435539731594],[-53.0577967080165,-28.36771270906246],[-53.05393974143907,-28.36584101094504],[-53.05196077368866,-28.35828401993688],[-53.03938433421019,-28.35996137795218],[-53.03706269014466,-28.3529746943705],[-53.03069482195197,-28.34723067145663],[-53.03038708013393,-28.33979300043457],[-53.02388951515504,-28.33879934325057],[-53.01738144262401,-28.34812869136197],[-53.02003186580946,-28.35588060522749],[-53.02690011580525,-28.36049106401076],[-53.02591818014336,-28.36705611431706],[-53.02118355145459,-28.3714362924151],[-53.02261296497024,-28.37955921725505],[-53.03907454371215,-28.38279427112743],[-53.04133426776858,-28.38737407981388],[-53.01599841431324,-28.39782573640248],[-53.00738500959253,-28.41122588597736],[-52.99191405760988,-28.3978961097564],[-52.99056700854592,-28.38864940136903],[-52.98201831757599,-28.38926135743025],[-52.98120576503386,-28.39895675619497],[-52.9872671053301,-28.41540426590297],[-52.98144577332582,-28.43034097205165],[-52.96458735352395,-28.42749211955694],[-52.96455334408232,-28.42189724039945],[-52.97210868564466,-28.41728094146357],[-52.96831301742008,-28.40831035859022],[-52.96908093957492,-28.40115415390069],[-52.95218160896236,-28.39437652806606],[-52.95032924056981,-28.38394895591071],[-52.95703002241921,-28.38029021082158],[-52.96193294273307,-28.37278383463973],[-52.95378121849688,-28.36813220315202],[-52.95187936032894,-28.36140887128116],[-52.9635068313172,-28.35579180314175],[-52.95427835101172,-28.3476168418735],[-52.95154804717519,-28.34029107964466],[-52.96250241448566,-28.33383099051244],[-52.95860617316935,-28.32801839290531],[-52.96091554577076,-28.32127084648213],[-52.95283370295411,-28.31734233652382],[-52.94911627881054,-28.30603910741489],[-52.94529976382953,-28.3042307169478],[-52.93904740563121,-28.31045464652431],[-52.94427005416055,-28.32353070301907],[-52.93988499511068,-28.32954650812432],[-52.9412911606254,-28.33922936791205],[-52.93334343488439,-28.34287004542827],[-52.92688338324504,-28.35506997138253],[-52.93235279712155,-28.36121407518708],[-52.93087724776697,-28.36622940859806],[-52.920934977469,-28.36800425279242],[-52.9050337674983,-28.35440672324038],[-52.89479694922463,-28.35883080925186],[-52.89555970122282,-28.36287653611489],[-52.90507466861474,-28.36989320346113],[-52.89953422037486,-28.37595203736781],[-52.89989723375822,-28.37959474745864],[-52.91091779816209,-28.38111366503728],[-52.91364136722442,-28.38434856005926],[-52.9083370314953,-28.39027648182918],[-52.89946362421581,-28.39127192830125],[-52.89639223212374,-28.39564264642173],[-52.89699951018405,-28.40401021058455],[-52.88724844512636,-28.4039946704001],[-52.88084016062163,-28.39985843307078],[-52.87855416083131,-28.39239504433903],[-52.8806098299841,-28.38540679783967],[-52.87270042670898,-28.38072365312401],[-52.87229399300652,-28.37235971350523],[-52.86708276337471,-28.36957440679657],[-52.86038593968599,-28.37264018254292],[-52.85638282637483,-28.37049159327163],[-52.85439289880068,-28.34645616197261],[-52.86294246918938,-28.33970452945118],[-52.85548302275611,-28.33301673542713],[-52.85429404971281,-28.32510406258402],[-52.84953177929135,-28.323713804211],[-52.84485169094079,-28.33021818333926],[-52.83794229932258,-28.33108940912126],[-52.83179699850365,-28.33683372590103],[-52.84043169961087,-28.34310847720587],[-52.8421602762169,-28.35325190713151],[-52.83897205972801,-28.35612844299352],[-52.83057093547252,-28.3557478949146],[-52.82832708826454,-28.35959302290135],[-52.83879667007556,-28.36710402336304],[-52.83903900126094,-28.37123703632177],[-52.82744139940591,-28.37744183910906],[-52.81373682477037,-28.37564847908189],[-52.81034497553608,-28.37906790465433],[-52.81368071438621,-28.38425222857849],[-52.82478817079405,-28.38836403203496],[-52.82467245723338,-28.39598183331292],[-52.83592927412226,-28.40240665624478],[-52.83598100356478,-28.40674873217642],[-52.82923528792144,-28.4098516321414],[-52.81741087861305,-28.40599150930285],[-52.80937182951606,-28.41050455935112],[-52.80088274565231,-28.40247442684613],[-52.79252967919281,-28.40244169635497],[-52.78889830011489,-28.39606410476516],[-52.78458234441761,-28.39530498142087],[-52.7817794524435,-28.39847982780459],[-52.7828823513626,-28.40719168331007],[-52.77185032827108,-28.41187270964977],[-52.77140857043103,-28.42714570784671],[-52.76319787284692,-28.43215861985148],[-52.75564660237891,-28.43227059538343],[-52.75025699963491,-28.44034490941908],[-52.74423884204487,-28.44200086601698],[-52.739816069635,-28.4396649045102],[-52.73939827248311,-28.42741123383525],[-52.74463714413037,-28.42205096495157],[-52.74356968207974,-28.41603917747945],[-52.74895017027514,-28.40943859654238],[-52.74894902448699,-28.40219810843025],[-52.73844879568225,-28.40267559090676],[-52.73373590526413,-28.39457712790505],[-52.71972564996224,-28.39368467715025],[-52.71668519542892,-28.38400599982153],[-52.72745122032646,-28.37644894149056],[-52.73178730023256,-28.36444353707668],[-52.743485488248,-28.36201519924758],[-52.74497843873729,-28.35525206843913],[-52.72717528727667,-28.35426495365136],[-52.71546101895829,-28.37133365256145],[-52.70677841830785,-28.37284662715724],[-52.70202340558003,-28.3785884517607],[-52.7069822859218,-28.39287775597009],[-52.69862067993033,-28.40925071963283],[-52.68984043319261,-28.411736094928],[-52.68297256471541,-28.40986355803788],[-52.67522770288071,-28.41515822382374],[-52.66943333176786,-28.40978598211513],[-52.66199697541757,-28.40933174598318],[-52.65809233637035,-28.40358747996132],[-52.64945957675768,-28.40620413991563],[-52.64489788623951,-28.40232479245837],[-52.64461908743689,-28.3928928824876],[-52.65129879932663,-28.3817718021167],[-52.66785990825222,-28.37393767809924],[-52.66857924631916,-28.36938355522254],[-52.65990286182522,-28.3671458557644],[-52.65170788837407,-28.37027458993168],[-52.64477272221084,-28.36585361018092],[-52.64045777280558,-28.35364978291749],[-52.62506536338452,-28.34988455559794],[-52.6203960980112,-28.35712164582075],[-52.61256484805504,-28.35889066364733],[-52.61109995507998,-28.36440893678076],[-52.61880672357593,-28.36905725059748],[-52.63392749514323,-28.36930515977279],[-52.63709273151693,-28.37494214860403],[-52.61900842695984,-28.38809923830593],[-52.61068963061695,-28.38862506504312],[-52.6093418220833,-28.39589890957841],[-52.60309432170026,-28.399324548384],[-52.60932649283963,-28.41706067107987],[-52.60216080737329,-28.42153885219442],[-52.58895693373622,-28.41732497697193],[-52.58605862301081,-28.42257846440253],[-52.57898245411671,-28.42601482300074],[-52.5817031702627,-28.43969054746926],[-52.56643659440618,-28.44242104297137],[-52.57592972156478,-28.45440867642169],[-52.57528942292697,-28.46194928262918],[-52.58366218833395,-28.46539398201228],[-52.58650377133682,-28.47535405947183],[-52.57899830622509,-28.4769076121984],[-52.57431886449878,-28.47147150753981],[-52.56476225861763,-28.46925441527503],[-52.55701604895427,-28.47777272409246],[-52.53737754245847,-28.47658848201773],[-52.52968389274184,-28.4794076269855],[-52.52442646520529,-28.4701163824937],[-52.53124892234902,-28.46611828693271],[-52.5329146482082,-28.46090783646384],[-52.52586514263397,-28.45371587913876],[-52.53282296054557,-28.44574188483936],[-52.52348106319412,-28.43715246732696],[-52.53606123329721,-28.42462612108947],[-52.55081523853649,-28.42212097228405],[-52.55020589462426,-28.41639743698288],[-52.54207943031807,-28.41659761995108],[-52.53386641796642,-28.41144623253784],[-52.52464400112128,-28.41409358950409],[-52.51892776193582,-28.40198993317026],[-52.50918429397436,-28.40185597688601],[-52.50253759009664,-28.40693991566239],[-52.50388507234509,-28.42225556947787],[-52.50860845829624,-28.42765881752423],[-52.50966484556975,-28.44547996117167],[-52.50750477691073,-28.4524181782635],[-52.50135516540389,-28.45685218101472],[-52.49311121843446,-28.45158727020323],[-52.4907113698646,-28.43698175944128],[-52.48178082227385,-28.43285998176423],[-52.48339140460201,-28.42477659655693],[-52.47913310757853,-28.41939451724182],[-52.46787019347462,-28.4201714364228],[-52.46259095329285,-28.41197737238959],[-52.45400736906151,-28.41010272593233],[-52.45193509876758,-28.40258860659655],[-52.44380519125906,-28.39992845760612],[-52.44631136229795,-28.3897452011661],[-52.45193334202522,-28.38392843705705],[-52.44823584739773,-28.3771990582783],[-52.44283960277676,-28.37775791787444],[-52.43451534744712,-28.39007191256032],[-52.42258476882737,-28.39227351397601],[-52.41534451883572,-28.38780935712825],[-52.40705656208464,-28.39194079409026],[-52.39986024145733,-28.38576144280608],[-52.38962423308257,-28.38450339651935],[-52.37509027046658,-28.37201821123612],[-52.38560552348354,-28.35983801080103],[-52.39005186562723,-28.3624148318024],[-52.39253501648948,-28.37029925412758],[-52.40795473011659,-28.36791632654579],[-52.41083784941105,-28.35077051589667],[-52.42034809932824,-28.33872703812824],[-52.43621117089396,-28.33653057694692],[-52.4277343730404,-28.32716322663979],[-52.43026861142265,-28.31474536824915],[-52.44612632198108,-28.31216973802893],[-52.46630312076945,-28.29422175616592],[-52.47474178656236,-28.29825286935255],[-52.4807217862211,-28.29522901160519],[-52.48352603908471,-28.28016362987663],[-52.47579215111748,-28.27366190024134],[-52.46637258417088,-28.27142057907251],[-52.46377822533941,-28.26498426731143],[-52.45514349436178,-28.25817400331196],[-52.44587156196422,-28.25711692129645],[-52.44253694504394,-28.23271118204455],[-52.43535034290354,-28.231319170214],[-52.42502700948806,-28.23724353526161],[-52.41840428358535,-28.24530424442978],[-52.40349417666001,-28.24211382317667],[-52.39759266569013,-28.23255801283118],[-52.38559767225541,-28.22675298244738],[-52.37658620689709,-28.22956134146169],[-52.37018101991897,-28.22392323003089],[-52.36559477084699,-28.22389684115957],[-52.36347823883079,-28.23750390104576],[-52.36803065070752,-28.24249488809802],[-52.36886312574003,-28.24919450825684],[-52.3643914824294,-28.25702890777691],[-52.3714785148334,-28.26382515956331],[-52.37216130530161,-28.27264752049008],[-52.3652283888376,-28.28149202409823],[-52.35573578344819,-28.28412117784117],[-52.35017623223755,-28.29142789749137],[-52.34298970104741,-28.29398550105838],[-52.34096387440626,-28.30756347503268],[-52.33487450315047,-28.31243539582317],[-52.33556977310582,-28.32111947804641],[-52.32756097746554,-28.32307570337524],[-52.32533407466027,-28.3133665048459],[-52.31172770442285,-28.30264185628483],[-52.30552864102707,-28.30788024786666],[-52.30770580416785,-28.31996543390513],[-52.3053088604385,-28.32847136596418],[-52.29146122753692,-28.33126930705642],[-52.27144191037677,-28.3224517271254],[-52.25374492834182,-28.32817329827542],[-52.24174453930072,-28.31958416081024],[-52.25531191948559,-28.3040853960227],[-52.25186976659325,-28.29685676675899],[-52.24416433892539,-28.29571067801086],[-52.23789821401949,-28.29033643914664],[-52.23037942664952,-28.29043787826499],[-52.21146019881319,-28.26854158621121],[-52.17464004015827,-28.2480251898377],[-52.17439718565901,-28.24265516707091],[-52.18177982060605,-28.23280357003959],[-52.19610210454822,-28.22601738250041],[-52.19478090544309,-28.21609553921164],[-52.17533222646507,-28.21450040913199],[-52.17340772758774,-28.20335418802274],[-52.16924632098671,-28.20078762934558],[-52.15222454106583,-28.2030949820006],[-52.14775116339587,-28.21364275253262],[-52.13703099843651,-28.21356842855451],[-52.11452197860767,-28.18442840119979],[-52.10289298213707,-28.18150255223959],[-52.10061830837198,-28.17781737462745],[-52.11837684522887,-28.16416616817284],[-52.118270110643,-28.15572342006871],[-52.13056387712164,-28.13775730703194],[-52.14420557989399,-28.13850892178968],[-52.16330168351961,-28.13173343885552],[-52.17057888439739,-28.13845066648705],[-52.17011392870619,-28.1557320769044],[-52.18713393426245,-28.16197473415903],[-52.19949459044126,-28.15579362437248],[-52.20866667425857,-28.14590045498731],[-52.21114434458687,-28.13086874855557],[-52.20481801217834,-28.12042615294028],[-52.20664764236336,-28.11666884392916],[-52.21284512124016,-28.11696062266608],[-52.21935825392465,-28.12185371978603],[-52.22175034823205,-28.1289393028821],[-52.2348505091154,-28.13505441703079],[-52.24769482403835,-28.12083209617089],[-52.25630082808175,-28.1199652504138],[-52.26182118819239,-28.12465721237117],[-52.26635552169545,-28.12399934228788],[-52.26837242336529,-28.11654201524864],[-52.27633266923977,-28.11325990655146],[-52.27564929372384,-28.10701248614209],[-52.28017312080774,-28.10295891851618],[-52.28364357651235,-28.09171284521619],[-52.28088495064969,-28.08806125354517],[-52.27248609093144,-28.0875155568123],[-52.27062233616099,-28.08073003061913],[-52.2843053620629,-28.07964213422251],[-52.28703289978372,-28.0758480164213],[-52.27642726825546,-28.06530323961996],[-52.26209206211332,-28.06652833455868],[-52.26053209159631,-28.06018347919137],[-52.26673783024801,-28.05487471659789],[-52.26479956476803,-28.0475343325695],[-52.26122214571546,-28.04551743900941],[-52.25469595112703,-28.04757754842809],[-52.2496935124046,-28.04398648844567],[-52.25667285162184,-28.03475858835271],[-52.25594135000635,-28.02448822903963],[-52.2651934082879,-28.01716289484693],[-52.2574819302537,-28.01166215489412],[-52.24947102381791,-28.01096905678972],[-52.24992489594884,-28.0019837247712],[-52.25756860485568,-27.9968609376062],[-52.2734877608673,-27.99441532977619],[-52.27470840327383,-27.98274684240267],[-52.27884003461278,-27.97862180896766],[-52.29601289444618,-27.97564108011848],[-52.30630635941223,-27.98317314929707],[-52.31099557129416,-27.97309325257731],[-52.31614183074088,-27.97089774179408],[-52.32923721025917,-27.98158217120569],[-52.33694767409429,-27.97830691964887],[-52.33887654874272,-27.95652812749145],[-52.33048290110449,-27.94320605080593],[-52.31643506808923,-27.93724787024691],[-52.31208977951052,-27.93233354996567],[-52.30540945503199,-27.9318514159133],[-52.30135938416687,-27.92678395157535],[-52.29208060451383,-27.92676425677459],[-52.29110546203255,-27.91558022456197],[-52.27895320756901,-27.90553054601065],[-52.29058660209042,-27.88892225291985],[-52.27748731119809,-27.87903192330641],[-52.28115836355405,-27.87231687977598],[-52.28004838279449,-27.85908441507503],[-52.28581525147299,-27.84978580194547],[-52.29593456317352,-27.84376235031251],[-52.29767776927809,-27.83801844923351],[-52.28340644417169,-27.82214208797567],[-52.27192933225387,-27.82244883486924],[-52.26525172249887,-27.81322787420654],[-52.2642805405775,-27.80516566804957],[-52.2756630673041,-27.78626069220963],[-52.28014222338144,-27.76965147963697],[-52.29019509396803,-27.75534208939515],[-52.28855486326037,-27.73802714705622],[-52.31315674465993,-27.73535156693423],[-52.31502915759744,-27.72906847310393],[-52.32077256442918,-27.72479539201327],[-52.31828933622575,-27.71716858442104],[-52.32041471686273,-27.71371645443223],[-52.33326408260918,-27.70829486802955],[-52.34115125214878,-27.71176842521649],[-52.35551831254372,-27.70852674698592],[-52.35859466928851,-27.71102416392922],[-52.36129324584987,-27.73132056226249],[-52.36854490009478,-27.74621810717159],[-52.372755792216,-27.74781090059723],[-52.37582531189543,-27.74469675940694],[-52.37422193008084,-27.73073637009665],[-52.38717866984355,-27.7330296771647],[-52.39007171623629,-27.71911705947622],[-52.4001752119441,-27.71966063728117],[-52.41655014615748,-27.71032380052962],[-52.42030982879781,-27.71277041757836],[-52.42429480359914,-27.72435088229941],[-52.41871288728065,-27.73149908747903],[-52.42041822099246,-27.73914509903014],[-52.4151765801715,-27.74979294393045],[-52.40413110687872,-27.76583470105384],[-52.39528289024538,-27.77232499619743],[-52.4007243601487,-27.78239499794394],[-52.40577864515209,-27.78198022585908],[-52.44017911152541,-27.75354052435484],[-52.44805693515969,-27.76367195158426],[-52.44418653892386,-27.77197981212333],[-52.43252412665559,-27.77180738027576],[-52.42803804971366,-27.77978372958834],[-52.43429175514981,-27.794839371019],[-52.44362908291409,-27.78959421398721],[-52.44711941055922,-27.78402533878056],[-52.45534475178601,-27.78597805349421],[-52.46058988565036,-27.7812433835388],[-52.46741062894715,-27.78100187701849],[-52.47585117855946,-27.76840930527982],[-52.48839841948416,-27.76453268425636],[-52.49503521033558,-27.76902317335953],[-52.50281643250282,-27.76901300921257],[-52.50670448336458,-27.77849621524676],[-52.51430142597648,-27.7771070781231],[-52.52979993029691,-27.78236701283307],[-52.54010315593669,-27.79491893087628],[-52.54521712878994,-27.7929507301638],[-52.54612626262193,-27.78130300852174],[-52.55458996650209,-27.77763970754009],[-52.56164369586476,-27.77809445201827],[-52.56817449987395,-27.78409524249107],[-52.57842622650465,-27.78644286379],[-52.58032927886398,-27.76449653818361],[-52.58908862653348,-27.76267550418535],[-52.60357075345766,-27.7690440280639],[-52.61175371455612,-27.76893244607771],[-52.62584674073632,-27.75715095521894],[-52.62813724950217,-27.74936063794633],[-52.62440493405298,-27.74310941509588],[-52.61527234430538,-27.74206803682646],[-52.60907289267089,-27.73596553695622],[-52.59700538671161,-27.73631421934273],[-52.58965162708369,-27.74407850008595],[-52.58325125196261,-27.74389379186022],[-52.58364271341394,-27.73429377586059],[-52.57283027213196,-27.73206599019101],[-52.56865587810719,-27.71412307525156],[-52.55641692853187,-27.71039448861407],[-52.55265853136066,-27.70476465525195],[-52.5524647259522,-27.69622793600959],[-52.56098697259547,-27.69446609058346],[-52.57546297896349,-27.67814054448424],[-52.5826369958792,-27.67630416347451],[-52.58462428337732,-27.66608958353256],[-52.5914626204606,-27.65977874040439],[-52.61178277832741,-27.64933795122289],[-52.62523750514136,-27.62838456697935],[-52.62683631818757,-27.6082557580664],[-52.63710952460099,-27.60120002743266],[-52.63983700275358,-27.59515332034207],[-52.64963193728925,-27.58923219014125],[-52.66301315841653,-27.58822590582879],[-52.67093160966734,-27.57950232501924],[-52.67872243165309,-27.57703368157942],[-52.67962384609537,-27.57130602156505],[-52.67308367677364,-27.55934514348576],[-52.68149713583874,-27.54394768352188],[-52.70194708036544,-27.54122896201774],[-52.71017788158264,-27.53632507587261],[-52.70986854823201,-27.53132369942848],[-52.70218749157584,-27.52517918324479],[-52.70556508684278,-27.51875580933445],[-52.7141129831539,-27.51731643244763],[-52.71650039467278,-27.51162738703947],[-52.72210368548459,-27.50841191101605],[-52.71830694072394,-27.49889974111513],[-52.72012356360852,-27.49422592123462],[-52.72974516791329,-27.49280895390106],[-52.73615075965201,-27.49538879051919],[-52.74951388219994,-27.48830228095171],[-52.76076168323622,-27.49186442213076],[-52.7717923476672,-27.48605514653325],[-52.79262460639685,-27.49143436452028],[-52.79410375650331,-27.49544976745882],[-52.79061385675561,-27.50265355203318],[-52.80342541820641,-27.50740558397766],[-52.81190083025808,-27.50062193379039],[-52.80302077656278,-27.48978399122172],[-52.80292532693684,-27.48265533309702],[-52.82472285804868,-27.46295277699861]]]]}},{"type":"Feature","properties":{"name":"Pampa","area":14.822544380206296},"geometry":{"type":"MultiPolygon","coordinates":[[[[-50.55388595726983,-29.82640251096889],[-50.56018400892554,-29.83327910512536],[-50.56632433201015,-29.83159893150922],[-50.56884902022062,-29.82398531063852],[-50.57273786315049,-29.82202726219471],[-50.58384528370028,-29.82617683526136],[-50.60144013780218,-29.81527772854505],[-50.60472665519302,-29.8054820851344],[-50.61293402936412,-29.80413245178289],[-50.627072771741,-29.79601255118724],[-50.63019390165911,-29.79035934906159],[-50.63957117453188,-29.78707119485642],[-50.64563763411753,-29.78980613628434],[-50.66263945511707,-29.7889373532468],[-50.66930050484011,-29.79752240380558],[-50.67617134709826,-29.79784801328507],[-50.68041742078075,-29.80292539696939],[-50.68756227928783,-29.80289857932085],[-50.69177206971978,-29.80735552861032],[-50.70255395634608,-29.80972739029584],[-50.70834074816799,-29.80359547993022],[-50.71939264022097,-29.80478162636548],[-50.74199261869801,-29.79726461450564],[-50.74749522492313,-29.78961414841707],[-50.74374084152564,-29.77995754687629],[-50.7552025051692,-29.77686214618145],[-50.78625507464726,-29.77949601519511],[-50.79114024894514,-29.78742861254305],[-50.79986116271207,-29.79182662832751],[-50.80010690355758,-29.80895047384956],[-50.8142395926378,-29.81313962605952],[-50.8186785810366,-29.8184005898576],[-50.82989077529468,-29.819243146377],[-50.84600679168724,-29.83068724034654],[-50.84785742674745,-29.83910938786382],[-50.85567500514697,-29.84258199599687],[-50.8588835781685,-29.85493387264049],[-50.86541727431167,-29.85773266831668],[-50.87727618092009,-29.87349654588408],[-50.88890663362139,-29.87258841058367],[-50.89789813050638,-29.86777240183918],[-50.89871601846254,-29.86307011896687],[-50.89263788894704,-29.85045838424764],[-50.8944051699816,-29.84688555826003],[-50.90329871698115,-29.84678703848713],[-50.90807561085592,-29.83983736383261],[-50.91528551415015,-29.84041797031202],[-50.91838888138612,-29.84284228536102],[-50.91942011678918,-29.85157807524883],[-50.92881151537776,-29.85257344445816],[-50.93877773789227,-29.83824232608163],[-50.96051957843128,-29.8270550980746],[-50.96980307322943,-29.82782927162776],[-50.97253758510389,-29.83478905547276],[-50.95723667691071,-29.85148703545765],[-50.98072436063222,-29.86696550222191],[-50.99154302827154,-29.85953488191509],[-50.99608549136786,-29.8517533254369],[-51.01083147453545,-29.85038335079759],[-51.01927829762537,-29.83920102898572],[-51.03688682861196,-29.8496896634525],[-51.04230564463586,-29.84943948619244],[-51.05386464135029,-29.84191159358244],[-51.06016828103851,-29.84896179776682],[-51.08634047858921,-29.84670950594938],[-51.09426019380508,-29.84884702325936],[-51.09758321908832,-29.85527167000759],[-51.11390326182093,-29.85908470782731],[-51.1189389780349,-29.85483847285183],[-51.11176116287853,-29.84458106131885],[-51.12092105952474,-29.83737271056818],[-51.12105690823604,-29.83062259103344],[-51.1279348089685,-29.82602735225087],[-51.1286855919731,-29.8168888132029],[-51.13493698460068,-29.81191960825231],[-51.15648329589028,-29.80991749136829],[-51.16857246446708,-29.80464858539796],[-51.17706685600758,-29.81987708588843],[-51.18813645898287,-29.82336964160596],[-51.19993105619573,-29.80970339720178],[-51.22322239125784,-29.81313544033423],[-51.22406668412907,-29.79968857850701],[-51.23061567722122,-29.79441919091307],[-51.22985251948434,-29.7866831180847],[-51.25319080379608,-29.77443468689491],[-51.27807207793732,-29.77421769890552],[-51.28328590310781,-29.78113657100816],[-51.30224253395053,-29.78571356538022],[-51.33100154605336,-29.77971155381063],[-51.33261983919318,-29.77480359129217],[-51.32761133995784,-29.76575982176044],[-51.33085465835183,-29.75867652450083],[-51.3429343010291,-29.75571419996093],[-51.35048044972879,-29.74465571049208],[-51.34947352200977,-29.73481205450852],[-51.34232817004657,-29.72450676158502],[-51.34662755675538,-29.71935906540951],[-51.35551085542023,-29.7228060298339],[-51.36279973625658,-29.73981524483999],[-51.36771178637533,-29.74545838106603],[-51.37282746880119,-29.74643687244584],[-51.40575189058323,-29.72795033510166],[-51.41127211135593,-29.7197808221299],[-51.40937906886935,-29.71242071386245],[-51.41295739067296,-29.70426070815502],[-51.43531282803848,-29.71113729712724],[-51.44914040342564,-29.71064605832893],[-51.45617587452073,-29.72034887822555],[-51.46343189674882,-29.72338992531551],[-51.47875272079059,-29.71510368194306],[-51.48492329645688,-29.70768042977874],[-51.51503783143227,-29.70352149713298],[-51.52232458508599,-29.69546538107999],[-51.53444139283199,-29.69722569445722],[-51.53942047075415,-29.6907355824883],[-51.54825444461503,-29.68913798393379],[-51.56042597704958,-29.66750989475311],[-51.57055852042501,-29.66823627439701],[-51.57937222670727,-29.66402814206964],[-51.58620591366642,-29.66881046324254],[-51.59641109452195,-29.668626853021],[-51.60721144839416,-29.67853190793922],[-51.60551888782511,-29.69352649437288],[-51.61289491037201,-29.70269126439409],[-51.62072882381135,-29.70071858032458],[-51.6313688442232,-29.6924298736135],[-51.64561470348134,-29.70480076952229],[-51.65471051559123,-29.6982612645734],[-51.6775054876813,-29.69904686892169],[-51.68222450951544,-29.69507850444065],[-51.68037988305645,-29.68694582539938],[-51.68954993260992,-29.68439669973075],[-51.69530146801541,-29.6767219702616],[-51.70395440781954,-29.68397601289057],[-51.71881965203836,-29.68224731834542],[-51.72542147541758,-29.6877741501142],[-51.73844623601617,-29.68651755313651],[-51.747008051375,-29.68208066115615],[-51.7585319301264,-29.69808479809832],[-51.76520701751059,-29.69954531912207],[-51.76837029600466,-29.69672155978246],[-51.76813372100381,-29.68371001918495],[-51.77252904771345,-29.67769468809142],[-51.76703156232976,-29.6670346869672],[-51.77604076333815,-29.66107404020552],[-51.77999073757399,-29.64795811209127],[-51.79235192152188,-29.64215150661163],[-51.8029556124038,-29.64623790122207],[-51.80753467248086,-29.6546256764572],[-51.80811222473731,-29.66287505200921],[-51.7931886133244,-29.66628828700774],[-51.79109098612776,-29.6779982924995],[-51.80796661049467,-29.69276263281997],[-51.80707344794412,-29.70534044194299],[-51.81366453260483,-29.7165270489459],[-51.82691790388903,-29.71598530079549],[-51.83654597574549,-29.71136611327189],[-51.83945444860587,-29.70085778708613],[-51.85006633539549,-29.69266185934664],[-51.85582484011162,-29.6963308624423],[-51.85798670600533,-29.70322371956307],[-51.8644229855169,-29.70599945519498],[-51.88262308024924,-29.70386209351803],[-51.89022915571917,-29.70610717541729],[-51.90791165471125,-29.72699702329588],[-51.90328802327507,-29.74334382723206],[-51.88985036016476,-29.74004078137204],[-51.88460199026714,-29.7452885318777],[-51.88861774049436,-29.75461619104862],[-51.88309537013148,-29.77114137634181],[-51.87579656243349,-29.77506249198504],[-51.87039181376453,-29.79041386035387],[-51.87521816650029,-29.80606669320798],[-51.85733675225328,-29.8171042130994],[-51.83751850244682,-29.82448655410638],[-51.82278158641296,-29.85169905377807],[-51.82471670970349,-29.85588966353878],[-51.83633996101062,-29.85421136574287],[-51.83901922971498,-29.84485941133807],[-51.86016393881327,-29.83516604391475],[-51.8833118897825,-29.8394573993094],[-51.89911867890181,-29.83318180443012],[-51.92129100161864,-29.80549984682801],[-51.92599805635792,-29.78682772063179],[-51.94735446736647,-29.77827727291933],[-51.97799702694756,-29.75808836282334],[-51.98696075097168,-29.73688428711684],[-52.00694107941925,-29.7191353863777],[-52.0107435577957,-29.7101138769457],[-52.02133901949365,-29.70911812132659],[-52.03259533280625,-29.70368604912963],[-52.04379982420178,-29.71342960352281],[-52.04342078392434,-29.71989875577009],[-52.04811709848168,-29.72587616327361],[-52.06850204391537,-29.72846845674485],[-52.08186401927563,-29.72627495595302],[-52.11774241584853,-29.73286096193781],[-52.12623827361703,-29.73744190919647],[-52.13080648617612,-29.7459887469025],[-52.13476526826494,-29.74751483695978],[-52.13814267572748,-29.74414237012081],[-52.13515874131136,-29.72778604508275],[-52.13820140436263,-29.72228629956346],[-52.16720902123095,-29.69717686502907],[-52.17208240715205,-29.68353657736942],[-52.18494013049328,-29.68123099775715],[-52.19670347350932,-29.68421718028969],[-52.21726268227188,-29.68281708331991],[-52.23011436493055,-29.68679001530386],[-52.24996410870293,-29.7035514071718],[-52.27063290352206,-29.7077626421841],[-52.27313753184414,-29.71700662886381],[-52.28745180188471,-29.72833929978174],[-52.28908688546435,-29.73307718048078],[-52.28403678603362,-29.73760821982021],[-52.26007110878965,-29.73076981309597],[-52.25676597299304,-29.73475888162281],[-52.25528574448864,-29.75296314957696],[-52.2475291417728,-29.75863065455867],[-52.22492123281358,-29.76106396006337],[-52.2181019593306,-29.75326875545198],[-52.20150361172713,-29.74661172877459],[-52.19092348084349,-29.74907225528549],[-52.18600180736852,-29.75354950807296],[-52.18380394024964,-29.76246761852823],[-52.20234237875477,-29.78348543991374],[-52.18981023136808,-29.79792953182749],[-52.18243533162842,-29.79958401174021],[-52.17089612312962,-29.81022547821886],[-52.17598955921601,-29.81981007387027],[-52.18436021661308,-29.82175769690474],[-52.19112479734593,-29.83216126890105],[-52.20301712436878,-29.83544733340692],[-52.21458887274051,-29.82945661390716],[-52.21119549143512,-29.81955122815448],[-52.21657383996345,-29.81302674527093],[-52.21726786849185,-29.80610471020035],[-52.22749416770851,-29.80353952718373],[-52.22784653706512,-29.79254560495527],[-52.2439419760267,-29.78337804783292],[-52.24570496436989,-29.77270096921807],[-52.25405484065295,-29.76593667279068],[-52.28258158530888,-29.76809205375074],[-52.29530949491476,-29.77903930848125],[-52.31491319126776,-29.77781190808328],[-52.32230317533801,-29.78744354789689],[-52.33743191175039,-29.78351951162151],[-52.3394549702892,-29.78719061409784],[-52.3339691561986,-29.80035824345908],[-52.34155758130509,-29.80614551180102],[-52.34833108237695,-29.8024155854264],[-52.35355995053683,-29.78587999319207],[-52.36227848807257,-29.7811202701674],[-52.36890491953378,-29.78176156991091],[-52.36953225676628,-29.79333601450987],[-52.37549033312498,-29.79489609983711],[-52.38539480162673,-29.78601117621678],[-52.3877962114787,-29.77736576298202],[-52.396346413463,-29.7774017723466],[-52.40941386963672,-29.76990399662515],[-52.40683337916533,-29.76262767588015],[-52.41031147089651,-29.75421303279109],[-52.40143801094261,-29.7457874731117],[-52.40065679384156,-29.74030108515806],[-52.40985760577355,-29.73407241459671],[-52.41008378052556,-29.72012425609557],[-52.4163829745293,-29.69843563682781],[-52.42556807303894,-29.69016172691014],[-52.44679504335023,-29.68637392858755],[-52.45008415530592,-29.68890719087508],[-52.4525913889635,-29.70102446097442],[-52.44973891343229,-29.70907075205849],[-52.45397465395874,-29.73215386546201],[-52.46109978920796,-29.74411008563968],[-52.45118119906111,-29.75672242815231],[-52.45643451469856,-29.77352522181993],[-52.44612310646399,-29.77927079830798],[-52.45716410757067,-29.78954906491813],[-52.4610630490058,-29.80073599829088],[-52.4478440369522,-29.81322992000294],[-52.46440419017836,-29.82259321802908],[-52.46577978904129,-29.83271065306901],[-52.4610107562495,-29.84482599488938],[-52.46850561016979,-29.85650721386597],[-52.46908042882281,-29.86659513958786],[-52.46527489139615,-29.87398462247325],[-52.46564309362454,-29.89157891223934],[-52.45962862444211,-29.90146815653281],[-52.44762304722136,-29.90481379808411],[-52.43372693655191,-29.89874863195652],[-52.42731102800768,-29.9108091258202],[-52.42842274071733,-29.92739102785375],[-52.42404224270506,-29.92815001989685],[-52.41617752589923,-29.92282832149332],[-52.39939676224221,-29.92213951382014],[-52.38631252922546,-29.93689644840173],[-52.38454181333738,-29.94822314784908],[-52.37280025309661,-29.95391293914791],[-52.3720791995969,-29.96694850215416],[-52.37790594849885,-29.97651975194049],[-52.4015311465141,-29.98127280037574],[-52.40592661133065,-29.97980441255719],[-52.40649056886999,-29.97607419979147],[-52.39824256022857,-29.97223938010102],[-52.39042213222515,-29.96099413604784],[-52.39884215329015,-29.95498362477334],[-52.40308680314619,-29.9466011399742],[-52.42704011348525,-29.9473602774807],[-52.43630219137636,-29.94306618488584],[-52.44479311579463,-29.94432112712787],[-52.44826907034038,-29.94007352320159],[-52.44938605697455,-29.92652515936005],[-52.46831384374531,-29.92753123559314],[-52.47575496629896,-29.91304245890198],[-52.48547329438866,-29.90778389663978],[-52.48423837138655,-29.89703780276316],[-52.48678839948121,-29.89091259811194],[-52.50313051259079,-29.88843976502985],[-52.51011223202263,-29.87630896029376],[-52.51787968621836,-29.87120828487446],[-52.52017081354452,-29.86399596928134],[-52.53788650351071,-29.86240110164049],[-52.53744972649822,-29.85822766428077],[-52.52544740516418,-29.84816585943828],[-52.52601469362439,-29.84424311047338],[-52.53736279765167,-29.83382984697593],[-52.55205206375312,-29.83175309132931],[-52.55590365354414,-29.82443726742054],[-52.56845684114595,-29.81817700420936],[-52.57447904109809,-29.80690754499481],[-52.6089203915569,-29.79214941401044],[-52.60926124605484,-29.7883923772495],[-52.60134194442252,-29.78043203339796],[-52.60206203493754,-29.77446735020216],[-52.62214706141842,-29.76794722921698],[-52.62208613419048,-29.75226696022157],[-52.63052732506576,-29.74580078013754],[-52.64569350840519,-29.74360502523633],[-52.65521889847999,-29.75190408725553],[-52.66768340773266,-29.75285434026829],[-52.67387111849455,-29.74560925781079],[-52.7078880710978,-29.74196596945771],[-52.72478645323723,-29.73457564280993],[-52.73879393676422,-29.73244003310968],[-52.75542598744842,-29.73771926434496],[-52.75985516813886,-29.74388342284221],[-52.77202095952605,-29.74625566975897],[-52.77827460615782,-29.74438390846518],[-52.79065605240451,-29.74690050235514],[-52.79661912341314,-29.74359740200337],[-52.82898615954436,-29.74167640420808],[-52.84836115128866,-29.74825355659249],[-52.85937569473901,-29.74194255053757],[-52.8644183255087,-29.73280114933525],[-52.87591365003211,-29.73205274780144],[-52.88527289350998,-29.72169602834932],[-52.8983483993625,-29.72126552119659],[-52.90778020564345,-29.72604119782994],[-52.92917583854581,-29.72389358685965],[-52.94298280658635,-29.72050262429818],[-52.95097494490665,-29.7143497834168],[-52.96135272053267,-29.71357681844016],[-52.97203623962629,-29.71961831708741],[-52.96909011428203,-29.73706215597046],[-52.9827866470166,-29.74770411991153],[-52.98239776147923,-29.75550919614858],[-52.97622300393668,-29.76229395284211],[-52.98177669253641,-29.76598756007299],[-53.0024580839688,-29.75250298796157],[-53.01347279182615,-29.73855798974514],[-53.03648820756865,-29.73074243577859],[-53.0478820463872,-29.72211795530504],[-53.06549534746129,-29.71551043921202],[-53.0704163545196,-29.72367901355313],[-53.06696688181551,-29.73537627903232],[-53.07044751368178,-29.74158098174227],[-53.06854986716191,-29.74749710329464],[-53.07125515449764,-29.76169648447904],[-53.13554823248628,-29.76500454350826],[-53.14664266976919,-29.75439497186461],[-53.15110747307421,-29.75373455930599],[-53.17014038534218,-29.77046615373881],[-53.1795599654038,-29.77364967545965],[-53.18789735544893,-29.79251015555777],[-53.19601038486859,-29.83169313104705],[-53.20416161033818,-29.84028855800505],[-53.21224270148089,-29.84239442837029],[-53.23898467758256,-29.83785516251648],[-53.26051405675639,-29.8394543479021],[-53.26947458403078,-29.83491971397688],[-53.26485987951954,-29.82175654195095],[-53.26823399933962,-29.8067208980123],[-53.27399809951807,-29.80169177276166],[-53.28035151688731,-29.79878985287281],[-53.30416915932322,-29.8021545648619],[-53.31441061307886,-29.79831398222116],[-53.31635242564753,-29.7850942395879],[-53.31309117627402,-29.78005273312512],[-53.31425220235446,-29.7740521548892],[-53.30178328311475,-29.77183248079014],[-53.29242208903832,-29.76476838602676],[-53.29369624340947,-29.74994186236575],[-53.30470820307713,-29.74249125578243],[-53.3307690346009,-29.75025216613336],[-53.34558284612308,-29.75108151975691],[-53.34903717145582,-29.74851497711548],[-53.34097342325045,-29.73554851022707],[-53.34099351109928,-29.70755021542113],[-53.32634913762555,-29.70721034253111],[-53.32651628689217,-29.71913269739276],[-53.31842944899061,-29.72924722513148],[-53.31062655817509,-29.73158157801786],[-53.30027585829595,-29.72158075802152],[-53.30412053174967,-29.70686971613322],[-53.30209459035198,-29.69476303779015],[-53.31766025594089,-29.68956443894951],[-53.3313932715466,-29.69781176361198],[-53.34601808543162,-29.69867929888129],[-53.35308297840466,-29.69067159437173],[-53.36253107169799,-29.65867964753548],[-53.38012377429698,-29.65237723731857],[-53.39294182503923,-29.65336377283858],[-53.40062253503501,-29.67094339787626],[-53.41572873641272,-29.67333635226761],[-53.42233282350939,-29.66990851097144],[-53.44871381266518,-29.67389765831587],[-53.46158825959613,-29.67054687203012],[-53.4666752769798,-29.67351902332883],[-53.47130011108813,-29.68426379773951],[-53.49042240887913,-29.6855572432225],[-53.49750136935096,-29.69182476678576],[-53.50232369551647,-29.7031427479548],[-53.50421849989996,-29.72478962328289],[-53.51341604763108,-29.73046288500052],[-53.52814208115754,-29.72616405200014],[-53.53837589367372,-29.73253387494302],[-53.55456016411352,-29.72423341232894],[-53.56695152586018,-29.73389371433055],[-53.57220037045364,-29.72989903984253],[-53.57607439626953,-29.71608999489153],[-53.58067076279498,-29.71346373411669],[-53.59483189229719,-29.71088687715796],[-53.61589487081056,-29.7209697873397],[-53.61952146901991,-29.71902087008909],[-53.62279687029538,-29.71019297428535],[-53.63443712824031,-29.71627366011863],[-53.63892120097529,-29.71568155274823],[-53.64472152935291,-29.69865061988378],[-53.63798238854205,-29.69113086320481],[-53.63575159198697,-29.67518753179159],[-53.64054051455654,-29.67339087438739],[-53.65327660558512,-29.67874147182625],[-53.66505769565391,-29.67080532883321],[-53.67096478548731,-29.65596897229301],[-53.67145835228228,-29.64466468381928],[-53.68436673451871,-29.63786850304979],[-53.68739517408595,-29.64088175029114],[-53.68753367281376,-29.65704484456379],[-53.69766848542103,-29.66291689345973],[-53.691876770428,-29.67331190009885],[-53.6971475822013,-29.67971170260641],[-53.7279550258855,-29.68025306479689],[-53.73465811460488,-29.67417924975926],[-53.73596924510679,-29.66734821763832],[-53.74119559474277,-29.6664129429925],[-53.76116084652102,-29.6791682509013],[-53.76394891869904,-29.69295424974086],[-53.77453484849599,-29.69656326207201],[-53.77534960244054,-29.70566123915913],[-53.78716960024125,-29.70997841196302],[-53.79030959780088,-29.71648554892578],[-53.79752260568105,-29.71863507545543],[-53.79768317199522,-29.72750689837061],[-53.81012066363402,-29.7340502736149],[-53.81900569736857,-29.74502949494495],[-53.82235627857509,-29.74268436681292],[-53.82665375762586,-29.72731870180764],[-53.83339299304085,-29.72227471947788],[-53.83816193052293,-29.70577376155568],[-53.85190428582077,-29.70950951138684],[-53.87721954908252,-29.70542362080059],[-53.88173056835021,-29.6909421995929],[-53.87586422227825,-29.6830054014532],[-53.8632912151946,-29.68291287415885],[-53.85386750761538,-29.67789803556678],[-53.8453350549457,-29.68484643831452],[-53.84115325811173,-29.68477708188835],[-53.82934127700639,-29.66934126736689],[-53.84076397380873,-29.65714713410701],[-53.83417915552126,-29.64402120012083],[-53.84362989282373,-29.63809977847906],[-53.84358944377441,-29.61892482654889],[-53.85252674609642,-29.61044242790209],[-53.85371560219141,-29.60034061608752],[-53.8749775575845,-29.59480994880789],[-53.88434557053472,-29.58430591749466],[-53.89743826877569,-29.58410005033689],[-53.90750764908105,-29.58932116886755],[-53.92618466886124,-29.59253284644899],[-53.94447905310977,-29.59138894461926],[-53.95070907694816,-29.59984091263985],[-53.96758365938319,-29.59835475079346],[-53.97568956527068,-29.60154670214698],[-53.98431965788792,-29.59752616931659],[-53.99694070748783,-29.59709876909002],[-54.00280662430567,-29.59158426341062],[-54.01139277381768,-29.58959202757262],[-54.02060306947129,-29.58082723812297],[-54.02795600609672,-29.5800999643922],[-54.0451115475778,-29.58558120233635],[-54.04947920328619,-29.5914783399247],[-54.04666729131015,-29.59986939044771],[-54.05287858619283,-29.60270554325318],[-54.07525478094501,-29.58648728541769],[-54.07689332436488,-29.57507339437026],[-54.0883384962567,-29.56591153397592],[-54.09611248592453,-29.57896797183041],[-54.10570994693465,-29.58220037783654],[-54.11000228870797,-29.59339142285603],[-54.12430782465815,-29.59440216091357],[-54.13354565466791,-29.58542513798711],[-54.17105806599632,-29.57928053681898],[-54.18442783846805,-29.56991010333887],[-54.20042087604163,-29.57091106289641],[-54.2072312958765,-29.575144394447],[-54.21784007903724,-29.57201859188905],[-54.22050160004495,-29.56434357323883],[-54.21009851908373,-29.55511470492359],[-54.18922458011149,-29.5552320034779],[-54.18342019060844,-29.55181372851602],[-54.18396163279341,-29.54294366756733],[-54.19401440559636,-29.537127312557],[-54.21720648524285,-29.54009540400911],[-54.21818118849973,-29.54938152504733],[-54.22417752367701,-29.55225607551315],[-54.24858211651424,-29.54517834500657],[-54.26827876751196,-29.55202408578885],[-54.2927387912907,-29.53980424161466],[-54.29099641242056,-29.5288924651456],[-54.29469554375265,-29.52581326901312],[-54.30392044974678,-29.53184443490708],[-54.31086080722756,-29.53242165827696],[-54.31611622349984,-29.538973918214],[-54.33286873579222,-29.53527364047398],[-54.34749476303526,-29.54248366347692],[-54.34961915050321,-29.5463974059818],[-54.3446309102674,-29.55644044574871],[-54.34721904757188,-29.55974364310751],[-54.36344604333662,-29.56158551974971],[-54.37610653712571,-29.55658523906174],[-54.39845108479651,-29.5677153457606],[-54.41853762416299,-29.56441925541797],[-54.42181475941859,-29.57824435301657],[-54.42494560903209,-29.58026606722643],[-54.44783726093375,-29.56554186586513],[-54.4526588607979,-29.54954609420295],[-54.46250346831417,-29.55381131932528],[-54.49026992884335,-29.54094888630167],[-54.51345054584094,-29.55183074953155],[-54.52809058381995,-29.54789613825719],[-54.53878412905794,-29.53365398155243],[-54.54241031905869,-29.51866719102265],[-54.54279238903867,-29.51162961298575],[-54.52991151169527,-29.5003242962997],[-54.53209070630854,-29.49081285019374],[-54.54281927136535,-29.48551370499912],[-54.54718293936592,-29.47158650074384],[-54.54225190364022,-29.46530283349181],[-54.54443224103621,-29.45898216310789],[-54.55427839657512,-29.45089241014549],[-54.56064685853453,-29.44955530955569],[-54.56352127441081,-29.44230975488174],[-54.57110348077205,-29.4382093993821],[-54.56878949623893,-29.42404093887649],[-54.57087247752711,-29.41969829281563],[-54.58736246140715,-29.40639829491549],[-54.59580465300112,-29.40688465283233],[-54.60044879521617,-29.4003348730182],[-54.60864341782185,-29.40066511795729],[-54.61495837879647,-29.39587196339899],[-54.61067475056652,-29.38205419560211],[-54.61729079382,-29.37814978974507],[-54.62059215690177,-29.3702881175223],[-54.62866280065649,-29.36857749084322],[-54.63447925712,-29.36234118994975],[-54.64804609247999,-29.36279252224557],[-54.64951963625748,-29.37052609018483],[-54.64465419498327,-29.37677000179605],[-54.62873424825283,-29.3864384475699],[-54.62962917746503,-29.39028373999741],[-54.63900009122452,-29.39471957602147],[-54.63941158751506,-29.39838432976312],[-54.63321710538647,-29.40264444287868],[-54.63290051530642,-29.40860764862162],[-54.62534270157769,-29.41819720596308],[-54.61064097965794,-29.42669117416098],[-54.61183875050136,-29.43385442521254],[-54.63727174018545,-29.43852469863878],[-54.63914554409185,-29.43454456148215],[-54.63459788445105,-29.42796136396603],[-54.63558163872239,-29.42359903327757],[-54.65037429868661,-29.40992903616207],[-54.6764751053738,-29.41994874808278],[-54.68110310131789,-29.42782037301925],[-54.68639421753392,-29.42922075346165],[-54.70015569625536,-29.422717067739],[-54.72079432948889,-29.39611741689583],[-54.73468491890727,-29.39459247992862],[-54.7432995100999,-29.40112433948054],[-54.74374850762144,-29.40538013240307],[-54.73476412563058,-29.4175366023426],[-54.72281921936033,-29.42611932837948],[-54.72807864271476,-29.43348361114624],[-54.73659657448614,-29.43355019330416],[-54.74183953346292,-29.43806577744691],[-54.74187509198024,-29.44181541948196],[-54.73173818488603,-29.45279349722471],[-54.73083211143755,-29.46275775190512],[-54.74770295728955,-29.47455486711436],[-54.7372963179407,-29.48463757739407],[-54.7372635490728,-29.49456718944291],[-54.73155192703923,-29.50009231521942],[-54.72731022154519,-29.49871971334077],[-54.72206296643623,-29.48339181214279],[-54.71734854798709,-29.47904969963727],[-54.67972249656911,-29.47801052632182],[-54.67068875288903,-29.48117695789267],[-54.65826288387466,-29.49175878628116],[-54.64374402938081,-29.49100169750988],[-54.63656079052427,-29.49407644802142],[-54.62993810424044,-29.50248853108882],[-54.61803871400126,-29.50134884091927],[-54.60838308252908,-29.51101992612627],[-54.59570376167583,-29.51157584236031],[-54.58447646022803,-29.50711939045667],[-54.57582862567352,-29.5099995143002],[-54.57526465587583,-29.51430182449537],[-54.58520780098924,-29.52321110236916],[-54.59689304408863,-29.52463429602942],[-54.60966116825745,-29.51886686140393],[-54.62122625804241,-29.52424094322668],[-54.627860654939,-29.53494896077272],[-54.61851529439127,-29.56605339363598],[-54.62506306449059,-29.57349429076397],[-54.63445485897689,-29.57298158460679],[-54.65158802179518,-29.56618560839737],[-54.66078867073438,-29.55325783557375],[-54.66225201559991,-29.54589537977607],[-54.6725610783008,-29.53420163115497],[-54.69061982341633,-29.52567920201698],[-54.7035415612567,-29.52886628781946],[-54.72238971257749,-29.52643763941915],[-54.73108528201524,-29.51669788402614],[-54.73826805116747,-29.52231978385351],[-54.75065120250107,-29.52130989652359],[-54.76276533664942,-29.5342451434948],[-54.76912700544526,-29.53330477677415],[-54.7712666550414,-29.52686729478857],[-54.76004439268791,-29.51070504933782],[-54.7657234079032,-29.50252252751901],[-54.77446518625202,-29.50033743985782],[-54.77684186840194,-29.49274081697958],[-54.79414687449457,-29.48190381701209],[-54.79002747685077,-29.47507880915725],[-54.77923348983399,-29.46922945042742],[-54.7792174205667,-29.45656954490684],[-54.78173321641316,-29.44932181115841],[-54.79517909667959,-29.44538910328007],[-54.79812751785889,-29.44161063716775],[-54.78701294952565,-29.43658227551621],[-54.78726715586968,-29.42911380532001],[-54.78118845852702,-29.42509495662561],[-54.77889911299312,-29.41904415178111],[-54.76587873157195,-29.41351952556697],[-54.76743231882482,-29.40214511957358],[-54.75434259191564,-29.38618823720072],[-54.75392015253013,-29.37730679376354],[-54.75750329276806,-29.37176171516406],[-54.77789304634477,-29.376926282225],[-54.79425193599674,-29.36812929485761],[-54.82305515353259,-29.36961518075799],[-54.83551129385504,-29.37317284463142],[-54.8527562447867,-29.38797592798987],[-54.85932453710545,-29.39944603783893],[-54.8589041949641,-29.40857958554476],[-54.85091958648622,-29.41089715333854],[-54.84806747772772,-29.41493174913092],[-54.84918059007389,-29.43096279644104],[-54.84208300451064,-29.43443263982598],[-54.83989744262117,-29.44019491655285],[-54.84773693418119,-29.44407924090801],[-54.8568819845382,-29.44313783033596],[-54.85655465467668,-29.45566481141453],[-54.85923381717903,-29.45864718124882],[-54.87304344890802,-29.45945083386005],[-54.86911090948916,-29.47431366343416],[-54.87604049751088,-29.47872382994213],[-54.88057534401581,-29.49000432231469],[-54.89232076473493,-29.49023342578525],[-54.89932157406113,-29.48344789688535],[-54.92094319008419,-29.47738137413961],[-54.92490862334936,-29.48010467312657],[-54.92122656851721,-29.49005739577463],[-54.92577580741013,-29.49532811216779],[-54.94379436095859,-29.49523897717816],[-54.95462158680056,-29.49029771180289],[-54.95810614722538,-29.49554365439153],[-54.95648385715433,-29.50261166504955],[-54.96692945983744,-29.50778767292593],[-54.96716153853165,-29.51276818109037],[-54.96221651448682,-29.51785738032],[-54.96586141739692,-29.52535526358492],[-54.97010957170521,-29.53102902180134],[-54.97700073216829,-29.53204291555512],[-54.98756752648219,-29.54108619302611],[-54.99355300629754,-29.53857481148517],[-54.99181911436779,-29.5245806563824],[-55.0060145401343,-29.52549041302546],[-55.00949294149837,-29.51850579817787],[-55.01901676892106,-29.51770054980522],[-55.02379552684311,-29.50824050155204],[-55.02281333015402,-29.50491932817346],[-55.0068265406281,-29.49557498563262],[-54.99433833509274,-29.49481088183363],[-54.99113028846687,-29.49192727934794],[-54.9924050331452,-29.47918529621779],[-55.00183350044406,-29.47067969023975],[-55.01203137886525,-29.46925023162791],[-55.01184543525043,-29.45748473327171],[-55.0172317326226,-29.45724305743394],[-55.02130232450404,-29.46138182231965],[-55.02151024969224,-29.46807227483876],[-55.03112969891301,-29.48641774112401],[-55.03847009796464,-29.48890558475559],[-55.04655132054958,-29.484870461594],[-55.06893738049122,-29.49552005716642],[-55.07891789514174,-29.49103970643869],[-55.08835586277841,-29.48092157119131],[-55.11111992521881,-29.47204642977695],[-55.13343751027746,-29.44427342078354],[-55.14432271692454,-29.44273466029662],[-55.14985550861999,-29.43153639915725],[-55.13707243328915,-29.43092542632388],[-55.11710005271243,-29.41663142645339],[-55.11567376966229,-29.40932904626397],[-55.11908450591127,-29.40213038547635],[-55.10611872054245,-29.39614001118296],[-55.10004456999731,-29.38548440061902],[-55.10170956716909,-29.37862273309708],[-55.12281954907112,-29.34824731726754],[-55.12171714826766,-29.33357974949448],[-55.1125877026603,-29.33038232607363],[-55.10502048361984,-29.32212971334895],[-55.09095212290161,-29.32208804102512],[-55.08161941735877,-29.31678564308055],[-55.06965295218551,-29.32276751046759],[-55.05034657167395,-29.31902572882207],[-55.04494890328684,-29.32525922943574],[-55.03232167849578,-29.32704492859553],[-55.03415945228716,-29.33588846219407],[-55.04190168046933,-29.34303058245419],[-55.05042915343026,-29.34232816328517],[-55.05545936717511,-29.34627123914171],[-55.04667996783746,-29.35388877803854],[-55.05381549593429,-29.3668115149347],[-55.04635299765553,-29.37423233048624],[-55.0420482280115,-29.37487880632375],[-55.02792229682695,-29.36553002564333],[-55.01788143731596,-29.36640965881687],[-55.01395897607684,-29.3703155287579],[-55.01456105352408,-29.37401354151917],[-55.0231961518312,-29.37844974599619],[-55.02947694676715,-29.38718042244492],[-55.0303508447439,-29.39343168717168],[-55.02477478027204,-29.39833226627331],[-55.02515515240628,-29.40374246750479],[-55.04140965853696,-29.40966180298311],[-55.04605522592919,-29.41569533322661],[-55.04360274149327,-29.42059880457552],[-55.0240475155089,-29.42293427509156],[-55.01386286613346,-29.39754458033824],[-55.00458428426118,-29.38747819831331],[-54.99722993977349,-29.38486262131823],[-54.98030269578364,-29.38725876846085],[-54.97395546858302,-29.38497664856613],[-54.97032053200492,-29.38792835039262],[-54.97042361426172,-29.40331089119995],[-54.94916828079775,-29.40300514756983],[-54.93096247749905,-29.42852400860395],[-54.92301208708783,-29.42913930347638],[-54.91988401057827,-29.42165978880133],[-54.9144453026787,-29.4204390375209],[-54.90809916392545,-29.43113176922828],[-54.90048851339566,-29.43109579214986],[-54.89031329943639,-29.4191158444737],[-54.8991809123137,-29.4060420179186],[-54.89750255544864,-29.38904083095032],[-54.88451009263738,-29.37104989150389],[-54.87101174114274,-29.36625907905899],[-54.86838291116158,-29.35841616875381],[-54.8758466837354,-29.35268061730689],[-54.87665721495911,-29.34364991034434],[-54.8846152461415,-29.34321394385454],[-54.90939872123953,-29.33096024564126],[-54.91248008894974,-29.32260564699572],[-54.90785540265033,-29.32020536659578],[-54.89127614811003,-29.32964492110405],[-54.88691524051313,-29.32901579596453],[-54.89037938757404,-29.3146784184451],[-54.88119601450243,-29.31117845462474],[-54.87794067238973,-29.30396419433213],[-54.86673070936569,-29.29911490462096],[-54.85917813013226,-29.28870436108295],[-54.84532830927606,-29.29867982447829],[-54.83500152122472,-29.29973083657509],[-54.83322838592225,-29.28736393056352],[-54.84017877906857,-29.27189497180441],[-54.85815375049158,-29.25717129522504],[-54.85255696448701,-29.2452463622215],[-54.84432473124234,-29.23885495689928],[-54.83375979154101,-29.23712106278608],[-54.82898246503623,-29.22931477099297],[-54.80580799282642,-29.22967164494396],[-54.80245136689594,-29.23328769581235],[-54.8017363279241,-29.24301878732542],[-54.78594885139029,-29.24201287491837],[-54.78704450128147,-29.24885560480604],[-54.79916351552477,-29.25614808346553],[-54.79874543878071,-29.25949651431273],[-54.79381622785345,-29.26172732276308],[-54.78649410659809,-29.2611801614965],[-54.77939870749305,-29.2560263783365],[-54.77009913403555,-29.26292597158794],[-54.76584047802165,-29.25934613262212],[-54.7624406469104,-29.24650930598045],[-54.74951795156781,-29.24501265888307],[-54.74395784343387,-29.25365813684299],[-54.75492096550587,-29.26033271240349],[-54.75599454891952,-29.27243039087166],[-54.73187928381665,-29.27526823997124],[-54.72270966075535,-29.28149135178111],[-54.71409645429015,-29.27064229303939],[-54.7304096807941,-29.2485920778128],[-54.72261809838419,-29.23483103226373],[-54.71704098683336,-29.23597690878707],[-54.71269169726439,-29.24819017619583],[-54.70047672785005,-29.24945893475714],[-54.6999748260645,-29.25675960108637],[-54.70401360848822,-29.26462792037147],[-54.69674967276235,-29.26911758860876],[-54.68505964465016,-29.26814785121735],[-54.68091235633469,-29.26251522785332],[-54.67292394120282,-29.26188855838144],[-54.67062979002193,-29.24635299376136],[-54.65891842106688,-29.24335205437436],[-54.65570323092903,-29.24606324927917],[-54.6544458061641,-29.2576273978012],[-54.64873399155525,-29.26288180739649],[-54.66042331310791,-29.27406974236883],[-54.65115869580368,-29.28598993810815],[-54.64044288148897,-29.29020552958703],[-54.6423125525443,-29.29962205420589],[-54.65525246893812,-29.30119192929102],[-54.652516776811,-29.30847914229506],[-54.62870042804301,-29.31300441889346],[-54.62211361736987,-29.32121165533285],[-54.59982040346067,-29.32294594442353],[-54.59331086149898,-29.31942828998308],[-54.58995576522118,-29.31297622443239],[-54.56771764004394,-29.31248169651581],[-54.55808789625964,-29.2899951368159],[-54.54052462290668,-29.27924295879778],[-54.54747246816514,-29.26640325550409],[-54.5401785823932,-29.25910208050078],[-54.52783378745109,-29.26301035056918],[-54.5180041608317,-29.25936262657476],[-54.51177808951803,-29.26441393541226],[-54.51282167781456,-29.28066934650135],[-54.50508125809434,-29.28253457957177],[-54.49643830238589,-29.27937935962095],[-54.47645364263634,-29.2982233471256],[-54.46559827620677,-29.29715496089509],[-54.46075096551572,-29.28952480091368],[-54.44953154258296,-29.29251617011122],[-54.44771508666854,-29.28704603839863],[-54.45357359404825,-29.2810416156188],[-54.47368484578308,-29.28071271287908],[-54.47691299254589,-29.27630601589624],[-54.46623696812457,-29.27276978375732],[-54.46155445840519,-29.26697012836224],[-54.44986877912864,-29.26450071175568],[-54.44032084041489,-29.26682310676511],[-54.43372022871676,-29.25816858754964],[-54.43476149851314,-29.24209111988349],[-54.43034425006655,-29.23884013077547],[-54.41421527249847,-29.24335998143688],[-54.40772749816671,-29.2525467811211],[-54.42119312461471,-29.25783623481359],[-54.43294384354317,-29.27951136312959],[-54.42733028321429,-29.28437568986672],[-54.40965513219517,-29.28408873213705],[-54.40555729829254,-29.29869177700595],[-54.42489626646226,-29.3044986978026],[-54.43426994154049,-29.31206471957668],[-54.44477366979584,-29.31267948119443],[-54.45888225445255,-29.33213663550979],[-54.45189272903695,-29.34363855132055],[-54.42953809687152,-29.34409037649209],[-54.42171463487617,-29.33544489420072],[-54.40083983088552,-29.33466407338423],[-54.39175473289512,-29.34640978015117],[-54.39904155758708,-29.35213671286618],[-54.39916353967202,-29.35595976422321],[-54.3745479662937,-29.37007039755338],[-54.37974701456021,-29.3783081419616],[-54.39376112975079,-29.37410025030228],[-54.40290101598984,-29.37636209981565],[-54.40623571150895,-29.37417727223307],[-54.40725630620067,-29.36705932809697],[-54.41092824983346,-29.36564393574801],[-54.41667450955536,-29.37162524462449],[-54.42653274615169,-29.37360007923235],[-54.42921274688804,-29.3779275840331],[-54.43136334126157,-29.39306480561227],[-54.42772812615919,-29.39875472597084],[-54.41645252384734,-29.39700056405194],[-54.41007989151331,-29.40447427983539],[-54.39735082823523,-29.40918745957912],[-54.40139297982113,-29.41533473309074],[-54.41736023262379,-29.42288438923655],[-54.42064466801421,-29.42905433700701],[-54.41350537171536,-29.43479953079644],[-54.40056262294664,-29.43791755396445],[-54.39645978337889,-29.44439176328354],[-54.39134882389848,-29.4428227164637],[-54.38719701849981,-29.42963156906657],[-54.37094854734536,-29.43173435411884],[-54.36959430278354,-29.42397647429551],[-54.36388943090902,-29.41904629042368],[-54.36809910166596,-29.41256918695246],[-54.36364288726174,-29.40609548244029],[-54.3666717332967,-29.39790817512558],[-54.3559144585138,-29.3912694919295],[-54.35428838318254,-29.38277464629064],[-54.33430473848259,-29.37999706839184],[-54.32616247270086,-29.383966865574],[-54.3131822172109,-29.37398417297766],[-54.30669953506343,-29.37779831608208],[-54.29944948400539,-29.37568425463211],[-54.28474580298403,-29.38035947401228],[-54.27881296721561,-29.37493695183227],[-54.27914484621943,-29.36698505896672],[-54.26914922640949,-29.3611076253231],[-54.26143471717731,-29.36416952418229],[-54.26032173930067,-29.37327702750764],[-54.23308003106676,-29.38168917450049],[-54.20837641408623,-29.36481395115703],[-54.2087496492098,-29.35767555420169],[-54.20553804551946,-29.35403820140398],[-54.18262358803647,-29.34854693734939],[-54.16449714709694,-29.33139668234621],[-54.15887638155564,-29.3365264205295],[-54.15932656468973,-29.34302701629912],[-54.15470992695769,-29.34760647497706],[-54.16316882488974,-29.35954156646867],[-54.15478203720491,-29.36884167032618],[-54.15569063942372,-29.37703971933045],[-54.15124544650835,-29.38721248939883],[-54.12791097974203,-29.37845227496362],[-54.11369850256862,-29.36432721132122],[-54.10118080388091,-29.372970203296],[-54.11179306371672,-29.39180995488769],[-54.11107835348705,-29.40082530989962],[-54.10494828167924,-29.41253258258353],[-54.08821502831162,-29.40393168435612],[-54.07566197940194,-29.41133640257382],[-54.06895725686035,-29.40899807061015],[-54.06749752098413,-29.40472304279404],[-54.07363747455242,-29.38967757018532],[-54.06583488808068,-29.38125798385288],[-54.06713596502977,-29.37107851110501],[-54.06353856554551,-29.36755391722169],[-54.05288464727045,-29.37333447688403],[-54.04707833141617,-29.38873175951443],[-54.03470306390466,-29.38957942283591],[-54.02705400496423,-29.38324613647185],[-54.01684806034989,-29.38640965590908],[-54.00926945592894,-29.39283413801538],[-54.01107867484107,-29.40302556120838],[-54.00585982637476,-29.4095462041373],[-54.01223615480057,-29.42625933508572],[-54.00496565058521,-29.43177658296598],[-54.00446982705729,-29.43695655802964],[-54.01017635084335,-29.44117785998807],[-54.02624112498228,-29.43741355027773],[-54.03274004389404,-29.44373171690521],[-54.00726255185277,-29.47134627838151],[-54.00937336698428,-29.47979622830316],[-54.00263508554779,-29.48891242041525],[-54.00313351319767,-29.50028764452324],[-54.00761821847782,-29.51033621718748],[-54.01807350895869,-29.51066072506587],[-54.02124507641011,-29.51425425753537],[-54.00386893148103,-29.53427597411397],[-54.00400293364701,-29.54020948614971],[-54.00794452397835,-29.54432806251207],[-54.02030982936144,-29.54625754199847],[-54.02557561058622,-29.55460350634079],[-54.02341167031866,-29.55855804927829],[-54.00349557258881,-29.55972063608906],[-53.99461137607732,-29.55400493378721],[-53.98537551234641,-29.55580776354944],[-53.97790895982967,-29.55309378091541],[-53.96571948685938,-29.5588667429972],[-53.95170604690205,-29.55931327054471],[-53.94576981308677,-29.54878549283013],[-53.94450045959689,-29.54149626589409],[-53.9476412229384,-29.53616522757272],[-53.94504119157983,-29.53030977119047],[-53.93830390329796,-29.52635005738242],[-53.92742462944816,-29.52543987858638],[-53.92404227093984,-29.51601085053203],[-53.91158435926386,-29.51760418002556],[-53.90427797510964,-29.51095609278921],[-53.88649087560527,-29.51649248696937],[-53.88188931473614,-29.52396609508431],[-53.86241726624541,-29.52396095830034],[-53.83527158232326,-29.53325378610525],[-53.8254577313719,-29.52955046048142],[-53.81856581304596,-29.53363631596539],[-53.81349714668503,-29.53033596138146],[-53.80760005652663,-29.51600509883221],[-53.79578892359559,-29.51949054448372],[-53.78476944077276,-29.51191738275221],[-53.77422363750738,-29.51492525846564],[-53.75582975112074,-29.50524842151069],[-53.75198633248919,-29.50996728988094],[-53.75342952297539,-29.5197037973305],[-53.7745826265333,-29.52782302624093],[-53.77782974010464,-29.53497706951997],[-53.78880424845008,-29.53807914821347],[-53.78484133830333,-29.5464355282636],[-53.79014943699251,-29.55417389951738],[-53.78748893424071,-29.55921749362357],[-53.77116861002588,-29.56046070196095],[-53.76748961154509,-29.54811051758348],[-53.75173687920587,-29.55123662456015],[-53.74324343946124,-29.54160381281917],[-53.7361670876248,-29.5387536643901],[-53.72949014085093,-29.54715123606016],[-53.73066341138752,-29.55254943233636],[-53.72664981359372,-29.56480840529302],[-53.71718431879913,-29.57870677244638],[-53.71252411184898,-29.57978606126713],[-53.70916229304276,-29.57642248091462],[-53.70949629410243,-29.55789326739136],[-53.71345536070584,-29.55168052383862],[-53.70708443501533,-29.54482077049166],[-53.70693292571352,-29.53898556023398],[-53.69146271392873,-29.53443386007374],[-53.68883557457358,-29.52748014656067],[-53.67441470447202,-29.51721532428275],[-53.66900147867263,-29.53772284095763],[-53.67245530970639,-29.54510217896818],[-53.68332693022132,-29.5517254901327],[-53.68664025294292,-29.55861101842887],[-53.68350602157377,-29.56187676845221],[-53.67552739459899,-29.5606253369187],[-53.67322367448999,-29.56456220196945],[-53.68518438130684,-29.57232078128231],[-53.68584917545112,-29.58210290240589],[-53.67481982748684,-29.59448798349122],[-53.66476150839085,-29.59460576690194],[-53.66100541655042,-29.60569856117268],[-53.65420135922557,-29.60746397994934],[-53.64634340556707,-29.60573895532082],[-53.64075253438051,-29.59723953410474],[-53.62904636126479,-29.59923871033164],[-53.615831175464,-29.59404507814735],[-53.61466693308709,-29.587163928738],[-53.60918811891593,-29.58241343585148],[-53.61001289548102,-29.57591821632196],[-53.60100841881027,-29.56995897348164],[-53.6157679641403,-29.5617843699129],[-53.61730607021819,-29.55530071229592],[-53.63658993454789,-29.53514603925751],[-53.63757864642137,-29.52923325240362],[-53.64505574616776,-29.52603755690339],[-53.64505285974424,-29.521860957253],[-53.63513801869739,-29.51125735905242],[-53.65393302909752,-29.50280352755375],[-53.65460432694363,-29.4953721632622],[-53.66016896881516,-29.49111668746653],[-53.65780855844122,-29.48459247645824],[-53.66051274230656,-29.47781530504367],[-53.65487724449827,-29.46956586955606],[-53.66182232836564,-29.46384033106847],[-53.66162638240559,-29.45901769376843],[-53.65338160122723,-29.45446758253099],[-53.63102743483198,-29.45903074229853],[-53.62125340428174,-29.45528386716633],[-53.62526519084673,-29.44768345404134],[-53.64047849551104,-29.44209938980563],[-53.64998556376916,-29.44219393380738],[-53.65915646442275,-29.43081686188942],[-53.65788397933658,-29.42642111214883],[-53.64010695002199,-29.42933294251313],[-53.63125378897263,-29.4241242183133],[-53.6224307890408,-29.43092819623233],[-53.60528433028502,-29.43695543576986],[-53.6033753931595,-29.43108195787963],[-53.60967255056038,-29.41912956938923],[-53.62257912951006,-29.41671462509069],[-53.62624454490914,-29.41051978517841],[-53.62287782940948,-29.40719309963438],[-53.60052922245825,-29.40532771795537],[-53.59159898422311,-29.40859878702762],[-53.59694633318298,-29.41711326893956],[-53.59597945501024,-29.42449347111025],[-53.58082464953096,-29.43606961786725],[-53.56526164528881,-29.42645618009609],[-53.55143770283734,-29.42835680674268],[-53.54650161868214,-29.41802281041548],[-53.53480992690755,-29.41904791528712],[-53.53169103610777,-29.41107511656109],[-53.53514687855976,-29.40320159061914],[-53.54594142501668,-29.40156677780445],[-53.54907805261193,-29.39652896229204],[-53.5469890946944,-29.39328061740601],[-53.53848490975017,-29.3917646806385],[-53.54114234512765,-29.38293912126699],[-53.53172819606711,-29.37271224289528],[-53.5410171658249,-29.36339768274962],[-53.53848777368666,-29.35878839122163],[-53.52369050381039,-29.36276031187491],[-53.51520809395065,-29.37928534522556],[-53.49326057883003,-29.37914021238836],[-53.48593973796081,-29.38404508001694],[-53.47851323050308,-29.38143259932075],[-53.47383817592267,-29.37507795490184],[-53.46727545617799,-29.37480179895543],[-53.45586052940897,-29.38261784552061],[-53.45666982395581,-29.3897482594993],[-53.45213037533662,-29.39484417158934],[-53.43626472094427,-29.39290217961963],[-53.42863336939546,-29.39730306564509],[-53.41832575390018,-29.38710413246138],[-53.4120232043101,-29.36528460553144],[-53.40196108269339,-29.36623281152181],[-53.39027904662724,-29.36034144803158],[-53.39080831015415,-29.35381267619794],[-53.38562652451663,-29.34186162279058],[-53.35194644361802,-29.34234850912557],[-53.32873355152138,-29.35638183610255],[-53.3191404214878,-29.35547217723345],[-53.30790773969196,-29.35074807821328],[-53.3057836807136,-29.34218425375133],[-53.29367645579773,-29.3375421814196],[-53.29084208000714,-29.32892619329359],[-53.28382893096099,-29.32404722075633],[-53.25883275975098,-29.31745009522707],[-53.26259229741299,-29.30789912593619],[-53.26052454471528,-29.30113111564],[-53.25519531707398,-29.29746645323956],[-53.25079145029319,-29.28316958381476],[-53.25531949068203,-29.28007532849275],[-53.26748029192213,-29.2836418982032],[-53.27200852941811,-29.27978585143313],[-53.28306834007984,-29.27830997792679],[-53.28471570208801,-29.27344699737939],[-53.27610759463264,-29.26594154181579],[-53.26500331376504,-29.27011575541868],[-53.25617071130858,-29.25795946706152],[-53.25858255675335,-29.24921123211502],[-53.27119266479109,-29.25054313733564],[-53.28465145971541,-29.24281687016279],[-53.28204218942216,-29.23559013844015],[-53.27062446695386,-29.23983112709585],[-53.25937874342279,-29.23407823613296],[-53.25822311367688,-29.21444050355431],[-53.25260281568029,-29.20552750407181],[-53.25521643470896,-29.20167062437219],[-53.26516607021897,-29.20247078890931],[-53.27852792560989,-29.19395503374354],[-53.26948350088758,-29.18216714837022],[-53.26132313708565,-29.17833673554949],[-53.26251760648513,-29.1736033283836],[-53.2767031981817,-29.16621704251665],[-53.27552397224179,-29.16267505945575],[-53.26326000477472,-29.15576324293376],[-53.2637327232377,-29.14767639212253],[-53.27310290191735,-29.13783100404383],[-53.26520408813218,-29.13319652886554],[-53.26149457993814,-29.12456108795405],[-53.24857272087946,-29.12252169388653],[-53.24596456323013,-29.1165734816441],[-53.24873796833808,-29.11292875862428],[-53.25771742930511,-29.11335161104154],[-53.26597752731338,-29.11911982355757],[-53.27234369542182,-29.11187951350729],[-53.27691701545896,-29.10022610082015],[-53.26765505539559,-29.09414917859644],[-53.2655244630387,-29.08405601196412],[-53.26972683721306,-29.07803622479078],[-53.26689044860866,-29.07366463232847],[-53.25708085436106,-29.07587695642754],[-53.25104985100257,-29.08158442134521],[-53.22965668378718,-29.08152761423206],[-53.234229543654,-29.09584674021281],[-53.23246580875493,-29.10282862747209],[-53.22727738166787,-29.10571473135668],[-53.22018283852801,-29.10271919455902],[-53.21594366257109,-29.1052214530935],[-53.21595004330625,-29.10897638450072],[-53.22350390022953,-29.11707031605767],[-53.20824260236503,-29.13654617938504],[-53.21358138155621,-29.14149286817303],[-53.22470041708988,-29.14110007385583],[-53.22896364903605,-29.14755365080509],[-53.23596368975214,-29.14840858536577],[-53.24073625950298,-29.14417315021507],[-53.2506474893799,-29.14285069193704],[-53.25447832814707,-29.14528384996678],[-53.25198402339694,-29.15705573218157],[-53.2422646723907,-29.15736337718401],[-53.23700203313116,-29.16211399816953],[-53.22385165359152,-29.16305039325152],[-53.22070510567922,-29.16598088223936],[-53.23253058439247,-29.17873943332232],[-53.24843443499952,-29.1850476643427],[-53.24407227405677,-29.19014374477068],[-53.22602800734992,-29.18636118181776],[-53.22010856096513,-29.19660800681202],[-53.23860015019006,-29.21312727633237],[-53.2377923338537,-29.2166905619717],[-53.22916707438805,-29.22201132533131],[-53.24028753313724,-29.2327233932377],[-53.23868321049412,-29.23885161334812],[-53.23369910583519,-29.24040362401913],[-53.22614143223517,-29.2372506353711],[-53.21702228066926,-29.24190297505278],[-53.20639210985374,-29.23228647746013],[-53.19745636118392,-29.2286540611025],[-53.1786310951912,-29.23451575862554],[-53.15881080583737,-29.22809424286195],[-53.14452728105291,-29.23059217978306],[-53.13247588501434,-29.22245713380346],[-53.12403474610399,-29.22394546496014],[-53.11872205149258,-29.217952433216],[-53.11096481740396,-29.2162495617757],[-53.10147804440867,-29.19039794656308],[-53.08185906997058,-29.18079531360203],[-53.07698393751721,-29.17541837755085],[-53.07949296683694,-29.16803890258739],[-53.09611273260479,-29.16309060381483],[-53.0983884984914,-29.15494147310785],[-53.08634601301311,-29.14899886580766],[-53.08417498731449,-29.13851764846413],[-53.073761608152,-29.13452390984961],[-53.07529230500835,-29.12977353842355],[-53.08446635016525,-29.12247282822756],[-53.08805109946139,-29.11198198712243],[-53.07930767224117,-29.09816374257619],[-53.07935914770639,-29.08545424947366],[-53.08369897351652,-29.07478219317706],[-53.05961297889004,-29.0732982477989],[-53.05258377849427,-29.06585951544997],[-53.05928509926331,-29.05236049244298],[-53.07101373763942,-29.04088624332487],[-53.06083702159676,-29.02833901285789],[-53.05868714885236,-29.01321448522091],[-53.06862533118529,-29.00240216060617],[-53.07505318933954,-28.98921608855668],[-53.07081136384816,-28.97992434638022],[-53.07357411179653,-28.97185213503383],[-53.05441150888365,-28.96891532760491],[-53.05255954383964,-28.96183705895145],[-53.06889145035691,-28.95687527904454],[-53.08231978491644,-28.94110860695114],[-53.08693971178773,-28.9267872016079],[-53.08357091268122,-28.92009710151466],[-53.0775008027404,-28.91665074008612],[-53.07769386959286,-28.90817398627244],[-53.09487339277135,-28.90543869849887],[-53.10797457523663,-28.89753526202048],[-53.11075896726089,-28.89269285814394],[-53.10994896797702,-28.87708414083122],[-53.10644267088961,-28.86955492957792],[-53.10715450059666,-28.85417595253271],[-53.11483052922883,-28.84186073675682],[-53.10943313547577,-28.83364214689294],[-53.11236450257857,-28.82124439240557],[-53.10570196708206,-28.81512392411373],[-53.10942325849286,-28.80262382553269],[-53.13390779947204,-28.79976328864646],[-53.13712497406653,-28.77690270018268],[-53.14836723613396,-28.76771080075832],[-53.16939952619661,-28.76930586207051],[-53.17830190897919,-28.77397440789261],[-53.18006761703784,-28.7811185210493],[-53.18917331349044,-28.78533725320113],[-53.2003612269475,-28.78241165236354],[-53.20533994260097,-28.77290694916924],[-53.20175998011481,-28.76469681327897],[-53.2017465743486,-28.74886613894229],[-53.21445226734102,-28.74328224844726],[-53.21819272107055,-28.72696629785684],[-53.21616516728874,-28.71617929515559],[-53.22358724095735,-28.70356596605779],[-53.22033673734652,-28.69927974726581],[-53.2003760619089,-28.7003866950353],[-53.18164211555546,-28.70913018713825],[-53.17653385287371,-28.70168423854399],[-53.17984039711742,-28.68928235312223],[-53.17797249949648,-28.6812425864534],[-53.18780414605993,-28.66727845760852],[-53.19325640766294,-28.64708688537519],[-53.21971754232928,-28.6257970328016],[-53.21548069785361,-28.61353440140197],[-53.22634498169759,-28.5996681417656],[-53.22915155919331,-28.5793850251234],[-53.22797947201447,-28.57247000059005],[-53.22325485589982,-28.5693116455038],[-53.20227260127908,-28.57034023413769],[-53.17649319604324,-28.55066849015117],[-53.17729317183399,-28.5441831629531],[-53.18406357643357,-28.53613330514555],[-53.18343437560245,-28.53092068163987],[-53.17664275584537,-28.52546357091915],[-53.1783943333103,-28.51393482861543],[-53.19188929589016,-28.5054851371713],[-53.18546661078859,-28.49447123640464],[-53.19585442633794,-28.48388952112356],[-53.19404494613536,-28.47643909401967],[-53.20198597360431,-28.46488633916969],[-53.19581230022786,-28.45649455143851],[-53.17426251174498,-28.45864673706865],[-53.16837702477515,-28.44907684450029],[-53.17593717283158,-28.44267379463276],[-53.17639079481199,-28.43780829941791],[-53.16966750430877,-28.42946335760567],[-53.17707081604048,-28.42409606480255],[-53.17655783832524,-28.41161537046046],[-53.1905767211212,-28.39503310748627],[-53.18570721658916,-28.38401308193208],[-53.18580349135239,-28.37508947592849],[-53.1786079552416,-28.3682395876575],[-53.18139323038915,-28.36100071250785],[-53.17706644135526,-28.34015378349878],[-53.16119859449991,-28.33930013751048],[-53.151942814744,-28.33404225413041],[-53.14622435112399,-28.32891423012628],[-53.14446830508652,-28.32158335518263],[-53.13423959791223,-28.31526077759421],[-53.12986361242534,-28.30731574765837],[-53.13527745363577,-28.29381819905258],[-53.15304071436689,-28.27743450784144],[-53.1508380215339,-28.2735886766418],[-53.1384360031396,-28.26895808926568],[-53.14273443903161,-28.26038107105234],[-53.13920524962859,-28.25214611585345],[-53.15490620822602,-28.24013175589677],[-53.16636626483311,-28.22056246261076],[-53.16577817998917,-28.2169066112554],[-53.15908812747013,-28.21619229155468],[-53.13746132318488,-28.22721547582654],[-53.12333632039909,-28.21858512786154],[-53.11182538487109,-28.19495629048854],[-53.1046464960079,-28.19098471944029],[-53.10111298810973,-28.20709574132971],[-53.11010983363402,-28.22636091281968],[-53.10896375265613,-28.23318402532777],[-53.11356248733069,-28.23775540258216],[-53.11266236859445,-28.24547278451878],[-53.08541468811262,-28.25421819226709],[-53.06736050814461,-28.24888690259344],[-53.06495367949316,-28.25196729518483],[-53.06712959770134,-28.26009637645947],[-53.05206455880154,-28.27201356886391],[-53.02706334157848,-28.27557957578146],[-53.02664136650969,-28.2813143369601],[-53.0333784320325,-28.28959295284005],[-53.04426695824135,-28.29413649421333],[-53.05620257455936,-28.30422732841219],[-53.06094568240632,-28.30297918486435],[-53.08033835456461,-28.27718570022889],[-53.0986009626165,-28.28595243517615],[-53.10004063733224,-28.29679735941093],[-53.08460805249276,-28.30730948118468],[-53.08261865110812,-28.31269255998941],[-53.08861168825078,-28.32048524527351],[-53.09951325081939,-28.32412629984682],[-53.09887193145023,-28.33410207136321],[-53.07363827007197,-28.3486626738956],[-53.06914752366083,-28.3542813059458],[-53.07114318245788,-28.36004675619089],[-53.06904009248021,-28.36435539731594],[-53.0577967080165,-28.36771270906246],[-53.05393974143907,-28.36584101094504],[-53.05196077368866,-28.35828401993688],[-53.03938433421019,-28.35996137795218],[-53.03706269014466,-28.3529746943705],[-53.03069482195197,-28.34723067145663],[-53.03038708013393,-28.33979300043457],[-53.02388951515504,-28.33879934325057],[-53.01738144262401,-28.34812869136197],[-53.02003186580946,-28.35588060522749],[-53.02690011580525,-28.36049106401076],[-53.02591818014336,-28.36705611431706],[-53.02118355145459,-28.3714362924151],[-53.02261296497024,-28.37955921725505],[-53.03907454371215,-28.38279427112743],[-53.04133426776858,-28.38737407981388],[-53.01599841431324,-28.39782573640248],[-53.00738500959253,-28.41122588597736],[-52.99191405760988,-28.3978961097564],[-52.99056700854592,-28.38864940136903],[-52.98201831757599,-28.38926135743025],[-52.98120576503386,-28.39895675619497],[-52.9872671053301,-28.41540426590297],[-52.98144577332582,-28.43034097205165],[-52.96458735352395,-28.42749211955694],[-52.96455334408232,-28.42189724039945],[-52.97210868564466,-28.41728094146357],[-52.96831301742008,-28.40831035859022],[-52.96908093957492,-28.40115415390069],[-52.95218160896236,-28.39437652806606],[-52.95032924056981,-28.38394895591071],[-52.95703002241921,-28.38029021082158],[-52.96193294273307,-28.37278383463973],[-52.95378121849688,-28.36813220315202],[-52.95187936032894,-28.36140887128116],[-52.9635068313172,-28.35579180314175],[-52.95427835101172,-28.3476168418735],[-52.95154804717519,-28.34029107964466],[-52.96250241448566,-28.33383099051244],[-52.95860617316935,-28.32801839290531],[-52.96091554577076,-28.32127084648213],[-52.95283370295411,-28.31734233652382],[-52.94911627881054,-28.30603910741489],[-52.94529976382953,-28.3042307169478],[-52.93904740563121,-28.31045464652431],[-52.94427005416055,-28.32353070301907],[-52.93988499511068,-28.32954650812432],[-52.9412911606254,-28.33922936791205],[-52.93334343488439,-28.34287004542827],[-52.92688338324504,-28.35506997138253],[-52.93235279712155,-28.36121407518708],[-52.93087724776697,-28.36622940859806],[-52.920934977469,-28.36800425279242],[-52.9050337674983,-28.35440672324038],[-52.89479694922463,-28.35883080925186],[-52.89555970122282,-28.36287653611489],[-52.90507466861474,-28.36989320346113],[-52.89953422037486,-28.37595203736781],[-52.89989723375822,-28.37959474745864],[-52.91091779816209,-28.38111366503728],[-52.91364136722442,-28.38434856005926],[-52.9083370314953,-28.39027648182918],[-52.89946362421581,-28.39127192830125],[-52.89639223212374,-28.39564264642173],[-52.89699951018405,-28.40401021058455],[-52.88724844512636,-28.4039946704001],[-52.88084016062163,-28.39985843307078],[-52.87855416083131,-28.39239504433903],[-52.8806098299841,-28.38540679783967],[-52.87270042670898,-28.38072365312401],[-52.87229399300652,-28.37235971350523],[-52.86708276337471,-28.36957440679657],[-52.86038593968599,-28.37264018254292],[-52.85638282637483,-28.37049159327163],[-52.85439289880068,-28.34645616197261],[-52.86294246918938,-28.33970452945118],[-52.85548302275611,-28.33301673542713],[-52.85429404971281,-28.32510406258402],[-52.84953177929135,-28.323713804211],[-52.84485169094079,-28.33021818333926],[-52.83794229932258,-28.33108940912126],[-52.83179699850365,-28.33683372590103],[-52.84043169961087,-28.34310847720587],[-52.8421602762169,-28.35325190713151],[-52.83897205972801,-28.35612844299352],[-52.83057093547252,-28.3557478949146],[-52.82832708826454,-28.35959302290135],[-52.83879667007556,-28.36710402336304],[-52.83903900126094,-28.37123703632177],[-52.82744139940591,-28.37744183910906],[-52.81373682477037,-28.37564847908189],[-52.81034497553608,-28.37906790465433],[-52.81368071438621,-28.38425222857849],[-52.82478817079405,-28.38836403203496],[-52.82467245723338,-28.39598183331292],[-52.83592927412226,-28.40240665624478],[-52.83598100356478,-28.40674873217642],[-52.82923528792144,-28.4098516321414],[-52.81741087861305,-28.40599150930285],[-52.80937182951606,-28.41050455935112],[-52.80088274565231,-28.40247442684613],[-52.79252967919281,-28.40244169635497],[-52.78889830011489,-28.39606410476516],[-52.78458234441761,-28.39530498142087],[-52.7817794524435,-28.39847982780459],[-52.7828823513626,-28.40719168331007],[-52.77185032827108,-28.41187270964977],[-52.77140857043103,-28.42714570784671],[-52.76319787284692,-28.43215861985148],[-52.75564660237891,-28.43227059538343],[-52.75025699963491,-28.44034490941908],[-52.74423884204487,-28.44200086601698],[-52.739816069635,-28.4396649045102],[-52.73939827248311,-28.42741123383525],[-52.74463714413037,-28.42205096495157],[-52.74356968207974,-28.41603917747945],[-52.74895017027514,-28.40943859654238],[-52.74894902448699,-28.40219810843025],[-52.73844879568225,-28.40267559090676],[-52.73373590526413,-28.39457712790505],[-52.71972564996224,-28.39368467715025],[-52.71668519542892,-28.38400599982153],[-52.72745122032646,-28.37644894149056],[-52.73178730023256,-28.36444353707668],[-52.743485488248,-28.36201519924758],[-52.74497843873729,-28.35525206843913],[-52.72717528727667,-28.35426495365136],[-52.71546101895829,-28.37133365256145],[-52.70677841830785,-28.37284662715724],[-52.70202340558003,-28.3785884517607],[-52.7069822859218,-28.39287775597009],[-52.69862067993033,-28.40925071963283],[-52.68984043319261,-28.411736094928],[-52.68297256471541,-28.40986355803788],[-52.67522770288071,-28.41515822382374],[-52.66943333176786,-28.40978598211513],[-52.66199697541757,-28.40933174598318],[-52.65809233637035,-28.40358747996132],[-52.64945957675768,-28.40620413991563],[-52.64489788623951,-28.40232479245837],[-52.64461908743689,-28.3928928824876],[-52.65129879932663,-28.3817718021167],[-52.66785990825222,-28.37393767809924],[-52.66857924631916,-28.36938355522254],[-52.65990286182522,-28.3671458557644],[-52.65170788837407,-28.37027458993168],[-52.64477272221084,-28.36585361018092],[-52.64045777280558,-28.35364978291749],[-52.62506536338452,-28.34988455559794],[-52.6203960980112,-28.35712164582075],[-52.61256484805504,-28.35889066364733],[-52.61109995507998,-28.36440893678076],[-52.61880672357593,-28.36905725059748],[-52.63392749514323,-28.36930515977279],[-52.63709273151693,-28.37494214860403],[-52.61900842695984,-28.38809923830593],[-52.61068963061695,-28.38862506504312],[-52.6093418220833,-28.39589890957841],[-52.60309432170026,-28.399324548384],[-52.60932649283963,-28.41706067107987],[-52.60216080737329,-28.42153885219442],[-52.58895693373622,-28.41732497697193],[-52.58605862301081,-28.42257846440253],[-52.57898245411671,-28.42601482300074],[-52.5817031702627,-28.43969054746926],[-52.56643659440618,-28.44242104297137],[-52.57592972156478,-28.45440867642169],[-52.57528942292697,-28.46194928262918],[-52.58366218833395,-28.46539398201228],[-52.58650377133682,-28.47535405947183],[-52.57899830622509,-28.4769076121984],[-52.57431886449878,-28.47147150753981],[-52.56476225861763,-28.46925441527503],[-52.55701604895427,-28.47777272409246],[-52.53737754245847,-28.47658848201773],[-52.52968389274184,-28.4794076269855],[-52.52442646520529,-28.4701163824937],[-52.53124892234902,-28.46611828693271],[-52.5329146482082,-28.46090783646384],[-52.52586514263397,-28.45371587913876],[-52.53282296054557,-28.44574188483936],[-52.52348106319412,-28.43715246732696],[-52.53606123329721,-28.42462612108947],[-52.55081523853649,-28.42212097228405],[-52.55020589462426,-28.41639743698288],[-52.54207943031807,-28.41659761995108],[-52.53386641796642,-28.41144623253784],[-52.52464400112128,-28.41409358950409],[-52.51892776193582,-28.40198993317026],[-52.50918429397436,-28.40185597688601],[-52.50253759009664,-28.40693991566239],[-52.50388507234509,-28.42225556947787],[-52.50860845829624,-28.42765881752423],[-52.50966484556975,-28.44547996117167],[-52.50750477691073,-28.4524181782635],[-52.50135516540389,-28.45685218101472],[-52.49311121843446,-28.45158727020323],[-52.4907113698646,-28.43698175944128],[-52.48178082227385,-28.43285998176423],[-52.48339140460201,-28.42477659655693],[-52.47913310757853,-28.41939451724182],[-52.46787019347462,-28.4201714364228],[-52.46259095329285,-28.41197737238959],[-52.45400736906151,-28.41010272593233],[-52.45193509876758,-28.40258860659655],[-52.44380519125906,-28.39992845760612],[-52.44631136229795,-28.3897452011661],[-52.45193334202522,-28.38392843705705],[-52.44823584739773,-28.3771990582783],[-52.44283960277676,-28.37775791787444],[-52.43451534744712,-28.39007191256032],[-52.42258476882737,-28.39227351397601],[-52.41534451883572,-28.38780935712825],[-52.40705656208464,-28.39194079409026],[-52.39986024145733,-28.38576144280608],[-52.38962423308257,-28.38450339651935],[-52.37509027046658,-28.37201821123612],[-52.38560552348354,-28.35983801080103],[-52.39005186562723,-28.3624148318024],[-52.39253501648948,-28.37029925412758],[-52.40795473011659,-28.36791632654579],[-52.41083784941105,-28.35077051589667],[-52.42034809932824,-28.33872703812824],[-52.43621117089396,-28.33653057694692],[-52.4277343730404,-28.32716322663979],[-52.43026861142265,-28.31474536824915],[-52.44612632198108,-28.31216973802893],[-52.46630312076945,-28.29422175616592],[-52.47474178656236,-28.29825286935255],[-52.4807217862211,-28.29522901160519],[-52.48352603908471,-28.28016362987663],[-52.47579215111748,-28.27366190024134],[-52.46637258417088,-28.27142057907251],[-52.46377822533941,-28.26498426731143],[-52.45514349436178,-28.25817400331196],[-52.44587156196422,-28.25711692129645],[-52.44253694504394,-28.23271118204455],[-52.43535034290354,-28.231319170214],[-52.42502700948806,-28.23724353526161],[-52.41840428358535,-28.24530424442978],[-52.40349417666001,-28.24211382317667],[-52.39759266569013,-28.23255801283118],[-52.38559767225541,-28.22675298244738],[-52.37658620689709,-28.22956134146169],[-52.37018101991897,-28.22392323003089],[-52.36559477084699,-28.22389684115957],[-52.36347823883079,-28.23750390104576],[-52.36803065070752,-28.24249488809802],[-52.36886312574003,-28.24919450825684],[-52.3643914824294,-28.25702890777691],[-52.3714785148334,-28.26382515956331],[-52.37216130530161,-28.27264752049008],[-52.3652283888376,-28.28149202409823],[-52.35573578344819,-28.28412117784117],[-52.35017623223755,-28.29142789749137],[-52.34298970104741,-28.29398550105838],[-52.34096387440626,-28.30756347503268],[-52.33487450315047,-28.31243539582317],[-52.33556977310582,-28.32111947804641],[-52.32756097746554,-28.32307570337524],[-52.32533407466027,-28.3133665048459],[-52.31172770442285,-28.30264185628483],[-52.30552864102707,-28.30788024786666],[-52.30770580416785,-28.31996543390513],[-52.3053088604385,-28.32847136596418],[-52.29146122753692,-28.33126930705642],[-52.27144191037677,-28.3224517271254],[-52.25374492834182,-28.32817329827542],[-52.24174453930072,-28.31958416081024],[-52.25531191948559,-28.3040853960227],[-52.25186976659325,-28.29685676675899],[-52.24416433892539,-28.29571067801086],[-52.23789821401949,-28.29033643914664],[-52.23037942664952,-28.29043787826499],[-52.21146019881319,-28.26854158621121],[-52.17464004015827,-28.2480251898377],[-52.17439718565901,-28.24265516707091],[-52.18177982060605,-28.23280357003959],[-52.19610210454822,-28.22601738250041],[-52.19478090544309,-28.21609553921164],[-52.17533222646507,-28.21450040913199],[-52.17340772758774,-28.20335418802274],[-52.16924632098671,-28.20078762934558],[-52.15222454106583,-28.2030949820006],[-52.14775116339587,-28.21364275253262],[-52.13703099843651,-28.21356842855451],[-52.11452197860767,-28.18442840119979],[-52.10289298213707,-28.18150255223959],[-52.10061830837198,-28.17781737462745],[-52.11837684522887,-28.16416616817284],[-52.118270110643,-28.15572342006871],[-52.13056387712164,-28.13775730703194],[-52.14420557989399,-28.13850892178968],[-52.16330168351961,-28.13173343885552],[-52.17057888439739,-28.13845066648705],[-52.17011392870619,-28.1557320769044],[-52.18713393426245,-28.16197473415903],[-52.19949459044126,-28.15579362437248],[-52.20866667425857,-28.14590045498731],[-52.21114434458687,-28.13086874855557],[-52.20481801217834,-28.12042615294028],[-52.20664764236336,-28.11666884392916],[-52.21284512124016,-28.11696062266608],[-52.21935825392465,-28.12185371978603],[-52.22175034823205,-28.1289393028821],[-52.2348505091154,-28.13505441703079],[-52.24769482403835,-28.12083209617089],[-52.25630082808175,-28.1199652504138],[-52.26182118819239,-28.12465721237117],[-52.26635552169545,-28.12399934228788],[-52.26837242336529,-28.11654201524864],[-52.27633266923977,-28.11325990655146],[-52.27564929372384,-28.10701248614209],[-52.28017312080774,-28.10295891851618],[-52.28364357651235,-28.09171284521619],[-52.28088495064969,-28.08806125354517],[-52.27248609093144,-28.0875155568123],[-52.27062233616099,-28.08073003061913],[-52.2843053620629,-28.07964213422251],[-52.28703289978372,-28.0758480164213],[-52.27642726825546,-28.06530323961996],[-52.26209206211332,-28.06652833455868],[-52.26053209159631,-28.06018347919137],[-52.26673783024801,-28.05487471659789],[-52.26479956476803,-28.0475343325695],[-52.26122214571546,-28.04551743900941],[-52.25469595112703,-28.04757754842809],[-52.2496935124046,-28.04398648844567],[-52.25667285162184,-28.03475858835271],[-52.25594135000635,-28.02448822903963],[-52.2651934082879,-28.01716289484693],[-52.2574819302537,-28.01166215489412],[-52.24947102381791,-28.01096905678972],[-52.24992489594884,-28.0019837247712],[-52.25756860485568,-27.9968609376062],[-52.2734877608673,-27.99441532977619],[-52.27470840327383,-27.98274684240267],[-52.27884003461278,-27.97862180896766],[-52.29601289444618,-27.97564108011848],[-52.30630635941223,-27.98317314929707],[-52.31099557129416,-27.97309325257731],[-52.31614183074088,-27.97089774179408],[-52.32923721025917,-27.98158217120569],[-52.33694767409429,-27.97830691964887],[-52.33887654874272,-27.95652812749145],[-52.33048290110449,-27.94320605080593],[-52.31643506808923,-27.93724787024691],[-52.31208977951052,-27.93233354996567],[-52.30540945503199,-27.9318514159133],[-52.30135938416687,-27.92678395157535],[-52.29208060451383,-27.92676425677459],[-52.29110546203255,-27.91558022456197],[-52.27895320756901,-27.90553054601065],[-52.29058660209042,-27.88892225291985],[-52.27748731119809,-27.87903192330641],[-52.28115836355405,-27.87231687977598],[-52.28004838279449,-27.85908441507503],[-52.28581525147299,-27.84978580194547],[-52.29593456317352,-27.84376235031251],[-52.29767776927809,-27.83801844923351],[-52.28340644417169,-27.82214208797567],[-52.27192933225387,-27.82244883486924],[-52.26525172249887,-27.81322787420654],[-52.2642805405775,-27.80516566804957],[-52.2756630673041,-27.78626069220963],[-52.28014222338144,-27.76965147963697],[-52.29019509396803,-27.75534208939515],[-52.28855486326037,-27.73802714705622],[-52.31315674465993,-27.73535156693423],[-52.31502915759744,-27.72906847310393],[-52.32077256442918,-27.72479539201327],[-52.31828933622575,-27.71716858442104],[-52.32041471686273,-27.71371645443223],[-52.33326408260918,-27.70829486802955],[-52.34115125214878,-27.71176842521649],[-52.35551831254372,-27.70852674698592],[-52.35859466928851,-27.71102416392922],[-52.36129324584987,-27.73132056226249],[-52.36854490009478,-27.74621810717159],[-52.372755792216,-27.74781090059723],[-52.37582531189543,-27.74469675940694],[-52.37422193008084,-27.73073637009665],[-52.38717866984355,-27.7330296771647],[-52.39007171623629,-27.71911705947622],[-52.4001752119441,-27.71966063728117],[-52.41655014615748,-27.71032380052962],[-52.42030982879781,-27.71277041757836],[-52.42429480359914,-27.72435088229941],[-52.41871288728065,-27.73149908747903],[-52.42041822099246,-27.73914509903014],[-52.4151765801715,-27.74979294393045],[-52.40413110687872,-27.76583470105384],[-52.39528289024538,-27.77232499619743],[-52.4007243601487,-27.78239499794394],[-52.40577864515209,-27.78198022585908],[-52.44017911152541,-27.75354052435484],[-52.44805693515969,-27.76367195158426],[-52.44418653892386,-27.77197981212333],[-52.43252412665559,-27.77180738027576],[-52.42803804971366,-27.77978372958834],[-52.43429175514981,-27.794839371019],[-52.44362908291409,-27.78959421398721],[-52.44711941055922,-27.78402533878056],[-52.45534475178601,-27.78597805349421],[-52.46058988565036,-27.7812433835388],[-52.46741062894715,-27.78100187701849],[-52.47585117855946,-27.76840930527982],[-52.48839841948416,-27.76453268425636],[-52.49503521033558,-27.76902317335953],[-52.50281643250282,-27.76901300921257],[-52.50670448336458,-27.77849621524676],[-52.51430142597648,-27.7771070781231],[-52.52979993029691,-27.78236701283307],[-52.54010315593669,-27.79491893087628],[-52.54521712878994,-27.7929507301638],[-52.54612626262193,-27.78130300852174],[-52.55458996650209,-27.77763970754009],[-52.56164369586476,-27.77809445201827],[-52.56817449987395,-27.78409524249107],[-52.57842622650465,-27.78644286379],[-52.58032927886398,-27.76449653818361],[-52.58908862653348,-27.76267550418535],[-52.60357075345766,-27.7690440280639],[-52.61175371455612,-27.76893244607771],[-52.62584674073632,-27.75715095521894],[-52.62813724950217,-27.74936063794633],[-52.62440493405298,-27.74310941509588],[-52.61527234430538,-27.74206803682646],[-52.60907289267089,-27.73596553695622],[-52.59700538671161,-27.73631421934273],[-52.58965162708369,-27.74407850008595],[-52.58325125196261,-27.74389379186022],[-52.58364271341394,-27.73429377586059],[-52.57283027213196,-27.73206599019101],[-52.56865587810719,-27.71412307525156],[-52.55641692853187,-27.71039448861407],[-52.55265853136066,-27.70476465525195],[-52.5524647259522,-27.69622793600959],[-52.56098697259547,-27.69446609058346],[-52.57546297896349,-27.67814054448424],[-52.5826369958792,-27.67630416347451],[-52.58462428337732,-27.66608958353256],[-52.5914626204606,-27.65977874040439],[-52.61178277832741,-27.64933795122289],[-52.62523750514136,-27.62838456697935],[-52.62683631818757,-27.6082557580664],[-52.63710952460099,-27.60120002743266],[-52.63983700275358,-27.59515332034207],[-52.64963193728925,-27.58923219014125],[-52.66301315841653,-27.58822590582879],[-52.67093160966734,-27.57950232501924],[-52.67872243165309,-27.57703368157942],[-52.67962384609537,-27.57130602156505],[-52.67308367677364,-27.55934514348576],[-52.68149713583874,-27.54394768352188],[-52.70194708036544,-27.54122896201774],[-52.71017788158264,-27.53632507587261],[-52.70986854823201,-27.53132369942848],[-52.70218749157584,-27.52517918324479],[-52.70556508684278,-27.51875580933445],[-52.7141129831539,-27.51731643244763],[-52.71650039467278,-27.51162738703947],[-52.72210368548459,-27.50841191101605],[-52.71830694072394,-27.49889974111513],[-52.72012356360852,-27.49422592123462],[-52.72974516791329,-27.49280895390106],[-52.73615075965201,-27.49538879051919],[-52.74951388219994,-27.48830228095171],[-52.76076168323622,-27.49186442213076],[-52.7717923476672,-27.48605514653325],[-52.79262460639685,-27.49143436452028],[-52.79410375650331,-27.49544976745882],[-52.79061385675561,-27.50265355203318],[-52.80342541820641,-27.50740558397766],[-52.81190083025808,-27.50062193379039],[-52.80302077656278,-27.48978399122172],[-52.80292532693684,-27.48265533309702],[-52.82807881541162,-27.46155951035469],[-52.83742719002479,-27.46590886580329],[-52.85795368264942,-27.46359780751709],[-52.87452714867288,-27.4671539577874],[-52.88717416993103,-27.48610108353808],[-52.88436512656317,-27.49699066499009],[-52.89508602368934,-27.50325449221509],[-52.89769313297952,-27.51374770325702],[-52.90433621275673,-27.52209572248151],[-52.90147588967124,-27.53138218477858],[-52.89351156607399,-27.53650130707114],[-52.89231832882748,-27.55381326164241],[-52.88741772201559,-27.55841621953766],[-52.88819518111083,-27.56590770199332],[-52.88426715177575,-27.57075243416247],[-52.89176517924599,-27.5827574036116],[-52.88367551212174,-27.58670725806729],[-52.87577669920602,-27.58416730256258],[-52.85928700508614,-27.59401113125811],[-52.85607855375415,-27.60215777718862],[-52.85745849919079,-27.60827779209213],[-52.84900676551515,-27.61762574614272],[-52.85193385586036,-27.62522904496206],[-52.84173231094769,-27.62813152694945],[-52.83942075649549,-27.63206496060464],[-52.84111140184071,-27.64516486296029],[-52.83370724398791,-27.65915450360098],[-52.84394922020545,-27.67226095461319],[-52.84847183411891,-27.68566418251227],[-52.8562416587192,-27.68894257311015],[-52.8695861192549,-27.68748056181741],[-52.87738337030014,-27.69692515211609],[-52.88578540722686,-27.69993899412862],[-52.89264222376792,-27.71064761233256],[-52.88603062231961,-27.71457585524127],[-52.86792189856558,-27.70854293993735],[-52.8405617093746,-27.71066455092177],[-52.8337322733411,-27.71457561100426],[-52.8308010537298,-27.72070087345919],[-52.8317718982667,-27.73366965438501],[-52.82604954024461,-27.75209068183379],[-52.82725364650695,-27.75815781441881],[-52.84904828967617,-27.76517391658392],[-52.86307008008302,-27.75869934430731],[-52.88129776396725,-27.75789055231784],[-52.88474646641169,-27.76093933333888],[-52.88440545254628,-27.7676822926404],[-52.87998019119362,-27.77500196003266],[-52.87855144199091,-27.78618315128926],[-52.87403486751165,-27.7864209951111],[-52.85704724320783,-27.77543401280281],[-52.84434150057643,-27.77924686435429],[-52.8260387439533,-27.79349462213799],[-52.83075712844763,-27.81002041313262],[-52.81927992057661,-27.81514489797211],[-52.82056088468787,-27.822263729454],[-52.81411344482741,-27.82743187397191],[-52.82011640571474,-27.83599781015402],[-52.81635546393542,-27.84355332209895],[-52.82348406511195,-27.84960078759645],[-52.82687807474336,-27.86567250654524],[-52.83401841258175,-27.86593675805839],[-52.84478127667159,-27.86008868558972],[-52.84976227194373,-27.871206305527],[-52.8413590866063,-27.87771212435347],[-52.84006035727447,-27.88494111992771],[-52.81747895603517,-27.8971857992297],[-52.81502212611333,-27.91106282693677],[-52.82604902483494,-27.92330581641965],[-52.84347287604915,-27.92919896404328],[-52.85144160751734,-27.92815434623661],[-52.86240404474765,-27.91884714218876],[-52.87426966454915,-27.92197962462425],[-52.88446460032051,-27.92973262961986],[-52.87481937510981,-27.94001568597116],[-52.88412315797029,-27.94493448833603],[-52.88595384495136,-27.95123362895383],[-52.88241873006065,-27.95795752538416],[-52.88988497370636,-27.96527616861101],[-52.91185735162038,-27.96325341895396],[-52.91393543054515,-27.9797770944239],[-52.9292887854099,-27.98416453710908],[-52.93661518582764,-27.99114932644552],[-52.94754075995138,-27.98757454999754],[-52.96512013414917,-27.99845481336734],[-52.96207793602651,-28.00518428057643],[-52.95559930377491,-28.00615784941203],[-52.95133217901364,-28.0110001930299],[-52.94351472063832,-28.00988272250433],[-52.93941731403251,-28.01578973917612],[-52.93229458922264,-28.01782232241706],[-52.93110526796143,-28.02330178464879],[-52.9245450040091,-28.02813283061431],[-52.92979189646007,-28.04185574837381],[-52.92121016664309,-28.04535689844674],[-52.92073652952545,-28.05258502895156],[-52.91703858934496,-28.05499672540924],[-52.90402812137838,-28.04525880290016],[-52.89780615828027,-28.0510215241019],[-52.87913078200226,-28.05720056813187],[-52.86959227336578,-28.05153013810531],[-52.86075156680328,-28.05514800060106],[-52.84776044703853,-28.05335848556349],[-52.83283550590922,-28.03880898103946],[-52.81370938323867,-28.04824904103272],[-52.78563134539078,-28.04853374851031],[-52.75791549557172,-28.03371977730655],[-52.72126489450482,-28.02873250910443],[-52.71980001133286,-28.032438607456],[-52.72303372442698,-28.03787687599418],[-52.73954954867797,-28.04142324230077],[-52.74184270351991,-28.04856396695623],[-52.72397839877523,-28.05819654163006],[-52.7122602564919,-28.06919176432936],[-52.69696481319615,-28.07301496922712],[-52.6962390988113,-28.07903358436535],[-52.7142754570861,-28.09985740518814],[-52.71939620555584,-28.11123375125162],[-52.72974452798418,-28.11755184976717],[-52.73173082295783,-28.12343484586629],[-52.75279398036282,-28.13468023487355],[-52.77243697398671,-28.13614926427256],[-52.78307928226636,-28.14160632212976],[-52.79459694469195,-28.1376594451555],[-52.802523128068,-28.12702816214158],[-52.81576202038907,-28.12020547927999],[-52.8281356783842,-28.11671899834691],[-52.83550099137396,-28.11848810844696],[-52.85554974996106,-28.11010435922596],[-52.8656260604683,-28.11323782394212],[-52.8680605420881,-28.11015495294322],[-52.86659447877283,-28.09878354251459],[-52.87573847221928,-28.09114887465871],[-52.87092372623714,-28.08121957717687],[-52.87268740114637,-28.07268778009434],[-52.87857613299769,-28.0713260684286],[-52.88695151627324,-28.07601578201941],[-52.9039708793082,-28.06999952227201],[-52.91104336520235,-28.07142182787855],[-52.9257016318418,-28.06473589123736],[-52.93505885937653,-28.07474466163108],[-52.93897867202724,-28.07118182824551],[-52.93853209564315,-28.05869932049934],[-52.95700967311868,-28.05761910308531],[-52.96728280905869,-28.05365497061417],[-52.97785779096186,-28.0564942386475],[-52.97938878463742,-28.06596394009352],[-52.97440166853753,-28.07137554121276],[-52.97495361002399,-28.0803658317649],[-52.98012916154517,-28.08523752402605],[-52.98918941518539,-28.08651325511225],[-52.99622018412639,-28.09654949128846],[-52.99594042025725,-28.10529095423419],[-52.99189694427512,-28.11048201412886],[-52.9945969879666,-28.11830166503529],[-53.01332025310953,-28.12662560090966],[-53.02521276223288,-28.1049275658743],[-53.02433110205315,-28.08671904526899],[-53.02000339173379,-28.08150442508398],[-53.02126866313356,-28.07569536554195],[-53.03520368813193,-28.07184557126223],[-53.04228059402423,-28.05085210142421],[-53.04642584394256,-28.05182587819596],[-53.04905933029062,-28.05950407001135],[-53.05814114826205,-28.06723841948126],[-53.05676336953009,-28.07295504412598],[-53.06050413681376,-28.08072181827355],[-53.0540099027799,-28.08816231099151],[-53.05527622143499,-28.09203366905631],[-53.06545789751884,-28.09416874805341],[-53.07394769832284,-28.08775149280931],[-53.08384265856788,-28.09139635914631],[-53.08951971757147,-28.09995321156437],[-53.10384600729839,-28.09409679242946],[-53.10452825721819,-28.09029578630703],[-53.09831763449811,-28.084011572886],[-53.08370380582213,-28.07957682808716],[-53.08381075880527,-28.07327449124226],[-53.09073692205385,-28.07095049121291],[-53.09623763494206,-28.06468284149651],[-53.10500699750914,-28.07515367127866],[-53.11158745435895,-28.07673861613595],[-53.1204403836346,-28.06331028835822],[-53.10955753642138,-28.05515574990336],[-53.10983231388003,-28.0506978653124],[-53.12018373899711,-28.04908693619011],[-53.1316265760714,-28.05707141616883],[-53.13865850729649,-28.05002828500432],[-53.13564272002422,-28.03797318239488],[-53.12522317642188,-28.03609565147985],[-53.11696398704913,-28.02697826597628],[-53.1149772071654,-28.0168516832608],[-53.12435719455317,-28.01400651043192],[-53.12775256654574,-28.00735475180023],[-53.13609949834131,-28.00636581414733],[-53.13646678989017,-27.99627418413366],[-53.14712575784225,-27.99261155061517],[-53.1512255456001,-27.98705077793671],[-53.16004623817774,-27.98992754677522],[-53.17048209511218,-27.98819227013485],[-53.17373655276933,-27.9732249573932],[-53.1787411232603,-27.97402518094663],[-53.19149705427217,-27.9915986025928],[-53.19778539118913,-27.98551119300014],[-53.19801585134362,-27.97838085337462],[-53.19265947739414,-27.96727098043216],[-53.19624369382252,-27.96374998738979],[-53.20976899662245,-27.97364066254428],[-53.22003614126069,-27.97054343277015],[-53.22934155710842,-27.98060741278764],[-53.23441853530632,-27.98077932357618],[-53.24503038718171,-27.97422407639354],[-53.25158069574584,-27.97578716479582],[-53.25892095927338,-27.98562129864206],[-53.26801705819009,-27.98350418987464],[-53.28592253560005,-27.96497775247359],[-53.25624624757258,-27.94316854903709],[-53.25957927741811,-27.93470293754247],[-53.25866590170824,-27.92732761728465],[-53.28080579840427,-27.90946351363004],[-53.27848606301403,-27.89710334614807],[-53.26892754129898,-27.89092371458244],[-53.26808079265489,-27.85994497865213],[-53.26208656839654,-27.85158580495848],[-53.26697074081457,-27.80925244141641],[-53.26404325355377,-27.80033072332861],[-53.27086672108376,-27.78600690420159],[-53.27071543501204,-27.7450689485396],[-53.27975538381997,-27.73951414477391],[-53.30211787014063,-27.70703102106652],[-53.29845775953297,-27.68075145754606],[-53.31413191376605,-27.66239936707239],[-53.31707505398799,-27.65661448152185],[-53.31495462276283,-27.64926646984063],[-53.32148578920623,-27.64253521692294],[-53.3127343020326,-27.63346844037946],[-53.31743738901086,-27.62491741962548],[-53.31043029518673,-27.6182952056382],[-53.30910781456766,-27.60943041998866],[-53.31579019489076,-27.60796158293795],[-53.32714163713761,-27.61450996303583],[-53.33375639379091,-27.60939281502817],[-53.35680480211148,-27.60438081839164],[-53.37017994847587,-27.59587025013129],[-53.37774383299657,-27.6027457591988],[-53.38263692340402,-27.60334584158469],[-53.38855562574665,-27.59937354506998],[-53.39129050457513,-27.58711543091794],[-53.41187828923953,-27.58100312636346],[-53.41011356817795,-27.57157761916842],[-53.41810922927365,-27.56458348711048],[-53.41972386702435,-27.5567607796131],[-53.44051495484877,-27.56216837695072],[-53.47346918275304,-27.5479729872364],[-53.49088550845262,-27.55104693344192],[-53.48844335823665,-27.56347868215456],[-53.48216451125246,-27.56822678149492],[-53.4823523474367,-27.58225440546226],[-53.49700345212194,-27.59086476600178],[-53.49511777712941,-27.59697944722049],[-53.48073996176173,-27.60421417359801],[-53.48882750901884,-27.6205862409324],[-53.48634551050687,-27.62477970757158],[-53.47766349789416,-27.62607196483676],[-53.47658608149936,-27.6302859330513],[-53.48047253152605,-27.63577802204101],[-53.4886722009867,-27.63761133710835],[-53.49102479244151,-27.64499133120411],[-53.49501454326865,-27.64544220443719],[-53.51005167966738,-27.63145867387782],[-53.51536175388749,-27.60813136063919],[-53.51959746149872,-27.60652025838366],[-53.52364635249615,-27.60960951242369],[-53.52131952247068,-27.62332479925385],[-53.52613691211581,-27.63076377577664],[-53.53347188269606,-27.63463319393838],[-53.52729772488464,-27.64577642993896],[-53.53299217030078,-27.65492378656815],[-53.54777013986549,-27.65520102309362],[-53.55544058020411,-27.64843652709502],[-53.56312897061465,-27.65167544751426],[-53.56017791589646,-27.66126824396993],[-53.54386078931118,-27.66785630154161],[-53.53663333430718,-27.67345104045334],[-53.53672341952153,-27.67716344915186],[-53.54169218773944,-27.67980787878223],[-53.55292462349498,-27.67920058017882],[-53.561344704883,-27.67104736987751],[-53.5736836932672,-27.67574410687206],[-53.57352253649615,-27.68010132938646],[-53.56715976836071,-27.68681395455365],[-53.56980107767117,-27.69219423615246],[-53.57624867837617,-27.6936940840565],[-53.57881058146161,-27.69789431851186],[-53.56975361419315,-27.70599425420641],[-53.57095951118806,-27.71261183953562],[-53.56640248394904,-27.71827085108703],[-53.56743227225832,-27.72205258709228],[-53.57645900866213,-27.72409630908558],[-53.58256729072265,-27.71407826860653],[-53.59106758011529,-27.71929579462879],[-53.59635577741495,-27.71619453904619],[-53.59111289954699,-27.69952697511835],[-53.59977320532408,-27.68846781835702],[-53.59053044392316,-27.67970430245873],[-53.59727125240444,-27.67234315464975],[-53.59157304942765,-27.66300268556448],[-53.59265415739282,-27.65949555244034],[-53.5972800751316,-27.65839190822765],[-53.60608881347352,-27.66325464256709],[-53.61445980746148,-27.65973652880865],[-53.62367700949064,-27.6666612582886],[-53.62789039521953,-27.67777293359713],[-53.63612401545728,-27.68525991863284],[-53.63823341725676,-27.69139042218062],[-53.63273378350359,-27.72170343840961],[-53.64913635269937,-27.7373937071297],[-53.64288859221238,-27.76285370797831],[-53.64680761431318,-27.76533463694173],[-53.66928589212063,-27.7656930357801],[-53.6712998174351,-27.77637429341023],[-53.65632488197631,-27.78135565244584],[-53.64685799675282,-27.77627483192844],[-53.63601246978676,-27.78250598403385],[-53.61596024114058,-27.77839156734821],[-53.60956090959686,-27.78558235559775],[-53.60908687524506,-27.79791175655638],[-53.62243313203326,-27.80460629903251],[-53.61632889271206,-27.81266846649247],[-53.61751869857093,-27.8164174457728],[-53.63323753560395,-27.8149465798795],[-53.64054547884054,-27.82173898896929],[-53.65446695200693,-27.8058932109971],[-53.66669519599194,-27.80471813951847],[-53.66895019070207,-27.79592837048573],[-53.68393766578492,-27.79323492832097],[-53.69154833825576,-27.80794804420181],[-53.68852474907634,-27.8183617396573],[-53.71555329911814,-27.8283721344538],[-53.71460769658403,-27.83567489194943],[-53.70644179808637,-27.84053587836675],[-53.71500075418729,-27.8497880014988],[-53.70611183112561,-27.86402889180799],[-53.70841024604645,-27.86817109944873],[-53.71403601634513,-27.86821937810208],[-53.71873773269994,-27.86272832608386],[-53.72780701797505,-27.8632344778263],[-53.7292534017464,-27.85518733006249],[-53.73665564507584,-27.85132812918935],[-53.73544510772966,-27.84405212213983],[-53.74238520490955,-27.83831178432139],[-53.75633766768009,-27.84930652381578],[-53.76800889163032,-27.87565247824622],[-53.7791309645077,-27.8805884215321],[-53.77863372029682,-27.88893849300339],[-53.78160880377175,-27.89275056525954],[-53.78628637410446,-27.89306865419073],[-53.8001150356757,-27.88497812739533],[-53.80771610226053,-27.8869052992514],[-53.82269280637425,-27.90021157690568],[-53.8348361712143,-27.89550287640427],[-53.85607019895227,-27.89855284796077],[-53.88335352932932,-27.89165376112499],[-53.90092006122283,-27.89595667738287],[-53.90993462531139,-27.88455918932736],[-53.92104608967914,-27.87976962040519],[-53.92438184610624,-27.86963054743148],[-53.93754238527247,-27.86735645447909],[-53.94740922954013,-27.85572371555861],[-53.95442482055587,-27.85330995083025],[-53.95393998047975,-27.83399748395229],[-53.96540465144152,-27.82598707846171],[-53.96579561644525,-27.81662348114062],[-53.9596328160987,-27.80948789702023],[-53.97324118200886,-27.80486527790407],[-53.97936818798406,-27.79407406560188],[-53.97832705447522,-27.78707955528053],[-53.99093819641185,-27.78211051660167],[-53.99325206487603,-27.77370676202261],[-54.00894874107362,-27.77087856432227],[-54.0141700922423,-27.78346640628786],[-54.01862090049507,-27.78553356647939],[-54.02328616886467,-27.7809103483293],[-54.02364557736807,-27.77061469362511],[-54.03125585665542,-27.76603621278018],[-54.05226594333657,-27.76850491381951],[-54.05454670924526,-27.77546067697438],[-54.04682254895448,-27.78120455042113],[-54.04745506773355,-27.79418251722575],[-54.02837656117809,-27.79714771620754],[-54.0286004911496,-27.80442721720089],[-54.02309867521402,-27.80903062420424],[-54.02281997507023,-27.81652745451661],[-54.01529355189928,-27.82066027244139],[-54.00285983170317,-27.8385567243467],[-54.00649610087598,-27.8421765740928],[-54.01675394478096,-27.83639238639078],[-54.02171775749359,-27.83893956650382],[-54.00931611730496,-27.86003481213203],[-54.01291665908807,-27.86677048244588],[-54.01721861654176,-27.86529480720548],[-54.02939936056793,-27.84350726154057],[-54.04123890913856,-27.83187200310986],[-54.04645938162498,-27.83292720682967],[-54.0516518886409,-27.84549164190798],[-54.05126726722155,-27.85111910980722],[-54.04640928624928,-27.85583327253702],[-54.01016968791735,-27.87953074606028],[-54.00970216008867,-27.88383290538968],[-54.01677030024056,-27.89033300016608],[-54.032433519712,-27.88107673962997],[-54.03995294834888,-27.88008386437395],[-54.0465751032679,-27.87181088416116],[-54.05947233257115,-27.87366994247477],[-54.06754922445311,-27.86985960129402],[-54.07566741412901,-27.858095468331],[-54.08613671499387,-27.86623782764369],[-54.0842576792401,-27.87526769215169],[-54.08766229552491,-27.88207396535541],[-54.07876192340748,-27.88905521778572],[-54.08371421811277,-27.90260621182743],[-54.07675541138239,-27.90756370833389],[-54.06390436219981,-27.90897508315682],[-54.06251186665229,-27.91898231794135],[-54.06604923694876,-27.92480486881637],[-54.06154005062586,-27.93448701605253],[-54.05150695038837,-27.93403790282728],[-54.04061186462089,-27.92588049358492],[-54.032731042557,-27.92818788845195],[-54.02341034310964,-27.9262446475414],[-54.01784602773456,-27.93551363485327],[-54.00734998674652,-27.93442753394817],[-54.00390361859102,-27.93679026427428],[-54.00756189984314,-27.951293680339],[-54.00593720448913,-27.96304188724486],[-54.01039788088753,-27.96409840657449],[-54.02023245728095,-27.95544210961417],[-54.02969902262855,-27.95381607684362],[-54.03571276579292,-27.95779172183368],[-54.03326400543214,-27.96612739636016],[-54.04158231033423,-27.97730526463222],[-54.0455350365802,-27.97654489064272],[-54.05464706098783,-27.9656959642797],[-54.05652884366351,-27.95489874523994],[-54.06769692463322,-27.95687105942033],[-54.07443524520598,-27.94892630785851],[-54.08427959317979,-27.94701819480304],[-54.09795179226526,-27.93611339628787],[-54.10252577876764,-27.92944191686892],[-54.10006195116809,-27.91678570985976],[-54.10681759681337,-27.90734781978759],[-54.11812805289988,-27.90006004618415],[-54.1221383159053,-27.8921572477785],[-54.15205432727281,-27.88931585216605],[-54.14695301859887,-27.87157510038596],[-54.16586857089234,-27.86474052719999],[-54.17105093295314,-27.85455457723937],[-54.17010151863982,-27.8460825750297],[-54.15968484131151,-27.83542665511905],[-54.17075317051091,-27.81902380893794],[-54.17424932767683,-27.80762783416612],[-54.16897858602749,-27.78220378193024],[-54.18144947426373,-27.77995636981336],[-54.18827297046844,-27.78219791693376],[-54.19618262390147,-27.77609215952126],[-54.20594081350823,-27.78048871958802],[-54.21385981203883,-27.76734912054496],[-54.20800926910967,-27.75348867157054],[-54.19050593745821,-27.74545959291874],[-54.19295945164081,-27.72985776018587],[-54.20871911916319,-27.72711019349251],[-54.21992483157354,-27.73128301865784],[-54.23777439643393,-27.71764340685107],[-54.26965661246101,-27.71086218840174],[-54.2743250385293,-27.6983415590119],[-54.28713867195311,-27.68884952816381],[-54.30941355438976,-27.6873646814985],[-54.33902805731733,-27.69708042407931],[-54.34954838789152,-27.71120185338845],[-54.34729272689595,-27.71466089260097],[-54.32880366513847,-27.71931148736267],[-54.31251702058118,-27.73079707395139],[-54.31772614256915,-27.73949354005189],[-54.34111131258604,-27.74615351589953],[-54.34048774818902,-27.75354250561691],[-54.33054065602951,-27.76196429206635],[-54.34502815959021,-27.76905669245964],[-54.34722630552955,-27.77429857098191],[-54.34446246156409,-27.78328101838681],[-54.33212421945687,-27.78975729202546],[-54.33078144438939,-27.80169126554717],[-54.31760463909064,-27.80530826266374],[-54.31429861732783,-27.80985579514143],[-54.31173422388916,-27.82816849895046],[-54.31862240055821,-27.84310091394846],[-54.31222995418663,-27.85083190998775],[-54.31280089757951,-27.85968136006212],[-54.30776953107281,-27.86684673331957],[-54.3099874357663,-27.87569992442521],[-54.32169128022569,-27.88565444165959],[-54.31463295563412,-27.89768210124124],[-54.31625180047413,-27.90997105062453],[-54.33496423870221,-27.91258637214384],[-54.33702777480541,-27.92095327977289],[-54.33160281836071,-27.93611477902698],[-54.33465571324552,-27.94087303295857],[-54.35110529076741,-27.9355077930241],[-54.36356431257933,-27.93726398637846],[-54.3700889585859,-27.94619394332119],[-54.37873500380265,-27.94962053637498],[-54.39508879813574,-27.9694251844945],[-54.41020101213461,-27.96073390513573],[-54.42077516964251,-27.94595108379459],[-54.44520135782781,-27.93716503681462],[-54.45089498758622,-27.94284457514301],[-54.4522424390763,-27.95581273398231],[-54.43615606239388,-27.9622247770458],[-54.43523410478334,-27.96890547448352],[-54.45397717060306,-27.97873537821237],[-54.46209676387915,-27.98965338978052],[-54.48158847090484,-27.98131820811582],[-54.4874494540347,-27.96814457810482],[-54.5082161510338,-27.95145161629703],[-54.5215158013567,-27.93379648651843],[-54.53079892338332,-27.92954317520717],[-54.54309944337699,-27.92877556023441],[-54.55855574516172,-27.90663208587521],[-54.56697428650852,-27.90319519930127],[-54.58279037302435,-27.91816551140082],[-54.58637687787146,-27.91641766658849],[-54.58871537139291,-27.90891945582268],[-54.60391115340811,-27.90340670180116],[-54.60950702015217,-27.90433879710401],[-54.61105636955586,-27.91522260880972],[-54.60234666564376,-27.91773915509969],[-54.60101059744443,-27.92144420776589],[-54.6040144338306,-27.92955501620325],[-54.61483229063113,-27.93037431256719],[-54.61918573555702,-27.93870965335088],[-54.63402591295298,-27.93712569634172],[-54.64377617974443,-27.92300684183759],[-54.65877289169335,-27.93142219351691],[-54.68174492489865,-27.92228512533523],[-54.73807482988031,-27.920448948371],[-54.74597366460153,-27.92363600944129],[-54.75278992816305,-27.93772775358771],[-54.76582461452891,-27.94557688186655],[-54.77382899106887,-27.94655417462225],[-54.78054530073279,-27.95278137997703],[-54.77956282677874,-27.95732575109049],[-54.77155569281493,-27.96019281150421],[-54.76791154793477,-27.97083588409168],[-54.76043553975558,-27.97445512882864],[-54.75531356253629,-27.97230746223124],[-54.74920470916167,-27.96193202836689],[-54.73994408159368,-27.96126645997846],[-54.74006909148559,-27.97277991326735],[-54.73173677145133,-27.97598932819077],[-54.72496296055897,-27.9868565815534],[-54.72881691193801,-27.99017268551241],[-54.73999536065752,-27.98746119166783],[-54.74198932470907,-27.99411943725675],[-54.73193576804029,-27.99824356930918],[-54.72042678623522,-27.99849944786467],[-54.71486719492587,-28.00913039155126],[-54.70001412078509,-28.01050184529285],[-54.68854463677494,-28.01531683052071],[-54.68114001108938,-28.01158495725532],[-54.66639100980266,-28.01044236323129],[-54.65620494432331,-28.02020980434669],[-54.6653966154804,-28.02739254490529],[-54.6665304065282,-28.0316757018274],[-54.65528741113643,-28.03977163817053],[-54.65100400339145,-28.05340170916935],[-54.64400635392413,-28.0529394428482],[-54.63409093400429,-28.0412133389271],[-54.62748236186975,-28.04028980906515],[-54.62167918939924,-28.03446527260922],[-54.61311256287588,-28.03344304500951],[-54.60815307571386,-28.02707830795983],[-54.59517811238407,-28.03020959086687],[-54.59553450240639,-28.03506307235129],[-54.60551205525089,-28.039388430303],[-54.60344093729269,-28.04925300183755],[-54.62105854299998,-28.04948855080309],[-54.62252997501303,-28.05516025895813],[-54.61864360341824,-28.06157015200958],[-54.62057844640248,-28.06455358408004],[-54.63975802772355,-28.06202832284035],[-54.65584584748005,-28.06687666804713],[-54.6539523942301,-28.07177397255156],[-54.63477302837897,-28.07429796154209],[-54.63643980028021,-28.08380622341583],[-54.63321704754085,-28.08726057488598],[-54.62591389283219,-28.08766170617401],[-54.60039304607023,-28.07671646399827],[-54.59758448600849,-28.08178868703196],[-54.60427594235137,-28.08907459192178],[-54.6009745786229,-28.09463322850986],[-54.59160296171604,-28.09414285025511],[-54.57761152432252,-28.10549960818883],[-54.56165785621027,-28.10180503214148],[-54.5559559435368,-28.11041629858535],[-54.54619959469066,-28.10848719538843],[-54.53007308975938,-28.11439050393689],[-54.51913823389481,-28.10961099481636],[-54.52105588966121,-28.09861162782589],[-54.50676660261563,-28.08875213393425],[-54.50077753289285,-28.07881440521463],[-54.50223631046088,-28.07147985165759],[-54.4937106984974,-28.06865611798384],[-54.48651828838298,-28.05661305097996],[-54.47455675096055,-28.0514330498312],[-54.46504007757764,-28.05295543895068],[-54.45822726249297,-28.04734246893294],[-54.43714413302285,-28.04985957548318],[-54.43317187962177,-28.05330573246843],[-54.44088905057168,-28.06331799084935],[-54.44986413203938,-28.06406794192385],[-54.45760786513696,-28.07352829397103],[-54.45053384421639,-28.08030773537091],[-54.44362162595731,-28.0955328495855],[-54.43380128975761,-28.09080540932777],[-54.42825065186182,-28.09137658757262],[-54.4270794753532,-28.10301081899648],[-54.41809061029512,-28.10671672021556],[-54.41172761251976,-28.09142595756407],[-54.40256437317566,-28.08442375596997],[-54.39598984191498,-28.08647042293971],[-54.40195317022738,-28.1125718878545],[-54.4086456021066,-28.1193674141917],[-54.40648037814774,-28.12335169750239],[-54.3947675725226,-28.11905306735361],[-54.37397637621851,-28.09280395121693],[-54.36959968435715,-28.09301460218304],[-54.3624912147398,-28.09977448093801],[-54.35834155053966,-28.09919851948162],[-54.35715937071081,-28.09559245547977],[-54.36149124542248,-28.08753230641318],[-54.35733582260436,-28.08400320037094],[-54.35131733791253,-28.08865074595453],[-54.34377775658388,-28.0895980111124],[-54.3407822368069,-28.09971924955086],[-54.35092357725181,-28.10662977342483],[-54.35040130817643,-28.11591883656584],[-54.36131614795247,-28.11690958577847],[-54.36542622579351,-28.12257736356947],[-54.37406201349701,-28.12346308383719],[-54.37544265037887,-28.12724907920288],[-54.3724188340574,-28.13018928535858],[-54.3486794387005,-28.13190812081953],[-54.34704583377322,-28.13563803890184],[-54.35040470257059,-28.1417244753925],[-54.34828189815368,-28.14467820904723],[-54.34104578663965,-28.14401049165203],[-54.32697662142922,-28.13595759853447],[-54.32947669049546,-28.12518376294035],[-54.32703978194534,-28.12192659222544],[-54.31508057608183,-28.12658052046925],[-54.30828686335457,-28.11726111799155],[-54.29837398620247,-28.12252213425775],[-54.28299558049432,-28.11914431037567],[-54.28124204472763,-28.12714054927029],[-54.30465965135054,-28.13559418927514],[-54.31842322856907,-28.15249739935242],[-54.31534062986082,-28.16157602966554],[-54.32553257312046,-28.16744651743163],[-54.34616688942648,-28.17216045447493],[-54.3527749270698,-28.16483731805807],[-54.35819436085604,-28.16373359101371],[-54.37455304932208,-28.16759935145483],[-54.38127747386133,-28.16593286382538],[-54.38809234461043,-28.17023757390306],[-54.4072681801302,-28.15752386645255],[-54.41735032722402,-28.16103093546383],[-54.41801013614578,-28.16714476718417],[-54.40200680472525,-28.17209770711193],[-54.39124386048871,-28.18320053777697],[-54.38244123419201,-28.18582248301525],[-54.38308909724691,-28.19001024286846],[-54.39186043449013,-28.19571318934503],[-54.38743527224949,-28.2095729853981],[-54.40517194217684,-28.2288199364244],[-54.43129376530744,-28.23625403422374],[-54.43730861039582,-28.24085972732459],[-54.45261119247438,-28.24228310884511],[-54.46061342940112,-28.25094379757558],[-54.46825778602521,-28.25402846706691],[-54.4772886409859,-28.2538380360682],[-54.48629524940534,-28.27015913099021],[-54.48521619466197,-28.27469856362449],[-54.47629606037994,-28.27895015894722],[-54.47146663490525,-28.27264434617097],[-54.45074636090345,-28.26424363681584],[-54.4482577053529,-28.26816216403803],[-54.45482787125312,-28.27933068493059],[-54.45006565343711,-28.28298031748202],[-54.4389378575377,-28.27848816510433],[-54.43182896080985,-28.27087045525013],[-54.42115832907257,-28.2757922852261],[-54.41448968750408,-28.27097838247449],[-54.39899073095651,-28.24096790679153],[-54.38802316837751,-28.23923680548961],[-54.37895069350402,-28.23273910234083],[-54.37049054752489,-28.23383367856335],[-54.36881552809776,-28.23748270596928],[-54.37330371473431,-28.24744605060519],[-54.38282285650575,-28.2535807368314],[-54.36740609707043,-28.26413516888064],[-54.36704609550332,-28.26896362535895],[-54.42345828083317,-28.29615687289627],[-54.43493900838087,-28.29537366293373],[-54.4375131141073,-28.3005871142382],[-54.43453891552392,-28.30507100431692],[-54.40948304294334,-28.30856462132517],[-54.39757035642087,-28.29398344534303],[-54.39135589402016,-28.29412823153869],[-54.38440705784621,-28.30169621028025],[-54.37498810891704,-28.2994358178478],[-54.37285945664618,-28.31183587140951],[-54.3814595099898,-28.3223047250544],[-54.38147237245704,-28.32838730485081],[-54.37755437004525,-28.33070238410081],[-54.36616137551056,-28.33207405215297],[-54.36053498999568,-28.32807159140886],[-54.3527044715457,-28.32838686507882],[-54.3510355328957,-28.32015454239726],[-54.33733928582399,-28.30443610229836],[-54.32179268835593,-28.30911270099113],[-54.32304507787951,-28.29499530516908],[-54.3153758416944,-28.2833431364554],[-54.30995994813917,-28.28524766061427],[-54.30828905434347,-28.29801418331748],[-54.30235213277834,-28.29835860309461],[-54.30034450887587,-28.28970315064801],[-54.28986255894158,-28.28402065893868],[-54.28959171885956,-28.27246153803271],[-54.29689549331045,-28.25941679029267],[-54.28851634285257,-28.2501991331334],[-54.27651855788139,-28.25105486021059],[-54.26969969167697,-28.26539843711815],[-54.27149260576434,-28.27252778704597],[-54.26614138583456,-28.277399559248],[-54.25230429741047,-28.27673517560314],[-54.24442111528442,-28.2854772907946],[-54.23508677965981,-28.28610997492764],[-54.23169626235857,-28.29463740305531],[-54.22418238386324,-28.29536373451992],[-54.2188628956716,-28.28335855291439],[-54.21301090078914,-28.28254803447463],[-54.20581657356268,-28.2938850773157],[-54.21015054619484,-28.30759700224518],[-54.19765425702862,-28.31765344288757],[-54.19330990805935,-28.31691202051621],[-54.18420332805878,-28.30412944394801],[-54.17951678804565,-28.30524745177402],[-54.17663062383549,-28.31230334793088],[-54.1664753467059,-28.31538648136739],[-54.15309353481653,-28.30124997300847],[-54.14481587733836,-28.30395681496359],[-54.1387737015372,-28.30041436097603],[-54.13752240443637,-28.2752200854578],[-54.12826488628369,-28.27329429177755],[-54.12550973222039,-28.26924354194581],[-54.12847067768305,-28.25923143528279],[-54.1413347217004,-28.25699553362566],[-54.14357629359614,-28.25284491108339],[-54.13060096047136,-28.2467447721414],[-54.12713730495404,-28.23771098706152],[-54.12127387698656,-28.23508280303646],[-54.11727544515402,-28.22855822249287],[-54.12464412438868,-28.2191594212333],[-54.13505822175943,-28.21532093377851],[-54.13549408751771,-28.21087484504125],[-54.12958145666794,-28.20651625194904],[-54.12953089107749,-28.19994316856731],[-54.1320278994944,-28.19577325044217],[-54.14511020827505,-28.19070957202485],[-54.14641933977708,-28.17922866023313],[-54.14373702921864,-28.17312120512615],[-54.1589916974682,-28.15647840791505],[-54.15639492045576,-28.15096851296421],[-54.14444592391943,-28.15300756980913],[-54.14009489713521,-28.14536138353218],[-54.13030099615999,-28.14406976927042],[-54.12497898727241,-28.15273095815696],[-54.11932480069854,-28.15398922253748],[-54.11145992686184,-28.15074376756128],[-54.11041184065682,-28.14364696450338],[-54.1021462937564,-28.14146445487372],[-54.09953654839549,-28.13490130847196],[-54.08371912002467,-28.12832851517038],[-54.07959790551346,-28.13243674862077],[-54.08671258683383,-28.14352901183294],[-54.08079892496934,-28.15439209995166],[-54.0745222275404,-28.15316423486136],[-54.07081623423031,-28.14498080948402],[-54.06104940950511,-28.14468183089319],[-54.05994379346816,-28.13487307582144],[-54.0497617878918,-28.12715053789957],[-54.04253857092793,-28.12781610039673],[-54.03745435105656,-28.13577616616644],[-54.02904825970944,-28.13344420553523],[-54.02362089034558,-28.13987844744074],[-54.01544154716205,-28.13937238687913],[-54.01060735588141,-28.14521111179671],[-53.99742474195084,-28.14177880661175],[-53.99509325599234,-28.15058805503478],[-53.9905665729858,-28.15288692541203],[-53.97720948272755,-28.15126790203532],[-53.97137473816287,-28.14387069644097],[-53.96139645314861,-28.13942805004372],[-53.95849125402625,-28.14415905497694],[-53.9605894185343,-28.16077929687076],[-53.98639410724874,-28.18453818819936],[-53.99386887057872,-28.19589051511804],[-53.98737766685827,-28.20044074520547],[-53.96709227577485,-28.19569554906986],[-53.96110938859496,-28.20833153055619],[-53.95388375785759,-28.20910572818549],[-53.94171348100698,-28.19777777235521],[-53.92628327854153,-28.19028739440475],[-53.91561497695578,-28.18864141358665],[-53.90714536588234,-28.1950469854451],[-53.88850292861467,-28.18504663036783],[-53.87539912679328,-28.18206738250164],[-53.86617352734231,-28.17497302677924],[-53.86096464208103,-28.15657683189594],[-53.84216890654547,-28.16355170020472],[-53.83744470831437,-28.15650606940271],[-53.84053730091963,-28.14782320386989],[-53.83685664961894,-28.14050131151157],[-53.83912328461969,-28.13451460663972],[-53.83480641291715,-28.13022825464131],[-53.82620198907708,-28.13741958625037],[-53.81658448085449,-28.13729717455096],[-53.81788765234446,-28.15216155518066],[-53.80738050479677,-28.15948506294402],[-53.80038773866813,-28.1595706294603],[-53.79138357655271,-28.14738762127367],[-53.77528154019355,-28.13501290622014],[-53.77487664366908,-28.12887916892146],[-53.76780843958569,-28.12086420863776],[-53.76570648640695,-28.10674151752007],[-53.75782024812856,-28.10337340243417],[-53.73818386835364,-28.10336998554977],[-53.73061672387057,-28.09708829656353],[-53.73230215130856,-28.09216587623346],[-53.74696261761819,-28.08930495698842],[-53.74699430337798,-28.08434014446372],[-53.72253325599601,-28.06785614280561],[-53.71410473340421,-28.07448514645866],[-53.7003193299889,-28.07420468976874],[-53.67882568095102,-28.05141713020419],[-53.6741743913526,-28.05483727807787],[-53.67700426335068,-28.07394803426438],[-53.6857754796845,-28.08649556366346],[-53.6766672889352,-28.09140123380648],[-53.67509540649728,-28.09798873435682],[-53.68105220783595,-28.10304355811837],[-53.70211957307477,-28.11043424616538],[-53.70336333682783,-28.11861899549569],[-53.71189880822873,-28.12302917057707],[-53.71278442278255,-28.1270663672045],[-53.7032633632092,-28.13792736297579],[-53.68525393199495,-28.13766107563371],[-53.66377596349184,-28.1193036576149],[-53.65590651920475,-28.11809191714704],[-53.64335820607429,-28.13510023627436],[-53.65996441849502,-28.15052116176788],[-53.65425720673298,-28.15542432981628],[-53.65246671892523,-28.16376008916998],[-53.63939899494911,-28.17756554592901],[-53.6439130030116,-28.19076125483016],[-53.63479403569718,-28.1925077435663],[-53.63019908340315,-28.19707238162635],[-53.61574865760235,-28.1957857525912],[-53.60924183067364,-28.19171311980837],[-53.58394480671367,-28.19645024829691],[-53.5777790785729,-28.18728985096826],[-53.56496331228343,-28.18369695165353],[-53.55887140311622,-28.17657114845735],[-53.5619251482488,-28.16615263690834],[-53.55848220089458,-28.15418287305057],[-53.55422469900232,-28.15085347110077],[-53.54677527058936,-28.15514852714688],[-53.54130149598011,-28.15213540728896],[-53.53916646311734,-28.13694328253502],[-53.52874699669512,-28.13136261326118],[-53.52935437867994,-28.11260092686843],[-53.52057498166863,-28.10265610640175],[-53.51565016469578,-28.10557111418493],[-53.51329910293413,-28.11860071447308],[-53.50592667223874,-28.13209011214551],[-53.49885010557482,-28.1303530668332],[-53.49199825431135,-28.12177977861049],[-53.48340862350675,-28.12448297143318],[-53.49012552854646,-28.14049324082086],[-53.48872703218662,-28.14811245288718],[-53.492789799448,-28.1640642472857],[-53.49994750934849,-28.16878590230231],[-53.51118643362332,-28.18483627932232],[-53.50665810719227,-28.19270280434464],[-53.48673952832211,-28.18636625419851],[-53.48016061050309,-28.18091089050299],[-53.46954030201172,-28.18590511819835],[-53.46183960580557,-28.17537191158141],[-53.45125587430533,-28.18437525935222],[-53.44635453960309,-28.18463021337882],[-53.43138171629898,-28.15578392741953],[-53.41632238754198,-28.16741201354357],[-53.3987879537983,-28.15518122948715],[-53.38917605713145,-28.15848872549787],[-53.37568304869796,-28.15751951383669],[-53.37375022549329,-28.16366619827306],[-53.39997909796957,-28.17658518202369],[-53.39823128994042,-28.18698234048891],[-53.40829452627491,-28.19614523127202],[-53.41544345889118,-28.19791571720473],[-53.41713388267625,-28.20615335707293],[-53.42554274233652,-28.20760019393352],[-53.42781185541103,-28.21146869698107],[-53.41884162007045,-28.22675086780389],[-53.40763268431603,-28.22426369639299],[-53.40087589891632,-28.22616687287954],[-53.39132079093176,-28.21974598128086],[-53.37831694759404,-28.22024015890845],[-53.37840348605162,-28.22688645301612],[-53.39392628965058,-28.23754870184042],[-53.37912924238395,-28.24416496992262],[-53.37770994638521,-28.24904693477835],[-53.38547999019945,-28.25300017984321],[-53.39355393708146,-28.2533112132991],[-53.39956741593281,-28.2498059632782],[-53.41052098405983,-28.25473132395247],[-53.42146078103677,-28.2537208327959],[-53.42965645746726,-28.26640220764575],[-53.42696077178685,-28.28102461531752],[-53.42113915911373,-28.28494482538888],[-53.42132887410295,-28.2921491144098],[-53.41781522960209,-28.29476225928099],[-53.40111574419966,-28.28237081539393],[-53.39774188609292,-28.29400988923369],[-53.39038769882787,-28.29910153490428],[-53.38581669907898,-28.29590045990122],[-53.3881813453125,-28.28787292891702],[-53.38303301736771,-28.27359755329124],[-53.37376255137567,-28.27727579761348],[-53.36248291658642,-28.27074283457086],[-53.3538252483285,-28.27810488928878],[-53.34437305005827,-28.2748237554268],[-53.34508549131928,-28.26755701804133],[-53.34030043814229,-28.2643277191336],[-53.33149551095262,-28.26841157660373],[-53.32189550327851,-28.26264215712677],[-53.31489431377802,-28.27076870459243],[-53.30653680435264,-28.26599651837001],[-53.29286979858689,-28.26555383113677],[-53.28761001668413,-28.27225634783907],[-53.29137398680732,-28.28200233314725],[-53.30566250758789,-28.28323695847835],[-53.31221215287635,-28.29042144579468],[-53.31083799645988,-28.2937557056257],[-53.29604904640789,-28.30031257145132],[-53.30327060577369,-28.31231464261887],[-53.31095047126171,-28.31648622545545],[-53.30957299243527,-28.3223972012425],[-53.30181808159625,-28.32619751629681],[-53.30315409726371,-28.3353358845763],[-53.3092244809655,-28.33787136712367],[-53.3266356233819,-28.33213247539181],[-53.32989617566014,-28.32048504025551],[-53.344438784814,-28.31942360612917],[-53.35574000575643,-28.31152852425965],[-53.3665141747083,-28.31530076989552],[-53.36843847759891,-28.32845397544724],[-53.38777001862641,-28.32811454531178],[-53.40101158798441,-28.33507808239716],[-53.40328754758859,-28.34356007008457],[-53.39931268516944,-28.34998211853324],[-53.40369000786237,-28.36546726577075],[-53.39591382819497,-28.37069680990042],[-53.39567112033556,-28.37581976709005],[-53.40481171216362,-28.37938964320461],[-53.4130702513864,-28.37635390608101],[-53.42339155067952,-28.37938523508538],[-53.4255056216382,-28.38307373733695],[-53.42299178514529,-28.39156268553939],[-53.41194278249757,-28.3941490641461],[-53.41306748050484,-28.40439956496012],[-53.39997373341529,-28.40739480949523],[-53.40026164089183,-28.41297199663277],[-53.40887967183116,-28.42285846861994],[-53.40507346275774,-28.43143235230945],[-53.40986928552128,-28.43584481740341],[-53.41735263658465,-28.43336882386708],[-53.42279934554053,-28.42197428400776],[-53.42655840550513,-28.42017220958499],[-53.43333265572229,-28.42725280824584],[-53.44315494786154,-28.4258016128287],[-53.44667053929365,-28.43328450527601],[-53.45979084517963,-28.43940830997308],[-53.46124822025142,-28.44878383216744],[-53.47155844488824,-28.45151803197821],[-53.47858405103143,-28.44818073583096],[-53.48641775111304,-28.45101955327517],[-53.5017803474907,-28.44391180624323],[-53.50835525145334,-28.44432401288358],[-53.51466898361101,-28.43811059803873],[-53.52565773512912,-28.44543383759763],[-53.53473225823184,-28.43894100129986],[-53.55437735211787,-28.44728982439587],[-53.56299537527891,-28.4468593248129],[-53.56928093372859,-28.43834548823331],[-53.56966726477732,-28.43241254994576],[-53.57681916293942,-28.42818352258108],[-53.57682970475999,-28.42144904497336],[-53.58634555755809,-28.41812714406585],[-53.59738912032545,-28.42083630922934],[-53.59691198437033,-28.44055024414744],[-53.61194513669609,-28.43612488694476],[-53.63221412622764,-28.45599669094288],[-53.64952397949495,-28.4447445430892],[-53.65331313904706,-28.44648190178561],[-53.65355707765781,-28.45627638065156],[-53.65704501733855,-28.45879595809754],[-53.67297837984472,-28.4564446180619],[-53.68895632403073,-28.44695045888573],[-53.69706475940972,-28.45189227728291],[-53.71150201747563,-28.45020330393566],[-53.71542761406967,-28.45691190989353],[-53.71367901650762,-28.46308512900875],[-53.70278991724058,-28.47332416198504],[-53.68781177287838,-28.47648445048102],[-53.6735451698511,-28.47420181480201],[-53.66728153193119,-28.48321695764029],[-53.65808363859286,-28.48406874633288],[-53.65578757561926,-28.49153006510916],[-53.62250365912703,-28.50520377542101],[-53.59085331943756,-28.49955497802838],[-53.58521755250931,-28.50520229140875],[-53.57055790527863,-28.50920452862862],[-53.55909556933729,-28.50418234323697],[-53.55065335793849,-28.49184766058724],[-53.54605873816402,-28.49090033839913],[-53.53458209452262,-28.4965721835028],[-53.53210334979894,-28.50512180533167],[-53.53398913296032,-28.50855648603971],[-53.54352317055725,-28.51150569841784],[-53.54064922077453,-28.53302758708016],[-53.53406843758787,-28.53407275805507],[-53.51424558907112,-28.52651212982551],[-53.5099787858136,-28.53074400798832],[-53.51111414650934,-28.53884183928018],[-53.52416811374605,-28.5412990929461],[-53.52563719351708,-28.54867787678527],[-53.53234353305454,-28.55171825705517],[-53.53279349462919,-28.55805461041729],[-53.53618997430523,-28.56029291503082],[-53.54439526147708,-28.55535900738843],[-53.55199341081439,-28.55699153480612],[-53.56366940210955,-28.55179489612508],[-53.57214842594231,-28.53855760209133],[-53.59232931417601,-28.53642330787356],[-53.60140103993047,-28.54220996847068],[-53.60803716788607,-28.54249396992206],[-53.61096615133152,-28.54643800912575],[-53.60861082100534,-28.55639750150804],[-53.59614077296249,-28.56422184450678],[-53.59083491006007,-28.57142851297482],[-53.59660912208544,-28.57639425745914],[-53.61351543770062,-28.56472710910347],[-53.62386049381724,-28.55092481853446],[-53.63099189994894,-28.55092143006249],[-53.64122859028501,-28.54470621521238],[-53.65648570924434,-28.54687226426239],[-53.65742647733716,-28.55082451295982],[-53.64858439259697,-28.56310635161275],[-53.65720289916841,-28.57679682389712],[-53.65734325798265,-28.58456458590963],[-53.64350686884054,-28.59777501898269],[-53.62522735779377,-28.59687464936998],[-53.62207265761673,-28.60093783297054],[-53.62436783220738,-28.6058613298158],[-53.63111986787443,-28.60921755942513],[-53.63053739514702,-28.61700896015391],[-53.63547247127719,-28.62175449788077],[-53.62866335101899,-28.63115599713205],[-53.63367912754824,-28.63696232063542],[-53.63350244482059,-28.64717740744999],[-53.64573949710754,-28.65683066946612],[-53.66663189720992,-28.65382492744748],[-53.66817346316255,-28.66693580918477],[-53.67841423090437,-28.66993429797622],[-53.68338824948622,-28.674744307405],[-53.69790359398852,-28.66785712721489],[-53.71207495574921,-28.67080856840107],[-53.72122579284231,-28.66760791920474],[-53.72825801809364,-28.67207898839493],[-53.74046532230649,-28.66817815027571],[-53.74560857534949,-28.65692936751899],[-53.75390101308319,-28.6513826532251],[-53.75941674199832,-28.64083367727107],[-53.76457676249372,-28.63892554384913],[-53.77555446647779,-28.63857927307765],[-53.78775630454813,-28.64328804986288],[-53.7984982811497,-28.64163818412018],[-53.80214073751173,-28.64507268308618],[-53.80116936953818,-28.65133105634097],[-53.80533640245196,-28.65330721085805],[-53.81802602576825,-28.64805642378073],[-53.82182073251438,-28.64214769045716],[-53.81845672420471,-28.6335305807852],[-53.82491860836181,-28.62939128210378],[-53.84456161433787,-28.63875553299857],[-53.85409366191679,-28.63524616482174],[-53.85447594236342,-28.62774424231174],[-53.85781351059958,-28.62530387794087],[-53.87587727851439,-28.62352320020593],[-53.90305807243389,-28.66746731839102],[-53.91080048060751,-28.66921145053741],[-53.91324819083086,-28.66504023381384],[-53.90847942675412,-28.65856525877521],[-53.91036420416334,-28.64500332808862],[-53.92438131886568,-28.64539927083675],[-53.93735720174813,-28.63634150818004],[-53.94895668246533,-28.6364234468498],[-53.95663122392074,-28.62753705383283],[-53.96424926706768,-28.62747828726868],[-53.97792583026127,-28.61707263107348],[-53.98467372587842,-28.61550125547377],[-53.99094576300537,-28.60701419153522],[-53.99047703398668,-28.60266903097764],[-53.97586951063877,-28.59138398910297],[-53.97792234064914,-28.58779457544713],[-53.98522527338023,-28.58686699677668],[-53.98707886289785,-28.5802466810049],[-53.99551353660996,-28.57506621531583],[-53.98665991511276,-28.56392699993035],[-53.99330475813576,-28.55722231394198],[-53.99260793047286,-28.55121989701613],[-53.97709111885817,-28.55304692663629],[-53.97328877109283,-28.55036283323069],[-53.9778868263334,-28.54305665609453],[-53.97698995533649,-28.53582951962734],[-53.98802247126606,-28.52963870364399],[-53.98967399578266,-28.52513520237224],[-53.97053813081181,-28.48307921041641],[-53.98080386785549,-28.47492701785296],[-53.9817623049079,-28.46406726564109],[-53.98760100192273,-28.45615663788934],[-53.99752705077367,-28.45053904981682],[-54.00473817468258,-28.43592299222572],[-54.0185197713195,-28.43830515699591],[-54.02526536305498,-28.4282707990214],[-54.03561863384698,-28.43211593886883],[-54.04391165725043,-28.42189180341593],[-54.04481151649608,-28.41424543042979],[-54.05611692915836,-28.40778831297313],[-54.07542676155778,-28.41994186492638],[-54.08780877690705,-28.42002598318856],[-54.09355764739521,-28.42466706805916],[-54.10369367378192,-28.41743437337026],[-54.11251508660684,-28.42566049250314],[-54.1205715125263,-28.42690388317233],[-54.12620597962589,-28.41806356485657],[-54.13477262720637,-28.41736512114745],[-54.13704194101688,-28.42179271015187],[-54.13123155820102,-28.43422178414229],[-54.13851484535566,-28.43937197662146],[-54.14880502376317,-28.43725171303485],[-54.15820238548459,-28.42981320056641],[-54.17376577679413,-28.42458545748637],[-54.17869263731384,-28.43673858381407],[-54.18873099997214,-28.44097210357638],[-54.19532259164265,-28.43674963058222],[-54.20617508086846,-28.43808257400666],[-54.22449801591444,-28.42233839940913],[-54.24333850443928,-28.42409311411872],[-54.25482955549822,-28.41954166632177],[-54.2631353815903,-28.41991415044011],[-54.27064744488471,-28.41324013387333],[-54.27826624783818,-28.41580767743975],[-54.27983587471368,-28.41930819705606],[-54.27187684642795,-28.43485679398879],[-54.26215811767383,-28.43706177946667],[-54.26177620232763,-28.44439785150128],[-54.27646683328457,-28.44409009025466],[-54.2729737324204,-28.45407567178183],[-54.27573748222351,-28.4576829546251],[-54.2902365978223,-28.45297454507773],[-54.30048582614349,-28.45513358161729],[-54.3047535003144,-28.44831246239324],[-54.31563154779887,-28.4420724485095],[-54.3128057195343,-28.43466462152739],[-54.3184057242222,-28.42846491107009],[-54.31655374913855,-28.40168280396995],[-54.32864751344454,-28.40232010615355],[-54.33734295940707,-28.39481193992268],[-54.35106677170235,-28.40183613624513],[-54.35510690898708,-28.39217312695225],[-54.36072157145676,-28.39110246464239],[-54.36504034279019,-28.40952191439337],[-54.37389922841025,-28.41519224927628],[-54.39513672165404,-28.40472165089061],[-54.39350866305129,-28.39621264859706],[-54.39775060051139,-28.39208688526631],[-54.40052284937756,-28.37996921378586],[-54.40554053661467,-28.3770378202003],[-54.4124220140846,-28.38241027248073],[-54.41210377162503,-28.38933738803507],[-54.42169173940254,-28.40213124317976],[-54.43169734128006,-28.40476693115403],[-54.44236663776628,-28.40028451508211],[-54.45087809220308,-28.41205258162118],[-54.45809341421065,-28.4117220109325],[-54.45873499773268,-28.4025877950424],[-54.464568067401,-28.39721151486833],[-54.4603156775268,-28.38979109439894],[-54.4594141808845,-28.36646992140728],[-54.48014789880742,-28.35828263236487],[-54.48314382997377,-28.36035688704975],[-54.48372913562991,-28.37077901741734],[-54.48758894471481,-28.37679767637146],[-54.49528884225449,-28.377502789908],[-54.50103761178643,-28.37326477642447],[-54.51093226783902,-28.37486535624632],[-54.51265207998759,-28.37146746905271],[-54.50573047512079,-28.35107407588663],[-54.51324119237205,-28.34516236108331],[-54.51433744458468,-28.32860213483293],[-54.53191224768953,-28.32254012963141],[-54.53625822246171,-28.32904899979631],[-54.52974311451091,-28.33497918415677],[-54.53337792958592,-28.34209364285624],[-54.53082605057281,-28.34846555527502],[-54.53685665721575,-28.36269342732091],[-54.52167399868145,-28.37493879606828],[-54.51246496071789,-28.38786133705412],[-54.51472848083052,-28.39130873621378],[-54.52462780944894,-28.39250014535262],[-54.52888864387983,-28.40467124518701],[-54.51515493207046,-28.42249947701048],[-54.50920823548719,-28.4239101615637],[-54.49985389863625,-28.41892191777296],[-54.49458181187647,-28.41998819243625],[-54.48994753937443,-28.4468796640131],[-54.4926925604008,-28.44967772240522],[-54.51053355846869,-28.45084349077144],[-54.51798050133124,-28.43549737576554],[-54.535438723913,-28.42559565262896],[-54.54099999166223,-28.43369863762485],[-54.53799854781748,-28.45067228084663],[-54.54848110361515,-28.46146830536662],[-54.55308208076316,-28.46222875460596],[-54.55600797090527,-28.45647026056726],[-54.55437120784105,-28.44520149389103],[-54.56413022647529,-28.43992888927878],[-54.56218010105204,-28.42362173377145],[-54.55626657258508,-28.41494240207207],[-54.56086906360716,-28.40922732522999],[-54.55932963452618,-28.40288096564884],[-54.56366201978891,-28.39612738591828],[-54.55374474098484,-28.37807634384713],[-54.56476795321846,-28.36987872087074],[-54.57669426050447,-28.37535145795635],[-54.58226455754277,-28.36440109053576],[-54.59093154647538,-28.3565035372191],[-54.60366420002544,-28.36552902277522],[-54.61516429107249,-28.36695373788843],[-54.61698751971834,-28.37109162030873],[-54.61358225129044,-28.37723140631458],[-54.61572356647532,-28.38043252204908],[-54.63902575568445,-28.38192085750313],[-54.63591831630234,-28.34238046024149],[-54.64996259694681,-28.31968097588048],[-54.66960650316172,-28.31630145353787],[-54.67719665078002,-28.31210280515025],[-54.66426364467183,-28.30004680842119],[-54.66316983294087,-28.27458837245882],[-54.67345184171233,-28.26400678003018],[-54.67604950263521,-28.24914847937983],[-54.69217918327218,-28.23689162301368],[-54.70146904515567,-28.23759539490255],[-54.70835530929111,-28.2344250011356],[-54.71636640669333,-28.23763403100394],[-54.73735798018068,-28.23430865952782],[-54.73947125602841,-28.23089697512422],[-54.73588048781156,-28.21969153788543],[-54.74786819903443,-28.21474918249152],[-54.75516932280326,-28.2168552539583],[-54.76243095763476,-28.21445190000323],[-54.76933464045761,-28.21790515729293],[-54.77609476071324,-28.22702199792401],[-54.78382572157045,-28.23138295641031],[-54.78188354567387,-28.23874061690992],[-54.78506526271111,-28.24179832751121],[-54.80055394182501,-28.23718492602286],[-54.82642408850571,-28.24572949529681],[-54.84133077498019,-28.2438365815583],[-54.84799156481859,-28.24939702365018],[-54.8559920811003,-28.23685297728741],[-54.86467319658534,-28.23486329193968],[-54.87277238132589,-28.24382595361543],[-54.86632484898286,-28.26054913205511],[-54.87465740815589,-28.27132602355615],[-54.86366075486269,-28.27943152400912],[-54.86415889725359,-28.29273212905856],[-54.86690092065651,-28.29630024550114],[-54.87145026737936,-28.29663460347225],[-54.88509863085999,-28.28738590426113],[-54.89498695296525,-28.29064233164463],[-54.89901144690108,-28.28379965279223],[-54.90458277175122,-28.28182097439624],[-54.91960425163933,-28.28412675454232],[-54.92633264316873,-28.29200214558458],[-54.92698896030655,-28.30204948958047],[-54.93539447949675,-28.32361017159823],[-54.94824269103017,-28.33624541505391],[-54.95740575013757,-28.33642158932946],[-54.96704426567597,-28.34275027054665],[-54.98117033272523,-28.33875511304963],[-55.01159145836373,-28.34953299853836],[-55.01643977303535,-28.3430083000471],[-55.02355832891806,-28.3424480305889],[-55.03154237336319,-28.33384604684876],[-55.04161413803305,-28.33015433222025],[-55.0242149744608,-28.30489962737038],[-55.02945628469549,-28.29673074160398],[-55.06294640212252,-28.2789573116187],[-55.08821927572266,-28.2772284130109],[-55.08467905788359,-28.26261670020219],[-55.10296283684846,-28.25518301114748],[-55.11031319346672,-28.23790323151895],[-55.12020874474243,-28.23848084184463],[-55.12580526574135,-28.2313800500219],[-55.13923458810182,-28.22752947437964],[-55.14399944409022,-28.22104839105622],[-55.14182877492846,-28.2109866959873],[-55.15055218780345,-28.20629589930472],[-55.15162784418661,-28.1989679939202],[-55.16182281769646,-28.19217670490727],[-55.1562788742374,-28.18404900522908],[-55.15606284883732,-28.17642517834863],[-55.15061828524213,-28.17272342356308],[-55.13791894001373,-28.15178589786704],[-55.13397325949466,-28.1504498109956],[-55.12545020181439,-28.1542528942269],[-55.12136293611619,-28.14926281489145],[-55.12394401174867,-28.14276872279302],[-55.13299062842302,-28.14269187405601],[-55.14006176719722,-28.13895288282096],[-55.14531716783726,-28.12170177016996],[-55.16117847130599,-28.11825348032901],[-55.17653523471612,-28.13113740788708],[-55.19500915290738,-28.13426688217285],[-55.19922673936316,-28.1265998524128],[-55.20876940700134,-28.12157924852861],[-55.21272557059103,-28.1157410401419],[-55.23273498069373,-28.1083428004766],[-55.24087983193743,-28.09857436577831],[-55.26384741347076,-28.11177088677378],[-55.27918054960269,-28.11141436499926],[-55.28607198999956,-28.10488340915737],[-55.28866139012263,-28.08905416312267],[-55.27376415802375,-28.07056225193714],[-55.26417459157076,-28.04482888216205],[-55.25610667320433,-28.0388045479454],[-55.24748768484397,-28.02305278228064],[-55.22372449824836,-28.02758643728578],[-55.21769966332425,-28.02098486807102],[-55.18983770287156,-28.00997975012512],[-55.16674755229285,-28.018584275433],[-55.16204464065484,-28.0246903163411],[-55.15082203103435,-28.02813042387613],[-55.14779038657205,-28.03484831099507],[-55.13672407469904,-28.03587637584229],[-55.12615085833258,-28.04771345808128],[-55.11367825091951,-28.0441768112798],[-55.11027862027306,-28.05542254741404],[-55.09819296901074,-28.05030187379016],[-55.09152555509665,-28.05492487463808],[-55.08321085889681,-28.0550473013272],[-55.07921747363481,-28.06521436023154],[-55.06779774181183,-28.07276462722984],[-55.03588793339168,-28.07217720359153],[-55.0370454584543,-28.08272814484675],[-55.03373997859934,-28.08628371757885],[-55.02022415179071,-28.08938705040235],[-55.01581342068276,-28.09584997721585],[-55.01733760265618,-28.10695508155463],[-55.01132334212098,-28.11324941306729],[-55.01116168623903,-28.12103821904225],[-54.99720868360325,-28.13045965458505],[-54.98392080506511,-28.13270165533169],[-54.9748062980217,-28.12622928699835],[-54.97574974070073,-28.1201836078459],[-54.9877238737602,-28.10559377296532],[-54.98237481262625,-28.09651675428392],[-54.98297487563284,-28.09084589805867],[-54.99464797028683,-28.08612254717927],[-55.00445125893338,-28.07893145511962],[-55.00757716514364,-28.07186442543544],[-55.01930339499771,-28.06557536855518],[-55.03455087553498,-28.03884465230902],[-55.05110990514035,-28.03753625833111],[-55.05865578809878,-28.03259056060166],[-55.0672928744024,-28.04029622293626],[-55.07447564002087,-28.04012666145166],[-55.07814027229213,-28.03378122562434],[-55.08949425620483,-28.02771428653186],[-55.09817285578836,-28.01862752811001],[-55.09715045530704,-28.00873660122021],[-55.10195829228236,-28.00331768578464],[-55.11145274902938,-28.00259522862703],[-55.11656247048766,-28.0082396963772],[-55.13080792933204,-28.01155473659838],[-55.14164451827613,-28.00549370505712],[-55.15519318559974,-28.00338953343045],[-55.17262336576557,-28.00673991689569],[-55.18078181378758,-27.9939449882134],[-55.2045558707956,-27.98427648127608],[-55.21471179384383,-27.97648034986851],[-55.23022033002231,-27.97964944935082],[-55.23997941158801,-27.96335899929296],[-55.25381410518789,-27.95998452390041],[-55.2544806914109,-27.95613830664973],[-55.24513652675437,-27.94399437119729],[-55.24626611897146,-27.93787144092882],[-55.25905302039408,-27.93657251859091],[-55.27068342843589,-27.94147076014857],[-55.28973029600356,-27.93894879197771],[-55.29845895247777,-27.94428484706441],[-55.30593431480396,-27.93637364998145],[-55.29950838147031,-27.92585095155984],[-55.31925822734141,-27.92194788043708],[-55.33030652129409,-27.93145135231015],[-55.33998942125398,-27.96652611409913],[-55.34706875001964,-27.97224372204488],[-55.37715279064478,-27.97652573418468],[-55.38718645047031,-27.98618960845891],[-55.38246367144735,-28.00044431061953],[-55.36904420149787,-28.01906583644942],[-55.36939500927869,-28.0272605354375],[-55.39050884338942,-28.04523066801521],[-55.41396790782964,-28.05464891731104],[-55.42217484746151,-28.062161106101],[-55.44255699073398,-28.09431113057906],[-55.45246011744572,-28.09795260815307],[-55.48787845282705,-28.0764550609319],[-55.49551860382584,-28.07686209343847],[-55.51324286103019,-28.11464776110008],[-55.5305812594712,-28.11545872797199],[-55.53982965470701,-28.12260505316549],[-55.54759541635744,-28.13648321503353],[-55.54933306784341,-28.15596288415365],[-55.55754616815465,-28.16456383008632],[-55.56416423571504,-28.16350542158382],[-55.5853399589792,-28.14795151313428],[-55.58909651941799,-28.14177568607911],[-55.58340622091372,-28.12517309008823],[-55.58690450688428,-28.11960378352764],[-55.59627117071017,-28.11575463147744],[-55.61073030569845,-28.11745542712675],[-55.62078491358099,-28.13098138841116],[-55.61968241681768,-28.15354913299229],[-55.62233204058244,-28.16102819841391],[-55.63423087721505,-28.1778381521009],[-55.65301677966709,-28.18210157260414],[-55.69258004465102,-28.2187902844754],[-55.70473249538259,-28.22429792946846],[-55.74997565510155,-28.233737500762],[-55.77124605684377,-28.24145453590076],[-55.77855056800735,-28.2478648770208],[-55.7825586813821,-28.25605743655495],[-55.77317858212847,-28.27424007442243],[-55.73290980370079,-28.28597531360985],[-55.70177312730366,-28.31119190486535],[-55.68020235057105,-28.32222625825327],[-55.67042134222106,-28.33439172179514],[-55.6707807500869,-28.3456873603042],[-55.68876890259288,-28.38815612220825],[-55.69073775530979,-28.4132956515195],[-55.69524752318032,-28.42296625712289],[-55.70433702179157,-28.42755620108771],[-55.71346138775052,-28.42575534749511],[-55.71970348549272,-28.41867913809775],[-55.73435247324655,-28.38120951213605],[-55.75656674346343,-28.3694314186398],[-55.80964314439672,-28.36574429773443],[-55.85058491014268,-28.35538996737556],[-55.87108916213673,-28.35726248339689],[-55.87861345897154,-28.36177188147605],[-55.90038586617584,-28.39834605814933],[-55.90304948476498,-28.40764434235877],[-55.8826016485357,-28.46383823782702],[-55.88132782202873,-28.47350473674778],[-55.8840060451848,-28.4791630560217],[-55.92879131604072,-28.48635201276293],[-55.94929360747073,-28.49459268048747],[-55.98821518169954,-28.49811517736245],[-56.01122410792637,-28.50689336647619],[-56.02323007706322,-28.52276497925489],[-56.02565118936911,-28.53508667732926],[-56.02089681898913,-28.55319661364716],[-56.0023709171854,-28.57829866420385],[-56.00337327348608,-28.59779842998651],[-56.00979258692615,-28.6058263502821],[-56.02597277328918,-28.61714476752698],[-56.05627223144459,-28.62920361374397],[-56.08200488135342,-28.65419933131138],[-56.11915094339312,-28.68124748887223],[-56.14388499420811,-28.7097683805838],[-56.16067745906492,-28.7396514378854],[-56.18812389494177,-28.77228093032651],[-56.19415553888314,-28.77519795076868],[-56.26093111359216,-28.77900680893563],[-56.27095149262773,-28.78192575044685],[-56.28911269589229,-28.79372196576089],[-56.29974236880622,-28.80811331320558],[-56.301143217862,-28.81663564126264],[-56.29728713765645,-28.8414203758382],[-56.30005407791,-28.89556081159051],[-56.32728099309883,-28.92822331320953],[-56.3441939180253,-28.94005652221841],[-56.37899017351315,-28.94802992603848],[-56.40633599204114,-28.97259563661069],[-56.41596467893459,-28.99226326708931],[-56.41617418863127,-29.00073641946186],[-56.39911727221539,-29.01735159490039],[-56.40436321874776,-29.03248092627651],[-56.41000274423732,-29.03865549492272],[-56.415997499238,-29.06896017124263],[-56.43042024101972,-29.07950348961536],[-56.50302541889045,-29.08866156563025],[-56.51485552901352,-29.09266198576612],[-56.54430753086604,-29.1157373280456],[-56.56798204418089,-29.11408349191892],[-56.58875341793211,-29.11981281752429],[-56.59391141058284,-29.12625609188248],[-56.59487433457856,-29.13629112502356],[-56.61692451417288,-29.17106932538153],[-56.6458144531972,-29.20026209930493],[-56.65476063890501,-29.22379397616071],[-56.64920683097949,-29.25495641203856],[-56.6507140913824,-29.26434825876241],[-56.66452281283264,-29.29499086818647],[-56.69996530465527,-29.35644089207504],[-56.71296807213675,-29.3673526136398],[-56.7461908557384,-29.36835636216292],[-56.75870300745586,-29.37090455460967],[-56.76840155662012,-29.37799888577995],[-56.78036120732961,-29.41628978206607],[-56.779500371876,-29.43737259300989],[-56.79695147918876,-29.44906693420219],[-56.80821026209883,-29.473111154772],[-56.82209244173544,-29.49002479954075],[-56.86081570982525,-29.5073469057822],[-56.90196173418329,-29.53381670594883],[-56.92953720231599,-29.56621513074816],[-56.95091775959919,-29.58068725042864],[-56.96780032593351,-29.60179488650773],[-56.97208495522979,-29.61730094549611],[-56.96739484341301,-29.63726196052382],[-56.9711483663687,-29.64340640187574],[-56.99064003713971,-29.64668377136926],[-57.00092368637937,-29.65191463746907],[-57.02698112578738,-29.68943509290653],[-57.04547559150129,-29.70158592848361],[-57.09972211710323,-29.74832010936101],[-57.1319053572596,-29.77016005535296],[-57.17202099039547,-29.78068486285301],[-57.22105313936576,-29.77630150584629],[-57.23540015839206,-29.78078838562027],[-57.26775223843942,-29.80945511289224],[-57.2821785112275,-29.81728826357844],[-57.32457890467298,-29.87281784838386],[-57.32968801455016,-29.88763536785575],[-57.32404517281861,-29.93980250027618],[-57.32814070706506,-29.97203678222495],[-57.33756762030777,-29.98997247486607],[-57.35198068009701,-30.00805855602231],[-57.39633215295518,-30.02279424704681],[-57.41752164139401,-30.03837256273946],[-57.45376114978827,-30.08155876037009],[-57.45843117636642,-30.10152854334286],[-57.46460425771649,-30.11034303328405],[-57.5256147061598,-30.15138545386043],[-57.56960843304397,-30.17176376584912],[-57.59409952571006,-30.17899157931614],[-57.63266027080095,-30.17477694529098],[-57.64602136090217,-30.18084491152096],[-57.64974282416672,-30.18932089584175],[-57.64514193754831,-30.19369062904724],[-57.63205473077562,-30.18703898251132],[-57.60336743359254,-30.18967113197256],[-57.56307290606297,-30.20910950997729],[-57.55784638823625,-30.21338344734475],[-57.55629886530654,-30.22497293111078],[-57.55859166235454,-30.23556277527339],[-57.56797915430617,-30.2522309644473],[-57.56633984427766,-30.25911120383886],[-57.55512096124078,-30.26500122538271],[-57.55083171010398,-30.2726193845688],[-57.52540879161039,-30.28547218915616],[-57.50027308728885,-30.28885313109075],[-57.48675969750303,-30.26682923812501],[-57.46352341193241,-30.26539986026548],[-57.45229528815968,-30.27603744661003],[-57.42929597514523,-30.27460926655628],[-57.41640453026891,-30.27797787329159],[-57.41533485485284,-30.28203822089788],[-57.42165746875322,-30.28916134118684],[-57.42138089216461,-30.30087565820108],[-57.40395631548686,-30.30068614277773],[-57.39235224492553,-30.30467326183193],[-57.37875048858111,-30.27942074564022],[-57.36983450904518,-30.27301151862299],[-57.35882503807009,-30.27240293236558],[-57.35768157981729,-30.28262801906427],[-57.35203600858698,-30.28448502879131],[-57.34298374013011,-30.27768115002486],[-57.31950398089804,-30.26974244011875],[-57.31432942262862,-30.25774797641834],[-57.306979407905,-30.26233280082405],[-57.29317675116444,-30.28639262635591],[-57.28456451949562,-30.29372206533837],[-57.27781542141818,-30.29245403885653],[-57.27006097784817,-30.28498451222857],[-57.26896901715082,-30.27164847712538],[-57.26176909421103,-30.26722329800463],[-57.2531832224941,-30.27329295622772],[-57.25587127368431,-30.28184921648972],[-57.2500771743502,-30.28915686072179],[-57.22026138630047,-30.28928537004696],[-57.20291185469222,-30.28442962746904],[-57.19625307596053,-30.26450647819971],[-57.17733405569614,-30.25128813875904],[-57.16791367349602,-30.24902632895648],[-57.16744921367536,-30.24138218976499],[-57.16153713654575,-30.2421365091927],[-57.15516211926921,-30.2341362261129],[-57.16542890388627,-30.22451227978483],[-57.16324968516779,-30.21731869091767],[-57.16794246777144,-30.21773220061236],[-57.16477774124237,-30.2134480201883],[-57.16836115618337,-30.20839665356137],[-57.16821936411661,-30.19763607142936],[-57.15946413172322,-30.19307372420458],[-57.1591361108074,-30.18569116281128],[-57.14477769304411,-30.17161280629849],[-57.14463987883889,-30.16620577949083],[-57.13583925927961,-30.15793572380048],[-57.12916501921334,-30.14083805397722],[-57.1144832842505,-30.1454574018913],[-57.10570023093182,-30.13512887574172],[-57.10467927442127,-30.12634023723842],[-57.11408320268681,-30.12718290261883],[-57.11598745110246,-30.11384327982217],[-57.10816868489304,-30.11666801243261],[-57.09641832139564,-30.1145699808758],[-57.09548679066278,-30.1212648219379],[-57.09118616259052,-30.12151582740103],[-57.08475783857456,-30.11454963980402],[-57.08587482479966,-30.11031987698663],[-57.09212686358911,-30.11271419596923],[-57.08723445026277,-30.10104342220856],[-57.06908075964736,-30.08557501479772],[-57.06136004869082,-30.08852026078688],[-57.06713897559248,-30.09118522881898],[-57.06784053999592,-30.10120925520333],[-57.05787204366549,-30.09864651648412],[-57.04480503366058,-30.10573888936768],[-57.03133209061765,-30.10214384377132],[-57.02894058467621,-30.09284804186733],[-57.02389809828716,-30.08754221935277],[-56.99344255444242,-30.08571177080258],[-56.98283520615387,-30.08843002676974],[-56.97742305707832,-30.09755464075789],[-56.95558086900718,-30.10114485510381],[-56.9324159911753,-30.09393686460898],[-56.91777367093778,-30.09620172410395],[-56.91132713389603,-30.10150913144779],[-56.91537536811182,-30.11021761075303],[-56.90540712047576,-30.10765397693612],[-56.90538220208164,-30.11346996113558],[-56.89518410947912,-30.10452355630796],[-56.88888881363143,-30.08910849677312],[-56.88482365812809,-30.0871232802477],[-56.87454122629401,-30.086248624302],[-56.87365076736795,-30.09272392957924],[-56.87069149753915,-30.09393548739707],[-56.85417300666744,-30.08879335260536],[-56.83358456524029,-30.09230224515895],[-56.82416689980786,-30.09564445949317],[-56.81683065203628,-30.10734782657712],[-56.80807501156902,-30.1032406935392],[-56.80464514871121,-30.10597576007324],[-56.80088190714643,-30.12115279390576],[-56.78027101125265,-30.12663037394676],[-56.77779280270333,-30.13371485518117],[-56.78400541638185,-30.1511655728924],[-56.78193807966972,-30.15877420941874],[-56.77653607361115,-30.16337398982367],[-56.75821428720771,-30.16084577253735],[-56.72978559627531,-30.17170414587316],[-56.71989519173436,-30.1797295302855],[-56.70564838425311,-30.17606379191096],[-56.70839464283608,-30.18813211738449],[-56.6971908065974,-30.20503592922611],[-56.68194769475513,-30.19449708175712],[-56.67868840316068,-30.20026306275749],[-56.66367874477667,-30.19742659154467],[-56.6524299320785,-30.20691158201121],[-56.64653269405186,-30.20384768515473],[-56.6460183664958,-30.20880451876036],[-56.65027422052997,-30.21215777189267],[-56.66874247796518,-30.21810164638989],[-56.66449018581979,-30.22185657217353],[-56.65074024391658,-30.22043509762105],[-56.64116333305209,-30.23481891180233],[-56.62412547605287,-30.24658429150227],[-56.6313386043209,-30.25524171440127],[-56.63942078412722,-30.25415777817943],[-56.63917248841484,-30.259127614617],[-56.62759888632551,-30.26686136228613],[-56.61496316339099,-30.26158003279992],[-56.60949795787766,-30.26943733896968],[-56.60768215616775,-30.28294598673911],[-56.62096492797247,-30.29300478894863],[-56.61874346854527,-30.30122901980074],[-56.61338817967928,-30.30048535902915],[-56.60514440014194,-30.292830023897],[-56.597530157985,-30.29576215588778],[-56.57739146271649,-30.2889249060341],[-56.57431204843771,-30.29131698244065],[-56.57587934141068,-30.30355984111238],[-56.56312065780257,-30.31166798253346],[-56.55784310992022,-30.31917525800456],[-56.55349762976114,-30.31913299018448],[-56.54697021704158,-30.31148941203888],[-56.54156324884735,-30.31314231720982],[-56.5408450815824,-30.32733512120802],[-56.53702372129563,-30.33413733883709],[-56.54969182006182,-30.33914746649216],[-56.55199260059742,-30.34415087306705],[-56.54405544066101,-30.35335126039021],[-56.54614400784239,-30.36064940240136],[-56.51943187240742,-30.35980391202516],[-56.50519029594506,-30.37047452887328],[-56.50709075603618,-30.38184140540797],[-56.49645296330376,-30.38706255110717],[-56.4913647552885,-30.39810942836989],[-56.48394231592225,-30.39884158551756],[-56.47644525686817,-30.38944398261638],[-56.46078308201069,-30.38563948792088],[-56.45386594991213,-30.40220599817978],[-56.44453710912215,-30.41160757723628],[-56.444912813499,-30.41577513588714],[-56.45391815808711,-30.42254218381537],[-56.43997848648535,-30.43252365397392],[-56.42631243435329,-30.43520886910389],[-56.41643442114477,-30.43136262579281],[-56.40801056884727,-30.44688577456713],[-56.39818766894658,-30.44843929641622],[-56.399784302241,-30.45856848915806],[-56.40703141537823,-30.45987308928569],[-56.40623633474537,-30.46861054859972],[-56.40167135456839,-30.47483176337176],[-56.39641063819212,-30.47221739456904],[-56.39558828062668,-30.48486828593052],[-56.38733026293531,-30.4869893157993],[-56.38366771749327,-30.49262737185191],[-56.38926668655702,-30.49306015995731],[-56.3834951356733,-30.49882242053957],[-56.3682595965773,-30.50316733335197],[-56.35986437167899,-30.4975744827787],[-56.36054024101998,-30.49529489427129],[-56.36472772529275,-30.4968180947188],[-56.36463557953528,-30.4920716152487],[-56.35715471041202,-30.49168032247563],[-56.35048608251937,-30.49661275579395],[-56.34895952758686,-30.50408986541062],[-56.33546875024746,-30.51200226330903],[-56.33393218300756,-30.51639861231077],[-56.3374284157224,-30.51881660892229],[-56.33679890657701,-30.52306722374873],[-56.33128454249145,-30.52935280320256],[-56.32694219329642,-30.52797564919371],[-56.32291510857837,-30.53181823389315],[-56.30755681223384,-30.53046247858297],[-56.29911915566237,-30.52467865836507],[-56.29733146447878,-30.52626413095944],[-56.29220765505191,-30.52050395628397],[-56.28727733922527,-30.52753937491005],[-56.2902958725183,-30.52922388252979],[-56.28900463172987,-30.53992450561332],[-56.27896007189176,-30.55326441577279],[-56.28215290087848,-30.55984998794056],[-56.27666937837092,-30.56069342993151],[-56.26592050753732,-30.55453756698793],[-56.25833755599859,-30.56201302780573],[-56.25673826569248,-30.56694762657911],[-56.26176919149927,-30.57002971408577],[-56.26183884810302,-30.58464656998162],[-56.25409122730827,-30.58702718388603],[-56.2450504066464,-30.57373709906664],[-56.23311561051315,-30.57485445379558],[-56.22625256247573,-30.57813153519495],[-56.2238411579191,-30.58479590323905],[-56.23449285636651,-30.58698889879097],[-56.23420548985899,-30.59360573891983],[-56.22435824051529,-30.59733044227704],[-56.21988005605575,-30.60707828952067],[-56.21409558959493,-30.60846482083978],[-56.19300107238314,-30.6037922649458],[-56.17094437697403,-30.61452385533831],[-56.17187537501322,-30.61882938140514],[-56.18286926073949,-30.62456273413519],[-56.18134492974566,-30.63130959029636],[-56.16556487614448,-30.64089187035114],[-56.16998302341516,-30.65406250392958],[-56.16075757791205,-30.67121576260634],[-56.1519419663026,-30.6804522316109],[-56.14322234898611,-30.67952272917846],[-56.13740749746218,-30.68362869503658],[-56.13888353870892,-30.68795106040564],[-56.15043528534363,-30.69407749072033],[-56.15079217636634,-30.70470099218679],[-56.13575676421295,-30.71016181749209],[-56.13030700730744,-30.71651512340256],[-56.1283817404301,-30.72029026942248],[-56.1327488625351,-30.73200327227637],[-56.12815997043556,-30.73962510044966],[-56.11914826812632,-30.73751235577242],[-56.11678154166376,-30.73304656409049],[-56.10733011018679,-30.73200189956202],[-56.09568776687112,-30.75402211054071],[-56.0883899612915,-30.75752474032091],[-56.07273241922587,-30.74538316348334],[-56.06318668375642,-30.75276029298285],[-56.06677594332695,-30.76421369684157],[-56.06213490733599,-30.77502142898217],[-56.03912713890981,-30.77522351154024],[-56.03597681023703,-30.78415905640711],[-56.02298050501021,-30.78614325799442],[-56.02102176339235,-30.7905733693825],[-56.02518409150682,-30.79859607887578],[-56.01601045873301,-30.80231926543023],[-56.01247179245354,-30.80730093358991],[-56.01647063025815,-30.81161105643654],[-56.01696920790246,-30.81845381885312],[-56.00874573605395,-30.81967822627356],[-56.0042407802781,-30.8303954209862],[-56.00437570139986,-30.8398410803203],[-55.99336845176607,-30.84590493177756],[-55.989644964144,-30.85899161498617],[-55.9903804134744,-30.866410798246],[-55.99784358779497,-30.87351448653839],[-56.00769466004768,-30.893527073998],[-56.01105146325985,-30.91195193408323],[-56.0054840391855,-30.9223193527934],[-56.01015407299602,-30.92708206776419],[-56.01036615743386,-30.9375652149343],[-56.01529262169057,-30.94451039646963],[-56.00943447298437,-30.94703266692888],[-56.01248467329227,-30.95282712310623],[-56.0114837386772,-30.96380454336298],[-56.00569409126073,-30.97323297790043],[-56.01080496259129,-30.97829772436996],[-56.00705907519354,-30.98375239600399],[-56.01320844403986,-30.99007038458648],[-56.01810235357028,-31.00993190012741],[-56.01423420130718,-31.02158965158888],[-56.01843829413678,-31.04772924655954],[-56.00765463611793,-31.07173702160752],[-56.01112340729775,-31.08157782779163],[-55.99267447185986,-31.08504725888998],[-55.97929876879712,-31.07319962115766],[-55.93359739399752,-31.08705341403556],[-55.93028367334546,-31.08626386517222],[-55.92424998469653,-31.0756978765518],[-55.91046061529389,-31.07509037496188],[-55.89869526994057,-31.06670888484647],[-55.89086500157894,-31.07714888462002],[-55.88244546251599,-31.07727311552069],[-55.87766789805508,-31.07261027735969],[-55.87075771547089,-31.07157021024876],[-55.86932381767981,-31.06498396890504],[-55.8552816666928,-31.04511572308037],[-55.84764531315845,-31.04209743788697],[-55.82977861542584,-31.04369811909754],[-55.83024851906644,-31.04051897960544],[-55.82703529551272,-31.04047317337656],[-55.81193925075836,-31.02165452551398],[-55.81218340832387,-31.01469443829011],[-55.7767178814631,-31.01560085310335],[-55.76655853946555,-31.01001853191205],[-55.76790741225025,-31.00348471360754],[-55.77463020791821,-30.99999751640809],[-55.77319897891483,-30.99705387913351],[-55.76310545454434,-31.00000142192163],[-55.7523329196168,-30.99858305407984],[-55.74575921624183,-30.98529364322875],[-55.74663914514738,-30.97946268573439],[-55.72829126961987,-30.97945249052584],[-55.73153950273239,-30.97408366097573],[-55.72435935798067,-30.96603514683235],[-55.72589739395185,-30.96272603147517],[-55.72236226965588,-30.95734381193529],[-55.72453629418938,-30.95123826104255],[-55.72104105110105,-30.945584135066],[-55.72390516339671,-30.942754489544],[-55.71602622347911,-30.94302133186827],[-55.70965011207004,-30.95462487522348],[-55.70395371495847,-30.95522166555969],[-55.6948726337888,-30.94345161661587],[-55.68882957277414,-30.94485746325343],[-55.68845937690637,-30.95236109643107],[-55.67623983002422,-30.95609144583145],[-55.66618638668726,-30.9539784702665],[-55.66446972414325,-30.94684126578281],[-55.66173015594546,-30.94863211291874],[-55.65857534647876,-30.9438279164035],[-55.66346821047172,-30.93316820319327],[-55.65603886916714,-30.92486528236747],[-55.64839787474857,-30.92296258928848],[-55.64211789468041,-30.91160088591191],[-55.65398913290945,-30.89656396743193],[-55.65570737916705,-30.88489923739512],[-55.6528908644876,-30.88330124031977],[-55.66316261606498,-30.87386267828562],[-55.65782341762475,-30.86382352057229],[-55.64997747042209,-30.86601748844082],[-55.64517279951863,-30.85757434083028],[-55.6466428786594,-30.85483459315477],[-55.63786140895851,-30.84622341895066],[-55.63264091607815,-30.8451926215157],[-55.62873158572371,-30.84801897092527],[-55.61865218207856,-30.84169303197056],[-55.60452164748677,-30.84986211852533],[-55.57753101139578,-30.83341113679264],[-55.5774274440486,-30.84317994585419],[-55.56727747986969,-30.84544560239217],[-55.56260552992574,-30.85502201675903],[-55.56473265355996,-30.8567575640542],[-55.56356026060349,-30.86866114047459],[-55.55477712848708,-30.87259614904362],[-55.54590850849483,-30.89054409188595],[-55.53374377484167,-30.89725578620581],[-55.53252667316897,-30.90237221573342],[-55.52498656958557,-30.89797750475005],[-55.5101744826181,-30.90175575734146],[-55.50811410349658,-30.90431560156803],[-55.51014884015199,-30.9113414877293],[-55.50415961437365,-30.92475430941104],[-55.4885949847588,-30.92536177438345],[-55.48643260855596,-30.92827826781235],[-55.48973884448339,-30.93980845900088],[-55.48668993919294,-30.94766273731207],[-55.47835974188099,-30.95384954623569],[-55.45730841055086,-30.9513751924839],[-55.45226926573046,-30.96035243452629],[-55.44129054859003,-30.95973149042348],[-55.4380760971782,-30.97255850941674],[-55.43293879167577,-30.97272063330289],[-55.42457982513274,-30.98562892553365],[-55.43747342398811,-30.99431880395692],[-55.43443241998922,-31.00094190572296],[-55.43704950661253,-31.00471581886896],[-55.42526944231001,-31.01168027676474],[-55.42370891998885,-31.01775305524767],[-55.4149329156666,-31.01446630079431],[-55.4066897214149,-31.01874868798681],[-55.40490010391937,-31.02733157791575],[-55.39993041062464,-31.02856344223418],[-55.38724206643947,-31.02057306628488],[-55.38000100058136,-31.0235342145574],[-55.37389241841059,-31.01908727475682],[-55.37129368566401,-31.02341378775529],[-55.373395145374,-31.02796694472809],[-55.36928291448192,-31.03439781101295],[-55.35948693862439,-31.04021315834406],[-55.34944595023356,-31.03919516912574],[-55.35277187057005,-31.05721465761617],[-55.36010324523338,-31.06743425759864],[-55.35267190002858,-31.07035061223355],[-55.35016450448067,-31.06778915730979],[-55.34984049727072,-31.07228074958509],[-55.33898196424478,-31.08507798605616],[-55.32747430219923,-31.08818006394796],[-55.33350705677829,-31.09871227754109],[-55.33385507241499,-31.10499959189712],[-55.32869270653269,-31.11038436093698],[-55.32980223306867,-31.1165402155709],[-55.33703909450974,-31.11991235176631],[-55.34010375039218,-31.13141886004148],[-55.3262184058495,-31.13800439639718],[-55.32083055780019,-31.13584762907733],[-55.31863269954693,-31.14510676320479],[-55.31297415899615,-31.14704998484915],[-55.30522262809127,-31.14101705684763],[-55.29754466790115,-31.144420380302],[-55.29092945243575,-31.14226056722426],[-55.2904996572506,-31.15017635337479],[-55.28525910017604,-31.15640216609087],[-55.29008338407091,-31.15923950892502],[-55.29061870046881,-31.16367092105349],[-55.27469311236271,-31.17017900301057],[-55.27095885308788,-31.1769632091699],[-55.28573078289476,-31.18546670594819],[-55.28271732418185,-31.19390741660301],[-55.26280545991126,-31.19468412300656],[-55.25010499952027,-31.20600847389477],[-55.25398811572222,-31.21111921175446],[-55.24766383598399,-31.21598477235607],[-55.24855016080031,-31.24816423173078],[-55.24676209447655,-31.25224051693844],[-55.2403842335004,-31.25366063161402],[-55.24011876265579,-31.26057295209941],[-55.23532171083831,-31.25842391713838],[-55.21370784107081,-31.26320371316401],[-55.20233525159708,-31.26192554488746],[-55.1837865257423,-31.2653534638541],[-55.18007648396006,-31.27047262280471],[-55.16941952399426,-31.26940537209481],[-55.16339568806841,-31.2774353849352],[-55.16627701377649,-31.28105010679306],[-55.1635604940812,-31.28568953216603],[-55.15664754824572,-31.2854234268103],[-55.1523384644993,-31.29322734848918],[-55.13651680699787,-31.30134736750687],[-55.12575692533527,-31.30243751761034],[-55.12237914974597,-31.30485100547618],[-55.12206043124356,-31.31277961427595],[-55.10904044792662,-31.30768101011273],[-55.1028049246701,-31.31498615209098],[-55.0857133346312,-31.32114137521452],[-55.07446430070443,-31.33208967890531],[-55.05735602168095,-31.33174625774791],[-55.06180231055833,-31.32466842755412],[-55.05762734634347,-31.32214191038438],[-55.06008371868332,-31.31542999851122],[-55.05310960822956,-31.31391918280983],[-55.04773694846156,-31.30729515786309],[-55.04236287955599,-31.30703119654756],[-55.03654059925223,-31.29148122618784],[-55.03281265790197,-31.28949124387611],[-55.03585607057696,-31.28406910134421],[-55.03175998439959,-31.27860319510513],[-55.03651761697916,-31.2756797263982],[-55.03189348392268,-31.26974143947629],[-55.02027941909056,-31.26704035675777],[-55.00850663954283,-31.26991850240006],[-55.00717090170836,-31.26687400697066],[-55.0024076974581,-31.26921581283484],[-55.00053614404437,-31.28302089102409],[-54.99482061995615,-31.28308155316147],[-54.99563529262493,-31.28835377928221],[-54.98234071467328,-31.29605529017888],[-54.98001250110831,-31.30299644854068],[-54.98284621753246,-31.31139659490752],[-54.97878005978738,-31.31699997402791],[-54.95946833209759,-31.32324788005349],[-54.95307120980772,-31.33197133520214],[-54.95276750680785,-31.33932737517877],[-54.96020185104803,-31.34196730182422],[-54.95920887799947,-31.35245413843698],[-54.95293171677659,-31.3545882375439],[-54.9514580236994,-31.35167104440096],[-54.93505296396782,-31.35647629789412],[-54.93677092553326,-31.36423940719801],[-54.93378117638768,-31.369324235839],[-54.93708199991269,-31.37013478750723],[-54.94064671984852,-31.38064583107687],[-54.93249618815558,-31.38505377841942],[-54.91816903250667,-31.37885536713328],[-54.90481204015595,-31.38406574486832],[-54.89798963641225,-31.38135520688882],[-54.89963401496133,-31.37632851149777],[-54.89183961751304,-31.37483340217419],[-54.88597893518872,-31.3772778075503],[-54.88425579320556,-31.38110525097102],[-54.88739289395524,-31.38321603626644],[-54.87838557741217,-31.39807727203636],[-54.85792572798577,-31.40804962684908],[-54.86153715787811,-31.4179221118842],[-54.85719560269868,-31.41817334984119],[-54.836455276776,-31.44193832440596],[-54.82702578722585,-31.43634663958401],[-54.81178179276765,-31.4348333220799],[-54.8117363224687,-31.43184664312781],[-54.80488484818824,-31.42898878905265],[-54.78933203180927,-31.43480361532166],[-54.768615154686,-31.42601097259028],[-54.7520226939832,-31.42446286059955],[-54.75060703409567,-31.42743765313177],[-54.73884746178866,-31.42561553543467],[-54.73556293084193,-31.42974721785157],[-54.72461520512037,-31.42963645057239],[-54.71912920896725,-31.43847933974746],[-54.70348977728272,-31.43929655715351],[-54.70170704151761,-31.43556137288206],[-54.69903143169924,-31.43625057619324],[-54.69316209288699,-31.44538890653795],[-54.68293441980445,-31.44517968528434],[-54.67033787784252,-31.45407829574609],[-54.5864585607415,-31.45655295845471],[-54.58802824518433,-31.46020644258003],[-54.58322344618315,-31.46284926086654],[-54.57707311269978,-31.48133704592319],[-54.57067996412074,-31.48246879446313],[-54.56670384831919,-31.48708916092336],[-54.56119199873159,-31.48671604874718],[-54.55767080453716,-31.49459203499935],[-54.55378831880549,-31.4918002305038],[-54.54736187777122,-31.49838226699002],[-54.52500722458318,-31.50484235939811],[-54.52383832144373,-31.51066973705764],[-54.52116673448975,-31.50833747386572],[-54.5156441646077,-31.51017738349388],[-54.5103774185252,-31.52151815991352],[-54.50329557223994,-31.5271154328004],[-54.50160960792085,-31.53699657655813],[-54.4902595702959,-31.55102334298905],[-54.49364326418095,-31.55813881588386],[-54.48094450049726,-31.5697580895673],[-54.47294071403926,-31.57035297051388],[-54.46881783831225,-31.59271163580344],[-54.46436393186675,-31.58795181249469],[-54.46252803063155,-31.59262766619789],[-54.45797059384586,-31.59406073444348],[-54.45804934025497,-31.59827619981981],[-54.45238633876973,-31.59933660434209],[-54.45303622461073,-31.6030696010312],[-54.45731884673035,-31.60120506099231],[-54.45662281376946,-31.60743416545053],[-54.46002582282247,-31.60558439877916],[-54.46662265719917,-31.61304205897482],[-54.4632782457258,-31.61376412083436],[-54.4644764274418,-31.61912834778703],[-54.46017990563823,-31.6219220248497],[-54.46096213580834,-31.62661380356979],[-54.45366405701688,-31.62995584140236],[-54.45513541038569,-31.63544053599962],[-54.45151156012701,-31.6400362362744],[-54.45622681060095,-31.65170054443308],[-54.15383618567392,-31.87881834435134],[-54.14464943519487,-31.88182077248296],[-54.14052038016345,-31.89489255598007],[-54.11029184392048,-31.90803248437938],[-54.10528227245319,-31.91294791982007],[-54.1081239294432,-31.91864180076693],[-54.10038630014202,-31.92422740000163],[-54.10055086664922,-31.92807864118039],[-54.09431217629004,-31.93170643521051],[-54.09158844331928,-31.93029556719517],[-54.09013552452132,-31.93491417618191],[-54.08673892117412,-31.93514531205558],[-54.08803286276449,-31.93123990003657],[-54.08090813542852,-31.92946345272458],[-54.07725420201233,-31.92118092282622],[-54.07352047921351,-31.91876221407659],[-54.06999684236943,-31.9226195457515],[-54.06577515109702,-31.92177505909066],[-54.05368426361566,-31.90510475291683],[-54.04898993540297,-31.90564432909557],[-54.04044089821044,-31.89681871793825],[-54.03273372419444,-31.89547488876005],[-54.03223733400529,-31.89874405355241],[-54.02643365902443,-31.89692346414955],[-54.02340085711166,-31.90168400355862],[-54.01637112606098,-31.90103216895875],[-54.01839452133456,-31.90412617729553],[-54.01224311348429,-31.90522464736296],[-54.01655605465658,-31.90639284026193],[-54.01543529015245,-31.90860230333058],[-54.00682421350802,-31.90816932335098],[-54.00438115578882,-31.91462990860084],[-53.96979022856311,-31.91770162731037],[-53.96723704288326,-31.92007273814074],[-53.9692426383414,-31.92235736471686],[-53.963261464995,-31.92196026857567],[-53.961697630392,-31.93024358713363],[-53.9647581183142,-31.93020570357515],[-53.96713194419401,-31.93678489711137],[-53.97143992042774,-31.93525274514232],[-53.97253824382965,-31.94054534286941],[-53.96058049549669,-31.95528003292145],[-53.954579565527,-31.95700485406182],[-53.9481404556382,-31.95429137612056],[-53.94187549656717,-31.95869079809016],[-53.93638808475752,-31.95841489079349],[-53.93204205894799,-31.963175321913],[-53.91324345816253,-31.96567624330917],[-53.90672752830203,-31.97610975991446],[-53.89844970312944,-31.97847352713125],[-53.89678845183439,-31.98497539958219],[-53.89171619450683,-31.98877413976241],[-53.8913995478831,-31.99569055811721],[-53.87932091136889,-31.9949628352729],[-53.87168243362812,-31.99908540906081],[-53.87079542651998,-31.99545828934135],[-53.86406979593477,-31.9929062230344],[-53.86343032423333,-31.9961065890672],[-53.86018309000581,-31.99495299999048],[-53.86048320794669,-31.9975485789942],[-53.84975792969222,-32.00058776886394],[-53.85415896387477,-32.01038557316942],[-53.85153395600181,-32.01346331031054],[-53.85261750043126,-32.0296764398353],[-53.8468213665161,-32.02898336612348],[-53.83761761983312,-32.03339520087694],[-53.84272562525555,-32.03888861735697],[-53.83474820698127,-32.04151452777454],[-53.83309928167146,-32.04621544589772],[-53.83564410355955,-32.05165222029469],[-53.82758993101614,-32.05940970176513],[-53.81422139523268,-32.05935288400708],[-53.8146537721173,-32.06254075352841],[-53.80399706742784,-32.07072852432739],[-53.79103138348307,-32.06792591249045],[-53.78923666597276,-32.07221496244787],[-53.78116113347679,-32.06981828976873],[-53.76943937244261,-32.07336438376463],[-53.76383745184523,-32.07957108513713],[-53.756290878448,-32.07615367500277],[-53.75417384182862,-32.07942053412452],[-53.74582637031758,-32.07809368030046],[-53.74536637704043,-32.09143994374713],[-53.72527415013995,-32.0958468831012],[-53.73152867789465,-32.10591339684256],[-53.74008173282554,-32.10027855606067],[-53.73768356116246,-32.10653542671011],[-53.7442282797538,-32.11526248384733],[-53.72572825160685,-32.14005530594267],[-53.72597759756083,-32.14559840376124],[-53.73517281347397,-32.15160756339584],[-53.71761172170805,-32.15300260004533],[-53.72348824393681,-32.17367932933632],[-53.71284685864148,-32.17720627009517],[-53.71398810106411,-32.18803522002813],[-53.70278122172814,-32.188420636151],[-53.7113276943822,-32.19900571071202],[-53.70407568332478,-32.20710096199973],[-53.69840660271989,-32.20383053707019],[-53.69353835900307,-32.20484703759042],[-53.69357116742304,-32.21319998919938],[-53.68518962086006,-32.21962247521421],[-53.67643553154102,-32.23780730303187],[-53.67933859384305,-32.24306059641394],[-53.67779397917352,-32.25859789421112],[-53.66473791731957,-32.2750041094753],[-53.65718672609974,-32.27760658901583],[-53.6555153917062,-32.29053902025748],[-53.64286393017493,-32.29629947513605],[-53.6473546867056,-32.31195528950774],[-53.65588017354454,-32.31178922714334],[-53.65717014879524,-32.31681858352729],[-53.64308868588031,-32.32491966204175],[-53.64374252317213,-32.33573583412389],[-53.63333989810121,-32.35027617333132],[-53.63403551176379,-32.35652819318317],[-53.64362013817421,-32.36824866905376],[-53.6449488094066,-32.38433709637651],[-53.62786966947606,-32.38910669958266],[-53.61437520905694,-32.39840396304027],[-53.61209485362193,-32.40342997892437],[-53.61503112814228,-32.41657298011867],[-53.60025487482026,-32.43071729712224],[-53.58883557053164,-32.43517303475882],[-53.58403982348768,-32.45130535677841],[-53.56706141169034,-32.45853273542036],[-53.55636918847637,-32.47271106429138],[-53.54094859140314,-32.47293131794454],[-53.54353726333321,-32.47906796727678],[-53.53001415900408,-32.48302099794477],[-53.52642306587083,-32.48902292697248],[-53.52031843569406,-32.48106087154849],[-53.51545597034169,-32.48324306951375],[-53.51707143755357,-32.48924102309952],[-53.49955393915135,-32.4810385352885],[-53.48100487330041,-32.48393032978485],[-53.47093725502067,-32.48068944373652],[-53.46435492445267,-32.48472994022692],[-53.4628039323722,-32.4885088892107],[-53.46648540442818,-32.49327344373719],[-53.46211978054843,-32.49830779618065],[-53.4635224020808,-32.50271647925344],[-53.45657680663309,-32.51674871855657],[-53.45749911878061,-32.52229592343276],[-53.44945332079108,-32.52863355732533],[-53.43923597681492,-32.54446633258589],[-53.42908288858075,-32.54730154352144],[-53.43120784650878,-32.55829614099182],[-53.42301168612059,-32.55582428217267],[-53.41757144550949,-32.5575641524505],[-53.41169317701802,-32.57000494248897],[-53.39274805672027,-32.58189623197072],[-53.38411244544154,-32.57768071246727],[-53.37978198262052,-32.56981219304409],[-53.37240364298143,-32.56779328002911],[-53.36524826425627,-32.57338748532933],[-53.33845185081677,-32.57466126987483],[-53.34708882966617,-32.56393393483258],[-53.34589154738069,-32.56165436871142],[-53.34110535789677,-32.56195325288734],[-53.33770787005304,-32.56817946397778],[-53.32968488541896,-32.57162030756773],[-53.32608207285277,-32.56686855951801],[-53.31249185760878,-32.564902234144],[-53.31003567408154,-32.56293574254781],[-53.31298328015671,-32.55933155480513],[-53.32378975022296,-32.5563815729173],[-53.32297117661854,-32.55081108020906],[-53.28924102280183,-32.55736530643037],[-53.28187295811302,-32.55048291291295],[-53.28285584100981,-32.5472059333772],[-53.27532372570217,-32.54589549635612],[-53.27794404674141,-32.53819425118322],[-53.30435784858071,-32.53268288614792],[-53.31019927740189,-32.52885493601359],[-53.31069123382738,-32.52230130766502],[-53.32362051364349,-32.51575950694441],[-53.31732555425202,-32.51386970023594],[-53.28741620877693,-32.5255173973779],[-53.27074062852034,-32.52163921252779],[-53.27179016145801,-32.51869916136268],[-53.28689838709663,-32.51491943541262],[-53.27602877238809,-32.5079010686143],[-53.28605902138772,-32.50022080366893],[-53.28291151045161,-32.48993153558391],[-53.28948932455879,-32.48604793159539],[-53.29788794017168,-32.48678912255387],[-53.32508890578417,-32.47964215018678],[-53.31648580349854,-32.47607253916414],[-53.3009573174353,-32.48006206318595],[-53.2952920237246,-32.47754181439969],[-53.30312420270669,-32.46451774150241],[-53.32732774110202,-32.44953597956493],[-53.32660909696177,-32.44756851740382],[-53.31910401017289,-32.45086741251053],[-53.32002279713583,-32.45454913840808],[-53.3147342608877,-32.45418773561831],[-53.31157874178455,-32.45023628971803],[-53.3001300296357,-32.45028559320826],[-53.30272348863388,-32.43877013937871],[-53.31044424116695,-32.42808861601515],[-53.32133920680351,-32.42156939682248],[-53.31909390583589,-32.41882348279758],[-53.30686707118024,-32.42481613310436],[-53.29464048293433,-32.43730100973946],[-53.29089737162556,-32.43655185810834],[-53.28989994433384,-32.43305584795627],[-53.29489019201045,-32.42606460391644],[-53.29214485300479,-32.41557727968502],[-53.29865130875631,-32.40404547751971],[-53.29388871679931,-32.40523365694199],[-53.29178038016068,-32.40192506744687],[-53.28896627320368,-32.40813741679047],[-53.28341153338128,-32.40633761490302],[-53.28490848925912,-32.41657589076673],[-53.27803759971578,-32.42320897118127],[-53.28141505469687,-32.434553854378],[-53.26968748645508,-32.45477953083039],[-53.26669349104803,-32.46876262786229],[-53.25521515194772,-32.48224715356898],[-53.24598279869061,-32.48224664451928],[-53.23677451062132,-32.47356817995278],[-53.25671255968949,-32.44803799793831],[-53.25546471209588,-32.43305600843614],[-53.24997556012163,-32.43680124012812],[-53.2466030888413,-32.44996212758791],[-53.23636217686823,-32.4516296393179],[-53.23247742112396,-32.45764295645358],[-53.22602141497038,-32.45602847563418],[-53.22778912765686,-32.44677560384091],[-53.22513373845133,-32.4401263809489],[-53.21980862765668,-32.4423921228322],[-53.21819478607424,-32.44963067752428],[-53.20936283661644,-32.4492456667456],[-53.21608228614231,-32.47441255104653],[-53.21397133438765,-32.47652638929856],[-53.20365625914334,-32.47463256503417],[-53.20149241489739,-32.47787109774777],[-53.21531455277864,-32.49227964669073],[-53.21166711588562,-32.50015594415221],[-53.22069011747812,-32.5088011226257],[-53.21550652949229,-32.51283507948651],[-53.19054984652757,-32.51629401362696],[-53.18267789923237,-32.50534320657094],[-53.17231158334754,-32.50246161096621],[-53.17096733224927,-32.49554546231074],[-53.16367234424251,-32.49861940729128],[-53.15599372713715,-32.49708228783325],[-53.15772160907301,-32.49074235035063],[-53.16674421671191,-32.48670848588048],[-53.16055318963429,-32.48249850755909],[-53.14850565461255,-32.48305802084285],[-53.14351510561353,-32.47960024775283],[-53.14025149970193,-32.47114733304888],[-53.14260671327688,-32.46288915139712],[-53.13769837768374,-32.46103547741255],[-53.12952863894026,-32.46689543626306],[-53.12463507207753,-32.46657935000037],[-53.11500738074481,-32.45868282424055],[-53.10680089105549,-32.4586829413704],[-53.10285498539682,-32.44351974377748],[-53.11342946378113,-32.43151582074328],[-53.11627025644975,-32.42014409639628],[-53.11942717566984,-32.41967022059818],[-53.13382665968984,-32.43366924152667],[-53.13535407508103,-32.42826500578146],[-53.13094895132704,-32.4154062244076],[-53.14397440585913,-32.41191868601406],[-53.1464159759399,-32.40355956173588],[-53.15317711364403,-32.39777477424957],[-53.14904330748112,-32.39379374012008],[-53.15037957848762,-32.38687339122687],[-53.1467952801625,-32.38441022715789],[-53.14778800612935,-32.38122508457222],[-53.17743319449003,-32.37285699529905],[-53.19947480634929,-32.3720167453116],[-53.20341898452118,-32.37653518498661],[-53.20680579693997,-32.37578154293409],[-53.21189360431903,-32.37125309004011],[-53.20170628935383,-32.36146039644487],[-53.21353927118406,-32.35762845444858],[-53.21637283241245,-32.3534282722127],[-53.18585892891901,-32.36166643639093],[-53.18307433466675,-32.35832199792176],[-53.18747517287633,-32.35245569852761],[-53.18028924808088,-32.35256238102859],[-53.17509073216765,-32.35925079938629],[-53.16840696836318,-32.35980837748548],[-53.16506485867467,-32.35442068970189],[-53.1548544477141,-32.35479207575306],[-53.15358409443775,-32.34752197291507],[-53.14950532485039,-32.34421378696889],[-53.13283738300992,-32.35161722231523],[-53.12452949653414,-32.34613114405415],[-53.11607109796568,-32.34748760097249],[-53.11034425350614,-32.3424748603738],[-53.11047870049178,-32.33815393139894],[-53.10386726430227,-32.34571569180228],[-53.09941410587271,-32.33923388292597],[-53.1035973935546,-32.33410292914039],[-53.10359944275407,-32.32845560993962],[-53.08146701295634,-32.32073390774104],[-53.0802534934999,-32.29980391044554],[-53.09873910308857,-32.29143174042882],[-53.10737508777051,-32.29156621884611],[-53.10151427674335,-32.28488878241613],[-53.12342957983175,-32.29083379208518],[-53.12783070790591,-32.28799257815683],[-53.12783095987768,-32.28486757218459],[-53.11888646237721,-32.28216762760508],[-53.11434460792055,-32.27591676136022],[-53.11477008162598,-32.26497793447885],[-53.13067037199952,-32.26867221846517],[-53.13776783226633,-32.26597223361227],[-53.14827284755365,-32.26938187129216],[-53.15380997379648,-32.2591537123718],[-53.1626114849521,-32.25631183727138],[-53.1599145062632,-32.25119778280338],[-53.14415688189682,-32.25588570619844],[-53.13166322343024,-32.25190790888287],[-53.12101649104763,-32.24324235808962],[-53.11292493101004,-32.24310044476222],[-53.11810993521501,-32.2336186379868],[-53.13640746817944,-32.22646919555096],[-53.13777423365569,-32.22239476146839],[-53.13374770496242,-32.21885571811956],[-53.12018695990102,-32.22260435520332],[-53.09987184574995,-32.21979980644066],[-53.09622455935011,-32.23153289823933],[-53.09309731593988,-32.23309761154172],[-53.07074958322886,-32.22138861061616],[-53.06491286226849,-32.22197351230719],[-53.06157214587353,-32.23257579039958],[-53.05323456549662,-32.23205430202798],[-53.04891470675928,-32.22858607989618],[-53.04292089521853,-32.23383203119466],[-53.03317296075326,-32.22683935895004],[-53.02341996062552,-32.22434873890091],[-53.02170924376553,-32.21641069520261],[-52.99593590486653,-32.216740635343],[-52.9920277109259,-32.21595790814321],[-52.99055796927016,-32.21135897759785],[-52.98102914506909,-32.21391212132732],[-52.97204152501537,-32.21164969580688],[-52.97341189319083,-32.20909440083509],[-52.99122505677528,-32.20728516013722],[-53.01675837281822,-32.19815905805918],[-52.993048796785,-32.18825088778243],[-52.9907045512501,-32.18277611496546],[-53.01389320341513,-32.17834292843497],[-53.01657986569826,-32.16608402368453],[-53.03900427290823,-32.1630807481337],[-53.03844458028499,-32.1603842913112],[-53.03238427746297,-32.15928103497742],[-53.03589862102604,-32.15275633091271],[-53.04561572293058,-32.15340438711812],[-53.04895080524749,-32.14864903124725],[-53.05266973895886,-32.14980692906468],[-53.04746240231103,-32.14216215322362],[-53.02949542288285,-32.14918530112056],[-53.0270695186987,-32.14687910315511],[-53.02685815479802,-32.15383431839654],[-53.02191564904512,-32.15542194952591],[-53.02162500009787,-32.15185491783497],[-53.01798114016665,-32.15214306452672],[-53.01515435836254,-32.14188429116592],[-53.01270898463643,-32.14304498103623],[-53.01197607416586,-32.13863429048163],[-53.01000000033782,-32.13974999847459],[-53.01489105171621,-32.13362394539696],[-53.00218371539882,-32.13092364360956],[-52.99923101850699,-32.12113203256899],[-52.99900000050474,-32.1304999984799],[-53.00366943361011,-32.13655331206684],[-53.00361572214333,-32.1414353769345],[-53.00006744338599,-32.14246594030965],[-53.00984930452631,-32.1481804339093],[-53.00536242630633,-32.15715614166551],[-53.01093557799253,-32.16316607021697],[-53.00112568162444,-32.16999998304919],[-52.97472420401066,-32.17327170893316],[-52.96897706447865,-32.17897559984714],[-52.96346324949983,-32.17238165932982],[-52.96109346525368,-32.16226203491939],[-52.95358265978422,-32.15823450180218],[-52.9531472515039,-32.14909091213166],[-52.9582633069058,-32.14506337948673],[-52.95467118285767,-32.14016502801773],[-52.95652167109363,-32.13787913081686],[-52.95205872805677,-32.13820568770303],[-52.94966397854656,-32.13232766544875],[-52.9471603771769,-32.13352504049446],[-52.94846660406517,-32.14321289114382],[-52.92834073845472,-32.14443134040224],[-52.92650615152186,-32.15564902187602],[-52.92243024735717,-32.16095187967481],[-52.91305487306256,-32.1619717253139],[-52.9057172661846,-32.15544486350582],[-52.90041849750449,-32.15524105175133],[-52.89226631416233,-32.15605677803279],[-52.88109200653513,-32.16369700949366],[-52.87962932929814,-32.15748494316587],[-52.8900241110039,-32.14483923595589],[-52.89083955408137,-32.13933250433172],[-52.87494163151986,-32.13627239200191],[-52.87514590114338,-32.13015420168255],[-52.8836995148399,-32.12263981550426],[-52.87031068782554,-32.12002736107955],[-52.86896403460199,-32.11205160164135],[-52.8720748526472,-32.10465456074537],[-52.86582186026991,-32.10586281783432],[-52.8609521043718,-32.11913687288435],[-52.85574728079735,-32.11880071826436],[-52.85322873520825,-32.12249812746027],[-52.8470163399082,-32.11913714640038],[-52.83543089225511,-32.12031366989079],[-52.82720309566144,-32.12905046556712],[-52.8209904606923,-32.1293866043466],[-52.79856380265467,-32.11521905471583],[-52.78764067019885,-32.10132200153231],[-52.79326680978636,-32.08053610574042],[-52.7916127652209,-32.0724929041167],[-52.78381210525983,-32.06586933353512],[-52.79137655928091,-32.06539634190031],[-52.79846798660421,-32.07154706053471],[-52.8037969892373,-32.06839256956177],[-52.80288172181999,-32.06567928052257],[-52.7914434820541,-32.05935656823358],[-52.77776276404005,-32.05842277085192],[-52.77262936468286,-32.04885575049654],[-52.7605634873522,-32.06097900765993],[-52.74864402711935,-32.06385742736772],[-52.74268480935971,-32.06221237285467],[-52.75002779635696,-32.04751649956901],[-52.75745234707367,-32.0426773195932],[-52.75994750583541,-32.0344484574271],[-52.74330088931191,-32.03218584519941],[-52.74412302738239,-32.02448617741891],[-52.73656195846105,-32.0189666151989],[-52.71761638544173,-32.01743844716762],[-52.70720866896147,-32.01274780867127],[-52.70257464979039,-32.00688798340249],[-52.70113519371907,-31.99740469274546],[-52.70784577205445,-31.98827629814298],[-52.71722674557036,-31.98293836654326],[-52.72381851869182,-31.9686481422166],[-52.74563726116516,-31.95883425600997],[-52.74512245600203,-31.95285715939038],[-52.75321772969085,-31.95242569640675],[-52.75449382977813,-31.94720831276221],[-52.76565596903311,-31.95132275025655],[-52.77375898509722,-31.96305405008226],[-52.78964117232309,-31.97402885614687],[-52.79228766424037,-31.96381185139985],[-52.77980949050617,-31.95170177362154],[-52.79304447166086,-31.95056587678258],[-52.79720337899923,-31.94678141712525],[-52.7953130625659,-31.94261884345056],[-52.78245615317223,-31.94148358361186],[-52.77716274878109,-31.93542883615962],[-52.78094360035094,-31.92899544721016],[-52.79115370257455,-31.92785970201233],[-52.79039752460906,-31.92407578236054],[-52.76581819310227,-31.92483258078163],[-52.76165921592345,-31.922183502837],[-52.76317146782442,-31.91802043353338],[-52.77186841456749,-31.91688481857846],[-52.77602834261434,-31.91196587335154],[-52.77413759657838,-31.89872036877242],[-52.77741146940271,-31.89567699959382],[-52.77870800223174,-31.88002647274233],[-52.77252944225427,-31.87871678822215],[-52.76900187614622,-31.87120056392663],[-52.75368048413121,-31.86518655657829],[-52.7574617477167,-31.863484310043],[-52.75840820716293,-31.85704914220143],[-52.75197857508547,-31.85421066211562],[-52.74806934829594,-31.84328123653308],[-52.74047680242497,-31.83715130589454],[-52.74064676207969,-31.82991589699217],[-52.74445870554109,-31.82501135801581],[-52.73067760368644,-31.83048273112276],[-52.71962268325066,-31.82731545127282],[-52.71720772659968,-31.83531279397609],[-52.70264634069778,-31.84288250992852],[-52.69480706184365,-31.8536066373954],[-52.687397071002,-31.85493849859364],[-52.68298777928137,-31.85224867541554],[-52.67193015465437,-31.85282861036691],[-52.66759995066728,-31.84507431311093],[-52.65337742252356,-31.83730408448169],[-52.64602356964489,-31.83793387773982],[-52.63213344101607,-31.82908634644953],[-52.63097638870483,-31.81277879455438],[-52.62858185481872,-31.81572591364339],[-52.62227317683393,-31.81402211048986],[-52.62582405924084,-31.82170156986111],[-52.62246792497,-31.8355136780503],[-52.6172480594533,-31.83514074445877],[-52.61246475416559,-31.84047266271507],[-52.59880805565587,-31.83991677265143],[-52.58667889810435,-31.83147795602403],[-52.59005577042047,-31.82014596976062],[-52.58756393712024,-31.81257157495642],[-52.58030418149754,-31.80919283678078],[-52.57386388235415,-31.81075155171046],[-52.56796112037851,-31.80348397890939],[-52.5526443531824,-31.80386156089202],[-52.55689547482113,-31.81899537422198],[-52.55396716627882,-31.82316602327392],[-52.54810485358445,-31.82430176374642],[-52.54134783451286,-31.82012289092967],[-52.53800546575878,-31.82358713482978],[-52.51659131382134,-31.8202386905532],[-52.5087169794396,-31.82200005458073],[-52.50850179665601,-31.83124321404769],[-52.49675034518635,-31.838079720578],[-52.48759508896888,-31.83485490919562],[-52.47994776699338,-31.83853897710481],[-52.47224975022671,-31.83626466898659],[-52.48594727399513,-31.84181103645556],[-52.49602349820662,-31.85021007250779],[-52.48484778576573,-31.84905218123124],[-52.47860946521003,-31.84364786448766],[-52.47183900628854,-31.84266659081089],[-52.47511436479546,-31.85481952883451],[-52.46684251285723,-31.85146037668397],[-52.46392195707688,-31.84339300857239],[-52.45722633316289,-31.84914018955208],[-52.4412283409176,-31.85472125102584],[-52.43633830988252,-31.84771475766334],[-52.4326652011142,-31.85086972095931],[-52.43234499600128,-31.84705126033607],[-52.44145881367133,-31.8286687109658],[-52.45005595910813,-31.83402760121787],[-52.45578890846349,-31.82947121458306],[-52.46010868497341,-31.83514803934635],[-52.46530145454284,-31.8271860795199],[-52.48527009818967,-31.82858564532431],[-52.49560802421905,-31.82619031120159],[-52.4980062037415,-31.82450730803722],[-52.49075255022289,-31.81641216296547],[-52.49576868987526,-31.81278025420251],[-52.50519425068726,-31.81277879455254],[-52.50353649530975,-31.80884162650202],[-52.49484879661848,-31.80515710706369],[-52.49047731470217,-31.79565015745127],[-52.47633865159775,-31.78464466647061],[-52.4702615112576,-31.78443457119131],[-52.46907126240167,-31.79496939736745],[-52.46051574108419,-31.79369284994423],[-52.45824166601604,-31.7904242290902],[-52.45446531203434,-31.79865988738511],[-52.44911212081117,-31.79995297437727],[-52.45386597582942,-31.80793426943255],[-52.43674358714192,-31.81096823623879],[-52.43149493746325,-31.8168581856801],[-52.42842677571959,-31.81423297893297],[-52.42609647702307,-31.81197925730028],[-52.42902429678922,-31.80996558809775],[-52.42765909186892,-31.80369966378226],[-52.43692830977071,-31.78689295538278],[-52.45599321753036,-31.77863615487968],[-52.46240558235537,-31.78133649706302],[-52.46013465617035,-31.77391179391347],[-52.4512763699683,-31.77141850871287],[-52.4527635476825,-31.76519853868135],[-52.46686443661493,-31.76351212146589],[-52.4663904778913,-31.75979271931294],[-52.47225443162345,-31.75368094033221],[-52.48670623547318,-31.75217056539568],[-52.48183326543803,-31.7427061572778],[-52.4945554792461,-31.73418682019698],[-52.49932937885372,-31.73818198657049],[-52.51043589291987,-31.73866776751559],[-52.52367096840688,-31.73259652249189],[-52.5472578397546,-31.73336045206623],[-52.56378517616228,-31.7299547157698],[-52.56813541733132,-31.72570765574036],[-52.53138134612197,-31.71549948583666],[-52.52560259281187,-31.70767974509561],[-52.48120949046267,-31.71019094600759],[-52.47067228255225,-31.71919672711703],[-52.43421624263884,-31.73014347612527],[-52.43570611273752,-31.73721551806739],[-52.42988848719815,-31.74053098288556],[-52.42381413355292,-31.75229241601582],[-52.41584590352397,-31.75625939684842],[-52.41684848538698,-31.76005074473546],[-52.41122323787967,-31.76668384290543],[-52.41240185066343,-31.77596089977192],[-52.40884138863408,-31.78072282306629],[-52.4017237273757,-31.76892280046046],[-52.38915211680111,-31.76387824769013],[-52.40044042073079,-31.75642492413862],[-52.40424951251187,-31.74510502879373],[-52.40094657357037,-31.73397688013004],[-52.39059862488354,-31.72867002713676],[-52.40450356271517,-31.71028769746108],[-52.40901105056462,-31.69252414782341],[-52.40155899038298,-31.6883695348056],[-52.39854248824439,-31.68117974492758],[-52.38895626501916,-31.67688300948066],[-52.38190698138615,-31.67992069406034],[-52.38054793072002,-31.67613600484018],[-52.37119265328193,-31.67641512682919],[-52.35768384067985,-31.66775764679019],[-52.34852411995223,-31.66838543056904],[-52.34493939651255,-31.66393545509028],[-52.35216972879215,-31.6579795718266],[-52.3462577007465,-31.65194898761677],[-52.34788401272171,-31.64819089106294],[-52.34476051605098,-31.64442443251702],[-52.34894319298768,-31.64368198909104],[-52.34392477780676,-31.63223263568519],[-52.3229593594287,-31.62796507473344],[-52.29260247856355,-31.61380331082138],[-52.29255738091825,-31.61053069649736],[-52.30358515103054,-31.60004695074736],[-52.29742127975098,-31.58594872595143],[-52.25949599381486,-31.56868533223842],[-52.25024423404061,-31.55401113957852],[-52.24362890332215,-31.55307751052706],[-52.23540465919856,-31.55840877510635],[-52.22579219734168,-31.55294979742935],[-52.22284994519307,-31.54939641544176],[-52.22244109275776,-31.53928160810824],[-52.22739772292802,-31.5391655976071],[-52.23060942884271,-31.54745593737126],[-52.23436300311587,-31.53982831095195],[-52.23275412313604,-31.53635322954336],[-52.23957710397242,-31.53575547493164],[-52.24310133609282,-31.53142778247807],[-52.22034880451139,-31.53141342562673],[-52.2038223055183,-31.52671974099437],[-52.20551118215324,-31.52885544214943],[-52.20203903603516,-31.5325295649449],[-52.18451007823948,-31.53706281094827],[-52.18140942278753,-31.53488230517819],[-52.18764257997271,-31.52703374566232],[-52.18244081272586,-31.52617088322134],[-52.18045125146283,-31.53400464297479],[-52.17755506266717,-31.53508940656472],[-52.16751671821567,-31.52588540365209],[-52.16113437095213,-31.53430367080059],[-52.15229096575997,-31.53739185212575],[-52.14928886363487,-31.54537951132994],[-52.14274871011031,-31.5510995288341],[-52.1496379997177,-31.55687612813735],[-52.14905431255076,-31.55988833430061],[-52.14336992084007,-31.5630059054592],[-52.13234199351064,-31.56290653249905],[-52.13481316023032,-31.55836086514239],[-52.12739843920944,-31.55291910015832],[-52.12175409728157,-31.54195480204503],[-52.11368033639935,-31.53887872459001],[-52.1130128153123,-31.53503454094025],[-52.12149898837684,-31.53082769946782],[-52.12623031386047,-31.52283687685203],[-52.12744428972302,-31.52994239095286],[-52.13574316466516,-31.53596376764919],[-52.14559760567157,-31.52838927824938],[-52.15710740709333,-31.52860270544132],[-52.16168672101503,-31.5078406959856],[-52.15989178473325,-31.49652042537021],[-52.16426431742313,-31.49062049232576],[-52.15613537871641,-31.48754911282255],[-52.15837811154859,-31.48233964375102],[-52.1493293178634,-31.47488633068818],[-52.14780773455419,-31.47977481855579],[-52.13659697659634,-31.47833231390116],[-52.13787750606135,-31.4868274853759],[-52.12962956834402,-31.48346169028197],[-52.12514546531069,-31.48730797508447],[-52.12450536974246,-31.48073741539098],[-52.11761868807739,-31.48282061689209],[-52.11953979682522,-31.47761145449284],[-52.11593673226393,-31.47536745439872],[-52.11681766852086,-31.47280312335528],[-52.11377953519279,-31.47385378352297],[-52.10883351553643,-31.46914778286756],[-52.08876562883837,-31.48876070263481],[-52.06905484258125,-31.51431542141578],[-52.056648774808,-31.52377418721845],[-52.04228463970529,-31.52277318982321],[-52.03800233942383,-31.51517942404387],[-52.03871412252632,-31.50807182133014],[-52.04258399750881,-31.50925354566229],[-52.05610865845559,-31.50142864362936],[-52.05943383745004,-31.49666134416082],[-52.06005117739191,-31.48497704209893],[-52.08956069865497,-31.46084254808619],[-52.10078611294705,-31.44299389357825],[-52.11123965912859,-31.43512293905579],[-52.11173573683783,-31.42685162675136],[-52.12716054295627,-31.41833789902417],[-52.13082504522207,-31.41126555333959],[-52.13401282988692,-31.40043462038889],[-52.13016291067895,-31.39466265143412],[-52.12551818873541,-31.39674569484074],[-52.11526793181734,-31.39065582986289],[-52.09797173879986,-31.38921278700012],[-52.09893203371912,-31.38648801496849],[-52.09412729403721,-31.38167945157343],[-52.08166404127132,-31.38852516751275],[-52.07950146827625,-31.3870479775072],[-52.08171956387948,-31.38393657792045],[-52.0758609373522,-31.38891085997556],[-52.0722498647227,-31.38441374906002],[-52.07226313271539,-31.38040876117389],[-52.07715167833575,-31.37959596794026],[-52.07362761449185,-31.37735247368009],[-52.07581035098619,-31.37358368952258],[-52.08019405023146,-31.37590916204911],[-52.08387778592213,-31.37318430491097],[-52.09044371933514,-31.37815332446943],[-52.09836007336699,-31.37436634302042],[-52.08967517506127,-31.37090846571935],[-52.08900301768202,-31.36629306735745],[-52.07987385033064,-31.36324685291177],[-52.08179581168994,-31.35956074936049],[-52.1034250846788,-31.36352363483811],[-52.09989358619891,-31.36036263319909],[-52.10108166683211,-31.35762944282703],[-52.12167420558155,-31.35314957930201],[-52.11686953399843,-31.35074496262268],[-52.11078339533728,-31.35363022309282],[-52.09973324257679,-31.35170688037832],[-52.09312346404005,-31.35507482907548],[-52.08672014875221,-31.35224767518071],[-52.10299533156232,-31.34724848939909],[-52.10091299093708,-31.34316784094632],[-52.1052876485017,-31.34196810432024],[-52.11313502950832,-31.32690084348162],[-52.09110186558725,-31.33335873167067],[-52.09352538829131,-31.33062643633517],[-52.0889739600067,-31.32978892684904],[-52.09711903641185,-31.32193222348651],[-52.08296175677476,-31.32709403717397],[-52.08226425767779,-31.32047996014757],[-52.07153408883028,-31.30742830349177],[-52.07665905219067,-31.30374169353011],[-52.07009210282622,-31.30358113408739],[-52.06650792913347,-31.31540487774486],[-52.07281540356102,-31.31992977253612],[-52.07329535768373,-31.32634131543693],[-52.06713148685592,-31.32683858723047],[-52.06977203810753,-31.33627865639859],[-52.06288551715144,-31.33483630742547],[-52.05331036928311,-31.35129795074088],[-52.03713395648541,-31.35594577065727],[-52.03361045294802,-31.36043314323721],[-52.02544251046361,-31.35915122160845],[-52.02259657093638,-31.36534029344],[-52.01730189956294,-31.36517847065145],[-52.0174347998483,-31.36059394501069],[-52.01423164385508,-31.35995300636454],[-52.00382175120729,-31.36299813596298],[-52.01321682758079,-31.3535731907003],[-52.0140695506725,-31.34392067880769],[-52.04802467581794,-31.34793149497953],[-52.05106817917903,-31.34680971282749],[-52.05347681826214,-31.33829145684497],[-52.04785054161837,-31.33568321817201],[-52.04140534583253,-31.34090540084613],[-52.03578515516124,-31.33412782377175],[-52.02872324524385,-31.33455984619394],[-52.02952990651914,-31.33124509006017],[-52.01878855061392,-31.33223224757698],[-52.01960803259276,-31.3293633466008],[-52.0321784378632,-31.32736188752029],[-52.03068135653191,-31.32423315268919],[-52.04021629818084,-31.32091490010398],[-52.02512929328698,-31.3199634078763],[-52.0192113654616,-31.31192496737988],[-52.02407311800219,-31.30557874951191],[-52.01893490621791,-31.3011894299915],[-52.00441510499365,-31.30261799409201],[-51.99892049161704,-31.30938626149911],[-51.9911464241824,-31.30287985745421],[-51.99411667140258,-31.29764043224572],[-52.01459327883867,-31.29671672550603],[-52.01198852022479,-31.29600638662986],[-52.01365689047469,-31.28915347445085],[-52.01730754195242,-31.28902113043264],[-52.01476900912439,-31.29098096545955],[-52.01739253214597,-31.29518904366499],[-52.03051923902861,-31.29372803815604],[-52.02723352418263,-31.29858324477287],[-52.02872273557644,-31.30367513404092],[-52.0323163327196,-31.29965634507366],[-52.04964873082358,-31.29754063704272],[-52.05007107439991,-31.2945790775382],[-52.03675538097084,-31.28950227640215],[-52.03865725818816,-31.28569445400858],[-52.03548633596154,-31.28273302617106],[-52.02905484713408,-31.29041706702236],[-52.02069076510497,-31.28802130923203],[-52.02365017214691,-31.28252150079777],[-52.01189951197328,-31.28759733582541],[-52.00526130408197,-31.28590655259789],[-52.00586747995924,-31.28205540787241],[-51.99828587172468,-31.28146452284957],[-51.99257841239287,-31.27723302197923],[-51.99067633500983,-31.26771408128484],[-51.9830674885013,-31.26602212264139],[-51.98452876845072,-31.26165443222194],[-51.96817443813534,-31.26311572060296],[-51.96540230626655,-31.25959311088143],[-51.98327687396046,-31.2546739546282],[-51.9893378534063,-31.25943405335096],[-51.9918653907884,-31.25600808970913],[-52.00540172476941,-31.25679004912815],[-51.99656508736119,-31.24836589605995],[-51.99764380186863,-31.23819507209459],[-51.99994655180752,-31.23447169332801],[-52.0020438067016,-31.23639862400326],[-52.01161993405168,-31.23389788795947],[-52.00061966270651,-31.23091767616469],[-52.00508544676962,-31.22717499912482],[-51.9987285528136,-31.22418632084277],[-51.99706163833474,-31.23427486960682],[-51.98967206070794,-31.24300611952076],[-51.98141196197732,-31.24103064788466],[-51.98007224862211,-31.24747574032699],[-51.96872981425584,-31.24928034364667],[-51.96547827505326,-31.24678264463833],[-51.96281178356395,-31.24790633219922],[-51.96397343781619,-31.25467456085193],[-51.95339139959349,-31.2561856285338],[-51.94896670788974,-31.25192411622487],[-51.95562435824864,-31.24695289685921],[-51.94664179521168,-31.2387032615204],[-51.95742762285657,-31.23411855993663],[-51.94890037948029,-31.23082878243335],[-51.95234848420435,-31.22632874893415],[-51.94912690881442,-31.22403338421742],[-51.93881373952448,-31.22671462104725],[-51.93280560816362,-31.22259085679226],[-51.92624505204257,-31.22252065480103],[-51.92317958736544,-31.22844405713537],[-51.92832902148251,-31.23395504393028],[-51.92656195333912,-31.23806851263177],[-51.91109810080239,-31.23430069773191],[-51.9094412703673,-31.23182892166511],[-51.91385702146069,-31.23182826844223],[-51.90451341867743,-31.22660999738576],[-51.89706601693467,-31.22818790624276],[-51.89372380051947,-31.23563142515456],[-51.89176111968852,-31.23078122941511],[-51.88489723961505,-31.23522151123863],[-51.88003838926057,-31.23135846171554],[-51.88177019022589,-31.22847097479642],[-51.89471375446235,-31.22826846160334],[-51.88885543908722,-31.22530924337191],[-51.88911967715675,-31.2181331904391],[-51.88610214663439,-31.21911572413117],[-51.87911385658672,-31.21287905347845],[-51.88413811397295,-31.21097398529884],[-51.88073099175467,-31.20889473711],[-51.88239156307628,-31.20748469300636],[-51.88893110628007,-31.21062685787825],[-51.89497475367325,-31.19953186576443],[-51.88831505662387,-31.19988930468659],[-51.88398225946612,-31.20390884063335],[-51.8836936204118,-31.20025837528573],[-51.8753163547958,-31.19491818692421],[-51.87573867716134,-31.18994752480197],[-51.88852671417619,-31.19576511281575],[-51.90046925102627,-31.18730331309676],[-51.88958311581424,-31.1834961915646],[-51.89011219133408,-31.18106327072453],[-51.8971925474537,-31.18085210030251],[-51.89696166199114,-31.17748654776384],[-51.89354527591492,-31.1743513336268],[-51.87951042306827,-31.17276403916586],[-51.88003651834015,-31.16610451551845],[-51.87591715653991,-31.16324540259023],[-51.88595786055905,-31.16091830275834],[-51.88754232248243,-31.15383199910728],[-51.89166434191174,-31.15986089915923],[-51.89578604369886,-31.15203426648635],[-51.90873461247237,-31.15804498714478],[-51.91500644424227,-31.15384560906207],[-51.91257572958181,-31.14961451633021],[-51.90496630361575,-31.14760494841055],[-51.90464945192734,-31.14369157964414],[-51.89619454404306,-31.14083560671024],[-51.89767431492253,-31.13374944170318],[-51.89318030612613,-31.12881985900966],[-51.92077727102118,-31.09917199269958],[-51.92482583569871,-31.08642706408832],[-51.93574926246137,-31.08094369558898],[-51.935272813321,-31.05759273967557],[-51.95543097371407,-31.05283152129606],[-51.9637620115226,-31.04640873168228],[-51.96928476847555,-31.03264705380985],[-51.94724659380666,-31.036816702195],[-51.94140020044019,-31.04459134908535],[-51.93490596509123,-31.04123631830373],[-51.92671741460582,-31.04244810380874],[-51.91955671260794,-31.04787960573439],[-51.90554908972823,-31.04571723359123],[-51.89468203254629,-31.05665982575919],[-51.89501697523871,-31.06729860864239],[-51.89038866762194,-31.06531551629397],[-51.880464846043,-31.07362615070259],[-51.88130360084129,-31.0799086279114],[-51.87460259953798,-31.08408705677808],[-51.87352371169834,-31.093310110022],[-51.86917934760989,-31.09609615012318],[-51.86232621498608,-31.09502969150595],[-51.85898032064178,-31.10546933883782],[-51.84850960456917,-31.10591710372117],[-51.83501838962724,-31.1215541182258],[-51.81136826036936,-31.12618587299066],[-51.78447786043708,-31.12125726404448],[-51.77882896009357,-31.11364133745298],[-51.7847247047502,-31.09980692902183],[-51.79267978264951,-31.09285804301043],[-51.79421954323298,-31.08525840642132],[-51.8161541877548,-31.0737361344468],[-51.8320229843771,-31.05638522554141],[-51.83474466699569,-31.04705307227271],[-51.84920968987772,-31.04128241297065],[-51.85599746438668,-31.0285442938783],[-51.88113930292229,-31.02431496583336],[-51.89045943818886,-31.01649831675961],[-51.91078854563167,-31.00873010739546],[-51.91688377226771,-31.00347163550834],[-51.93821144016607,-31.00695388055664],[-51.9500401378816,-31.00177026314373],[-51.96532762474671,-31.00395848143274],[-51.9772699544106,-30.99459973780531],[-51.9800105601322,-30.98714126439647],[-51.98813494607555,-30.98733667473729],[-51.99486221305283,-30.9917226271458],[-52.00222492258289,-30.98928481109469],[-52.0097942046214,-30.99357060585305],[-52.01794710082254,-30.99316808923462],[-52.00146611886422,-30.98467355082118],[-52.00417065641634,-30.98120301222419],[-52.01048364165388,-30.98114164795404],[-52.00499523742123,-30.97051668651864],[-51.98730283472286,-30.95711260990441],[-51.9682547322009,-30.95011075505446],[-51.96004879245297,-30.94288015150473],[-51.95501847433795,-30.93095860444703],[-51.94406793320942,-30.9371642231529],[-51.93682849421018,-30.9365235950935],[-51.92659904535832,-30.92974202868634],[-51.92560203125038,-30.9180138070381],[-51.91140997911842,-30.91789201146581],[-51.90309543320812,-30.90575538748697],[-51.87595172567583,-30.90525408517897],[-51.88002182986236,-30.89346200743172],[-51.87798139019745,-30.89028660504855],[-51.87483293838407,-30.89081778778094],[-51.87102087560752,-30.90103608631543],[-51.8649161063862,-30.90567045020167],[-51.84186982425934,-30.90735274775879],[-51.82625006118763,-30.90167393762742],[-51.81040242840508,-30.90382526549033],[-51.78979796781238,-30.88761684796211],[-51.78994636726699,-30.87449422937044],[-51.79614540921571,-30.86394710982201],[-51.78890934853181,-30.85937008558594],[-51.77531599991757,-30.86650911416242],[-51.74092353280154,-30.86652031754257],[-51.73188621399721,-30.87097897891052],[-51.72014370173861,-30.88707461744482],[-51.69667325091984,-30.8908089573468],[-51.68588367625402,-30.87844389740345],[-51.68489270232785,-30.87003354995494],[-51.69278876659655,-30.86818842867032],[-51.70653055484674,-30.87071976658135],[-51.70960220854338,-30.8477407636314],[-51.70051558533654,-30.84330309865312],[-51.68502279434674,-30.84274910756445],[-51.67647307081179,-30.83634310217491],[-51.67496630223302,-30.82344624328245],[-51.68244572136607,-30.8220118717996],[-51.68422599279145,-30.81607301645456],[-51.67828683296408,-30.80634010447558],[-51.68043178545033,-30.80138006555384],[-51.67747493156941,-30.796882961913],[-51.67241590736378,-30.79653010454918],[-51.6694749822217,-30.80265198000619],[-51.6673580373147,-30.79853157797934],[-51.66994602043731,-30.78510999804756],[-51.67759188888916,-30.77934073898479],[-51.66582860567045,-30.77969381139767],[-51.6604175789675,-30.78899479348802],[-51.65559353658303,-30.78758211691911],[-51.65782843443725,-30.78416809445401],[-51.65465250249843,-30.78169575629501],[-51.64453577911479,-30.78393245488462],[-51.64112426576175,-30.78004768734293],[-51.64323368519027,-30.77723793369582],[-51.64829324961962,-30.77770886213524],[-51.6535862134216,-30.77099798111135],[-51.65782156895702,-30.77606025467788],[-51.659308659504,-30.77000902435917],[-51.65457424600062,-30.75860504295055],[-51.65741338684101,-30.74882578090956],[-51.65522715527155,-30.7351422322248],[-51.64672517679048,-30.73584461424485],[-51.6420072208473,-30.73131956424255],[-51.64867474462199,-30.72600993304247],[-51.64940179341709,-30.71592731620857],[-51.64589290240067,-30.71015124070151],[-51.64296456184232,-30.70898915515663],[-51.64386496043363,-30.72225008441223],[-51.62777200707932,-30.72519987368001],[-51.62467763679675,-30.73153928518881],[-51.61617700376548,-30.73099259277982],[-51.61804896607563,-30.72365591539271],[-51.61477310415178,-30.71951852685581],[-51.61999873389033,-30.70351735135339],[-51.62452163216307,-30.70172147751468],[-51.61828279415371,-30.69984815621239],[-51.61767429863827,-30.70611417545137],[-51.61174757820887,-30.7090019241863],[-51.61521757178252,-30.71302212274784],[-51.61032653313571,-30.72576301804321],[-51.60034370268177,-30.725372357338],[-51.59800402311733,-30.73310029833279],[-51.58887845969718,-30.73856411743594],[-51.57663355437197,-30.7397449711369],[-51.56571464520795,-30.73646615526066],[-51.56711822400902,-30.73271978545324],[-51.56399874438076,-30.73068982973478],[-51.55651100217283,-30.73365634898205],[-51.55541851239791,-30.72741207004497],[-51.56603218724869,-30.71861723167723],[-51.57468932858045,-30.72070532696611],[-51.58030490641423,-30.71742712685572],[-51.58330742601743,-30.71344394919145],[-51.58248860596009,-30.70275255066027],[-51.57328506189472,-30.71446097288203],[-51.56767010116905,-30.71399193783682],[-51.56065043194199,-30.70790408044482],[-51.55846666724246,-30.71555313296088],[-51.55316258874466,-30.71180681429833],[-51.54785918688079,-30.71680247221969],[-51.54567536875309,-30.71336757807641],[-51.54770372926802,-30.71071420364539],[-51.54489577801044,-30.70946467225786],[-51.53621850780103,-30.71535392733898],[-51.53793453468881,-30.73439977714714],[-51.52748340505151,-30.74267377876749],[-51.51063742888316,-30.73424340579464],[-51.50689273104481,-30.73018433320322],[-51.5087647078868,-30.72612532546279],[-51.49722243846847,-30.72378432958986],[-51.4898899526934,-30.71379236666926],[-51.49301004129006,-30.70801672730662],[-51.50048943537217,-30.7095072440661],[-51.50679550013481,-30.70655527044749],[-51.51282016189541,-30.71004591810647],[-51.51516098180813,-30.70583048740094],[-51.52202352076799,-30.71285572107279],[-51.5220233861687,-30.70692405669652],[-51.5264968134145,-30.7063141983178],[-51.52873146659778,-30.70942127436153],[-51.52982330043527,-30.70458220122032],[-51.536063099806,-30.7062994450204],[-51.54337898826474,-30.70227266027033],[-51.53777599404091,-30.69959787763014],[-51.54136347619264,-30.69585080370376],[-51.55275060246118,-30.69787994949145],[-51.55509036328482,-30.70381261473561],[-51.56077897288708,-30.69977398721479],[-51.56834938195905,-30.70193869959425],[-51.56772553338292,-30.69350936917292],[-51.57592743550924,-30.69352075214496],[-51.58683212728854,-30.68377595276337],[-51.58261872169501,-30.67881641103095],[-51.57904961689194,-30.68250541924701],[-51.5767292909057,-30.67953019975958],[-51.57934618519857,-30.67596143100529],[-51.59225507509769,-30.67661612738487],[-51.5902372003431,-30.68213350217778],[-51.59753954578271,-30.68599237589311],[-51.60224548985254,-30.68222476971977],[-51.60036338728274,-30.67727958520953],[-51.60318710812084,-30.67492528081022],[-51.5951871546856,-30.67610291047262],[-51.59518745119537,-30.67257030193096],[-51.60154006966111,-30.66715492148047],[-51.60977470360007,-30.66644824520032],[-51.61824409106705,-30.66833261699496],[-51.62177374021155,-30.67257032221921],[-51.62600893643059,-30.67186412120357],[-51.62812642673537,-30.66597721528333],[-51.61589159933283,-30.66456511196445],[-51.6116567687798,-30.65797237815285],[-51.61602515112028,-30.65227427957896],[-51.62382440827882,-30.64962054725933],[-51.63365207275282,-30.65180655774732],[-51.63349602460749,-30.64790378909399],[-51.62023677507809,-30.64540558028218],[-51.61524488909695,-30.63853690952006],[-51.60198555223201,-30.6488400992565],[-51.5948105809439,-30.64571748304441],[-51.58108389270372,-30.64587426303975],[-51.57219178551689,-30.6568015374605],[-51.55253714308874,-30.66866593189504],[-51.55409618628993,-30.66046217655299],[-51.54255228862187,-30.66327238503052],[-51.5380295112461,-30.66015023873279],[-51.55082056022589,-30.65359362555861],[-51.54551680835953,-30.65328108648068],[-51.55300368437993,-30.64469541438962],[-51.55035257953046,-30.64344586051897],[-51.54208514291988,-30.65328099496566],[-51.53709311787594,-30.65250080470557],[-51.53615747293179,-30.65812088268108],[-51.51712705206462,-30.66858066710747],[-51.51556711486334,-30.66436483103022],[-51.51166714464671,-30.6668633627304],[-51.50449128380865,-30.66420925018437],[-51.50220577459984,-30.66936607284991],[-51.49966027929978,-30.66206736773752],[-51.49451304389036,-30.66737490919734],[-51.49607260961928,-30.65972622577583],[-51.49180402397405,-30.65617676027102],[-51.48983342404836,-30.66940404228846],[-51.48406231647304,-30.66768736045207],[-51.48437493603198,-30.67361925452735],[-51.47595179121726,-30.67439894616002],[-51.46846473796526,-30.67049629788273],[-51.46612518245252,-30.66612590287613],[-51.46862050002997,-30.66440864337368],[-51.46300539050689,-30.660662094054],[-51.46440900805355,-30.65816468004504],[-51.46581346356924,-30.66097463945854],[-51.4704921279507,-30.65894504223928],[-51.47012274097662,-30.65488881358216],[-51.46115273182253,-30.65658283035196],[-51.45149641077876,-30.6535755206068],[-51.45689348844504,-30.63936127316434],[-51.45597211231041,-30.63663172833942],[-51.44739349935538,-30.63631956808716],[-51.4485161519403,-30.62688663881058],[-51.44147950196871,-30.63581008767778],[-51.42128065619062,-30.63729323440716],[-51.41566543149501,-30.63409258437488],[-51.4112209411234,-30.6364341936903],[-51.41613346672661,-30.64533240641923],[-51.40872499514776,-30.64946850598148],[-51.40100367420204,-30.64361483104624],[-51.39468753848772,-30.64306892706108],[-51.39936658493542,-30.63698051649651],[-51.40794516597238,-30.6433810640915],[-51.41045409009403,-30.64202753163219],[-51.39999039678172,-30.6336243501641],[-51.40231415527808,-30.62902440283582],[-51.39591916695443,-30.62637040226424],[-51.39334589592086,-30.60506314026927],[-51.39779088734832,-30.60233129130899],[-51.41159536766977,-30.60615555296379],[-51.41432428045099,-30.59959932494449],[-51.40722726017025,-30.60201882943488],[-51.38821188910548,-30.59504084502641],[-51.38671266316913,-30.58779227062783],[-51.37857068844278,-30.58230308123613],[-51.37196864740035,-30.56557209199863],[-51.35806000951144,-30.55167744949997],[-51.34987330061235,-30.53740402848171],[-51.34216036167868,-30.53523374948454],[-51.3390041976395,-30.52685778359681],[-51.33045681390552,-30.52432855533486],[-51.32303607073739,-30.51592602475711],[-51.31167764908265,-30.51173673581455],[-51.30478519103752,-30.49504187469429],[-51.27578935453274,-30.47769000263904],[-51.27974103024499,-30.47488340965945],[-51.27329518763719,-30.47067090052267],[-51.27635288444087,-30.46859439897819],[-51.27131495228395,-30.46253370401491],[-51.27277372456174,-30.46000418071318],[-51.26727936283537,-30.4602430673501],[-51.264775160454,-30.45758710919405],[-51.26872545682414,-30.45662706016665],[-51.2533650485386,-30.45101820805018],[-51.25810048569942,-30.44843367225267],[-51.25175827433431,-30.44836868353706],[-51.25359320495696,-30.4468973706592],[-51.24641670214653,-30.44283413359163],[-51.24821336595776,-30.43900027762838],[-51.24480294920102,-30.44038462708178],[-51.24015472918141,-30.43667055399431],[-51.23233277621781,-30.42945517658837],[-51.23129434110039,-30.42368773731182],[-51.21857662114019,-30.41444534100225],[-51.2206732196026,-30.40563524781289],[-51.25016971662924,-30.41055453307363],[-51.26291825633704,-30.40493447708817],[-51.26913790752126,-30.41091291986643],[-51.2757349583895,-30.43019022538835],[-51.28400180134542,-30.43502942809417],[-51.2833774427658,-30.43939986818884],[-51.29198161844256,-30.4412508172313],[-51.29382785495874,-30.44564388680068],[-51.31956339416449,-30.445331880995],[-51.3222155487738,-30.44892181351219],[-51.32009866541213,-30.45786625130143],[-51.3309681450576,-30.46476795159231],[-51.33502763339086,-30.46384601671087],[-51.33574374608745,-30.46673541535498],[-51.33455805015658,-30.47021839798549],[-51.3222564509533,-30.47192283566112],[-51.31781009043561,-30.47607277301695],[-51.33515089758494,-30.48333516206308],[-51.34047409139617,-30.4900024787799],[-51.35419873240215,-30.49234397451215],[-51.37681578526672,-30.51411985110839],[-51.37194239650101,-30.52239452916565],[-51.37567477454429,-30.53163660752348],[-51.38109560870684,-30.53110341114898],[-51.38971288064075,-30.53656164381431],[-51.38191465892644,-30.54171296849359],[-51.37193169143973,-30.54296198929562],[-51.37427125069519,-30.55076657785751],[-51.38206981351588,-30.55295201734344],[-51.38222573531414,-30.5591959497165],[-51.38830885940192,-30.5552936781183],[-51.39304209343962,-30.55741911947464],[-51.39925054854012,-30.55438122743664],[-51.39345617655681,-30.54483560019596],[-51.39688765170825,-30.53905952006659],[-51.40250263699298,-30.54124490974976],[-51.40796204790892,-30.53578149567386],[-51.4034651204755,-30.53073229092424],[-51.40551917721334,-30.52001475539392],[-51.41331773697665,-30.52579024275249],[-51.41378619621752,-30.53796562769941],[-51.42392415612574,-30.53515614733126],[-51.45398682052556,-30.55436071064326],[-51.46390905511763,-30.55432506716692],[-51.48456227007807,-30.54493283098313],[-51.48339053951636,-30.53636517169518],[-51.47255531625795,-30.53381209647194],[-51.45655451089024,-30.53545995642199],[-51.44875694481148,-30.54140497725591],[-51.44078986413651,-30.53451798103782],[-51.44190982947904,-30.52586047179333],[-51.43375344582507,-30.52622903722855],[-51.44734327323893,-30.52006881256298],[-51.44440133804603,-30.50415973763423],[-51.44723401321459,-30.50958961276469],[-51.45141786554399,-30.50446967638131],[-51.45737350064618,-30.51039862911711],[-51.46054636230586,-30.50561932416667],[-51.4753446003017,-30.50523316130262],[-51.48134491813128,-30.50040541407049],[-51.4507550873664,-30.49616669346779],[-51.45922660780172,-30.49063291760001],[-51.44335446558784,-30.48189441516416],[-51.44785830564012,-30.46542943325436],[-51.4381356346306,-30.46944967884866],[-51.43970256887895,-30.4607948547894],[-51.43019176294106,-30.4676008224032],[-51.42301576724726,-30.46712942930913],[-51.41160335991049,-30.48055252630204],[-51.39654393488291,-30.48702827419052],[-51.39371192092353,-30.48278625848403],[-51.38045258064393,-30.48309824284486],[-51.37395346135268,-30.45576812452047],[-51.36177177034833,-30.44529068661707],[-51.35633894847952,-30.43518507376098],[-51.35489949910938,-30.41027357507122],[-51.35892927373968,-30.40598091944743],[-51.38087537151813,-30.40786705498411],[-51.38052168549991,-30.41544982065574],[-51.38323789334312,-30.41788347512972],[-51.41083463700276,-30.42337509264784],[-51.41350632243041,-30.42061759816914],[-51.40590950493113,-30.41114151195641],[-51.40263498589863,-30.3988095859637],[-51.4119874353951,-30.39460134650168],[-51.41823319616288,-30.39620707249805],[-51.41704352183513,-30.39799239028507],[-51.42213088086242,-30.39943408716642],[-51.42119599810353,-30.40786380800399],[-51.4240031396062,-30.40911215954352],[-51.42509471943522,-30.39927854564055],[-51.43159704586453,-30.3969636192563],[-51.41771757209793,-30.38070831501044],[-51.38467729242235,-30.36937580902715],[-51.37969452565469,-30.36033882397347],[-51.38186883651451,-30.35077309042124],[-51.3724469734893,-30.34703620185834],[-51.36021192530129,-30.34844543094829],[-51.33842128736264,-30.33744962016472],[-51.33787897098706,-30.31451534206443],[-51.34946369859398,-30.30884989105008],[-51.39479441861255,-30.3084989594351],[-51.39913122720147,-30.31012883646319],[-51.40193231334291,-30.31944859284576],[-51.40872506321524,-30.32592131702073],[-51.41734382162153,-30.32736686886481],[-51.42126487744091,-30.32408980636004],[-51.41409116237849,-30.32206117461529],[-51.41627434412404,-30.31956291600883],[-51.41346719326631,-30.31222741194524],[-51.40457637247093,-30.30270513730252],[-51.39298610967035,-30.30021845571622],[-51.39901225652273,-30.29287543546869],[-51.39646313560363,-30.28651405496998],[-51.3935190241563,-30.28803041106208],[-51.39149730441641,-30.27589504188592],[-51.40053896256366,-30.2789285447877],[-51.40129262437194,-30.27459431202601],[-51.38486276595843,-30.26405121225348],[-51.385160622902,-30.24719741275533],[-51.38150906375246,-30.24582342040882],[-51.38299720149356,-30.23731804889319],[-51.369328085195,-30.24291136985043],[-51.36247742441535,-30.2408234500122],[-51.3701712077613,-30.23218474984186],[-51.35733312392691,-30.22264401892649],[-51.35796151714814,-30.21383327115347],[-51.36173538586979,-30.20904852429285],[-51.3359095394379,-30.20991304210417],[-51.3329695425811,-30.20723817814949],[-51.33898495186267,-30.20199862926717],[-51.34130425059995,-30.1894918015813],[-51.3489898163452,-30.19008797110964],[-51.3636935475778,-30.18185374535883],[-51.35375752351858,-30.16056789135164],[-51.3484753461881,-30.16495996856866],[-51.33755878161695,-30.16103388376468],[-51.33541711697299,-30.16884496624002],[-51.32422217843741,-30.1708593459503],[-51.32055224633776,-30.14845165820593],[-51.31089184585,-30.13637402219127],[-51.30591455067397,-30.1357956525594],[-51.30563085888542,-30.13235107276672],[-51.31330541976676,-30.12999511538224],[-51.31437011705066,-30.12682470576777],[-51.31077764093064,-30.09947808306517],[-51.32040958095407,-30.09870561020867],[-51.33175182148076,-30.1087249067707],[-51.33375899168089,-30.11686759770586],[-51.34861565812873,-30.12012504651604],[-51.35899055106943,-30.11269936851188],[-51.35954195825901,-30.10903124870276],[-51.36631484400161,-30.10946404851446],[-51.36052571037865,-30.10101398759532],[-51.36052630103099,-30.09539436172813],[-51.36473699892564,-30.09398970793409],[-51.36738825168755,-30.09617454657583],[-51.36629597738282,-30.10397888344711],[-51.37019594596746,-30.10647655387962],[-51.38080144787327,-30.10725667117286],[-51.38703906947744,-30.10195013305925],[-51.38626016440016,-30.10944179561603],[-51.39071751067716,-30.10795542417173],[-51.39592896998221,-30.12036759806853],[-51.40435117534737,-30.11771517564683],[-51.39998478154124,-30.10678830959576],[-51.40933497324661,-30.10429678227078],[-51.40498129806829,-30.0988537569597],[-51.41385756313138,-30.09961480298928],[-51.42161631694509,-30.11285096849327],[-51.42988221952258,-30.11253907718545],[-51.42598325600557,-30.12362049234099],[-51.43627667747203,-30.12564981385796],[-51.43237728276724,-30.12861586590586],[-51.43456094164894,-30.13610811354475],[-51.44454279802179,-30.13376665365179],[-51.46029465763586,-30.13829259973995],[-51.46372667528397,-30.13704448289968],[-51.46247894917675,-30.13485878984148],[-51.44816173905384,-30.13055898993079],[-51.43394773266857,-30.11810339618765],[-51.44391900214323,-30.11503594382259],[-51.44625829241436,-30.11815845525031],[-51.45078186949071,-30.11425605566732],[-51.44672678912607,-30.11138788714411],[-51.44906591344478,-30.10723178954949],[-51.44493505304305,-30.10138734351527],[-51.45341083850085,-30.09433460803692],[-51.45647143140022,-30.09929822031602],[-51.46052627280802,-30.09867317893741],[-51.46582941350646,-30.10429303421548],[-51.47362689765291,-30.10632210149452],[-51.49662914823413,-30.12354057223453],[-51.49362966017378,-30.11594037826046],[-51.47518646727975,-30.09976640926941],[-51.46456216521435,-30.0962856003608],[-51.46271009765806,-30.09008921734675],[-51.44367478956667,-30.08514311149224],[-51.42868354459456,-30.07144750428867],[-51.39398590686483,-30.05901202349341],[-51.39133259850334,-30.05443844212469],[-51.3960093259673,-30.0523877408754],[-51.40481202108703,-30.05668881927965],[-51.42853778776839,-30.05788623313459],[-51.43962040059574,-30.06219763937198],[-51.45474840573738,-30.05860840771454],[-51.46051872274897,-30.06219830804538],[-51.45880350189785,-30.06500790184343],[-51.46302742215959,-30.06822406846225],[-51.4712797895813,-30.06781733825903],[-51.48453697306996,-30.07328017722077],[-51.48828011623912,-30.0696902027389],[-51.49556853925147,-30.07316129135635],[-51.4968163317255,-30.07690764754072],[-51.50211875008677,-30.0755028866976],[-51.50036374298315,-30.07172797991159],[-51.50976073513687,-30.0720688700579],[-51.50090696642517,-30.06178254775012],[-51.50476995840469,-30.05521218418729],[-51.50129074825524,-30.04466462107962],[-51.5052376614385,-30.04132028321927],[-51.51155757466582,-30.04659650618133],[-51.50976070953481,-30.04850065338528],[-51.51444011639054,-30.05396285178023],[-51.5178709473539,-30.0539633194607],[-51.5197428649763,-30.04834403924336],[-51.50866891518731,-30.04210010409771],[-51.52052230089316,-30.03741762312202],[-51.52005478236207,-30.03320392781955],[-51.50882533874307,-30.03351588863038],[-51.4996235833867,-30.02383867477034],[-51.49977950500325,-30.00307932482659],[-51.50367739355857,-29.99013343564105],[-51.51859845423927,-29.98793684464509],[-51.54521481973316,-29.99888439381472],[-51.54550963901967,-29.99512368805406],[-51.5497945942085,-29.9950034806111],[-51.55870350909569,-30.00318527862507],[-51.57573432630625,-29.9851605065257],[-51.57360979997741,-29.95544189147374],[-51.58378383652575,-29.94739650454427],[-51.58321106849442,-29.9446548682632],[-51.56643901998619,-29.94330357518926],[-51.5319226356652,-29.9318063596503],[-51.50370778361609,-29.93259791717106],[-51.47356048505736,-29.97673764367717],[-51.44573601715391,-29.9948264223991],[-51.42620780234208,-29.99678874831299],[-51.39091573908599,-29.99141669182006],[-51.36203090849859,-29.99634804552799],[-51.32758952421332,-29.9875838119088],[-51.30834399316966,-30.00435757943032],[-51.29179771910662,-29.9978393502824],[-51.28377528386103,-30.01513772751796],[-51.28101757152839,-30.01614053132398],[-51.27600354892146,-30.00912090069305],[-51.26798111357381,-30.01313211839376],[-51.25413562057845,-30.0427578719022],[-51.23658715795617,-30.0434376202785],[-51.23048962587649,-30.04742481794517],[-51.22891355305769,-30.0548013099088],[-51.23190200312404,-30.06379045997462],[-51.24012402390355,-30.06332812336546],[-51.2428605952494,-30.073389402813],[-51.24962011695023,-30.07934301629021],[-51.25044409136456,-30.09424511560008],[-51.26164990270824,-30.09590356288025],[-51.26737255908557,-30.10454809385367],[-51.26081933578416,-30.10640746875084],[-51.25887744100808,-30.11016161968561],[-51.26254345650639,-30.11980541858224],[-51.26089184536987,-30.12287280144234],[-51.2462666013149,-30.1255754376987],[-51.24508618159998,-30.13172875792725],[-51.2354829105115,-30.13424731300308],[-51.22589184521219,-30.14459399255531],[-51.22563842780615,-30.15390258633283],[-51.22874511713895,-30.16125488145995],[-51.23315673827369,-30.16294799644507],[-51.22718627969105,-30.1681105938499],[-51.22712768600682,-30.17663744959561],[-51.23287255815503,-30.18237744004433],[-51.2438608394827,-30.18197753714958],[-51.24886694300667,-30.18639745914523],[-51.24010180614525,-30.19039233257122],[-51.22256494099841,-30.18787866069813],[-51.20235302766186,-30.19163256651376],[-51.19480908192802,-30.199268553444],[-51.19621557622006,-30.2076643052679],[-51.20013745070884,-30.20964306496352],[-51.19707104475432,-30.21289745951702],[-51.18784814471073,-30.21137743963417],[-51.17316853847465,-30.21773990529814],[-51.16971119279172,-30.21591815956215],[-51.16816013720368,-30.20767151735962],[-51.16456127117032,-30.20703166149299],[-51.16120194710869,-30.21205785287747],[-51.15884042279398,-30.20706721406793],[-51.15150044291643,-30.21098182122909],[-51.14567886938331,-30.20703809045526],[-51.14939177686394,-30.19726713761304],[-51.14352212126686,-30.1956603641705],[-51.16013518968367,-30.19390095494044],[-51.15722059149553,-30.18389596534989],[-51.17514214438042,-30.17199373509299],[-51.17617690048039,-30.16822982195228],[-51.17308614253358,-30.1655516811074],[-51.1366541836293,-30.16914460738344],[-51.13039378903211,-30.15919963762556],[-51.12443140699003,-30.16058092972964],[-51.13066197046136,-30.16473785522572],[-51.12211490363072,-30.17209225430124],[-51.12271120895475,-30.17703603761236],[-51.12602923613949,-30.18000579943886],[-51.13626153907666,-30.17829601121555],[-51.13426476737538,-30.18700973307559],[-51.12859320224629,-30.18860788154669],[-51.12115863658899,-30.20032966877989],[-51.11603728431427,-30.20211584017295],[-51.10255906277973,-30.19711764591492],[-51.10023670079857,-30.18724887498667],[-51.08362219350764,-30.17645760958726],[-51.07897121816824,-30.16823275914958],[-51.07076136668402,-30.16985442870515],[-51.06057480048199,-30.16631045804633],[-51.07341503999513,-30.17525901556797],[-51.07155930823419,-30.17956587544659],[-51.09128986020786,-30.19428360478017],[-51.09280763852703,-30.20115901109342],[-51.09975717192328,-30.20595465173766],[-51.0965620456664,-30.21075198417557],[-51.09184945222248,-30.21115140855379],[-51.09208880414744,-30.20587528271504],[-51.08689674733998,-30.20139852080543],[-51.07972365876949,-30.20747484866847],[-51.05478650578041,-30.21490552497969],[-51.03276168419421,-30.21178346006552],[-51.03651895676212,-30.20395002519871],[-51.02693382303089,-30.20810732849171],[-51.02255384423003,-30.20270275116136],[-51.01688276478486,-30.20724377693499],[-51.0231764753174,-30.21080660371313],[-51.02509294243529,-30.21904003354699],[-51.02942407183298,-30.2155446605983],[-51.03763491448075,-30.2248760574238],[-51.03901046509862,-30.23246803097642],[-51.0322696513059,-30.23408513406868],[-51.03294729293232,-30.23656182277225],[-51.03742964425302,-30.23916545882172],[-51.04126003397622,-30.23612680121263],[-51.04891936146518,-30.23788873619151],[-51.05008326980271,-30.24451513950267],[-51.04263916595364,-30.25051262724024],[-51.04927710060272,-30.26270183667827],[-51.06445396408818,-30.26797815031356],[-51.06835327119057,-30.26634741061834],[-51.06939282203464,-30.27112255657408],[-51.06485327163678,-30.27565258657147],[-51.05969580037787,-30.27596410948012],[-51.05185693380436,-30.2683625474426],[-51.03183153805231,-30.26310546820893],[-51.0262398495011,-30.25551127124838],[-51.01436144430059,-30.25599371592441],[-51.0131633842883,-30.25815188450748],[-51.01915436819979,-30.26118953814991],[-51.01675761578998,-30.26230882976515],[-51.00389738052866,-30.25735271894566],[-50.99455145746153,-30.24799958522778],[-50.99023814800406,-30.25255600650166],[-50.99575022067196,-30.25679243965685],[-50.99684904893857,-30.26725046622706],[-51.00521508952392,-30.27493930723501],[-51.00653428862515,-30.28522433260896],[-50.99189276814054,-30.29212623202636],[-50.99309039563634,-30.29797588184953],[-50.9830267195335,-30.30374670074346],[-50.99229197740628,-30.30483659972866],[-50.99193455408422,-30.31299484537987],[-50.99696943940811,-30.30845615282741],[-51.00006806049244,-30.30912810271777],[-51.00245783102193,-30.31558043752516],[-51.00478613380039,-30.31095708884719],[-51.01149150810179,-30.31246539506105],[-51.01444714680891,-30.31710145950897],[-51.01205016995328,-30.3229374902203],[-51.01444116517609,-30.33301202154012],[-51.01657187431827,-30.32474289523963],[-51.0209959925685,-30.32237776835013],[-51.01935679462739,-30.31379096110416],[-51.02216819015983,-30.3099153721232],[-51.02665020787214,-30.32191913300306],[-51.02430180524677,-30.326489283034],[-51.0282952085795,-30.32816448728504],[-51.02624722112641,-30.33586983655768],[-51.02832433208028,-30.34122580820328],[-51.03604809523606,-30.33587743943319],[-51.03962255908998,-30.34212743965952],[-51.04465185553168,-30.34137743964324],[-51.05001196286129,-30.34414868007919],[-51.05162255829495,-30.34912743971656],[-51.05439282218556,-30.34862743962662],[-51.05812255900629,-30.35425854361124],[-51.05104996000799,-30.35689715498746],[-51.04397580445326,-30.35303028242263],[-51.04149992784026,-30.35542774466857],[-51.04612060505222,-30.3632182603206],[-51.03774545690496,-30.3629298425324],[-51.03510982317302,-30.36812623381647],[-51.04110056918923,-30.37276282734944],[-51.04780395518891,-30.37272094582332],[-51.04538842766843,-30.37815258640664],[-51.04828588853296,-30.38167529114785],[-51.05988330045404,-30.38509667831481],[-51.05308837872735,-30.39212255695216],[-51.04161254933075,-30.38936718541457],[-51.02783475451722,-30.3693686082234],[-51.02360187533808,-30.380999788788],[-51.01888993934615,-30.38211839918687],[-51.0186179200177,-30.37755224401637],[-51.01130053734749,-30.3753608386488],[-51.00872436738673,-30.36895408525608],[-51.01233673357402,-30.36189358742304],[-50.9977039079647,-30.35272548824189],[-50.99694774424549,-30.34513860533413],[-50.97468958978276,-30.32779043413246],[-50.96999205875878,-30.32807111518065],[-50.96523595025081,-30.32139596994077],[-50.93655094205598,-30.31043071718209],[-50.93856966702985,-30.3033019350827],[-50.93137641105521,-30.29543432609289],[-50.91928489303937,-30.29047771112347],[-50.92659280115262,-30.2892792833698],[-50.90304007687021,-30.27662774504111],[-50.89760704241042,-30.26570911143476],[-50.86121623779562,-30.24195192049251],[-50.86122394142296,-30.2359588815372],[-50.87028610463328,-30.2363223270919],[-50.8682007569728,-30.23317126457916],[-50.88565729465115,-30.21637680606107],[-50.88752528481695,-30.20794489142711],[-50.88328358924766,-30.20224436557515],[-50.89175452790786,-30.19969271443227],[-50.89766309448349,-30.19324051073609],[-50.89599935894484,-30.18874867541017],[-50.86251839907717,-30.18211467750627],[-50.84288741141766,-30.1898194721913],[-50.84013788037886,-30.19009971213522],[-50.83954183560775,-30.18316663195409],[-50.83003750160593,-30.18564462333405],[-50.80289086173281,-30.15310643355291],[-50.7759405729724,-30.12806913254951],[-50.76330082933314,-30.12338544189175],[-50.75730473225008,-30.11704947552529],[-50.75874542629286,-30.10507606386491],[-50.75522480931231,-30.10169187113902],[-50.74152923823193,-30.10702667497655],[-50.72587460573396,-30.1063876829808],[-50.71232973974148,-30.09436562834381],[-50.69443908776463,-30.08533299419961],[-50.6758475887026,-30.08101826964918],[-50.67366210261034,-30.08336975842692],[-50.66039782184664,-30.07077306179262],[-50.6438652395554,-30.06742026358503],[-50.64394493014911,-30.06142502231507],[-50.60896219736987,-30.03832456258868],[-50.58525679224261,-30.01444690551328],[-50.5767683715209,-30.0125113463392],[-50.56839805415122,-29.99903843042652],[-50.53879823521824,-29.97670518560677],[-50.51769898602973,-29.9561956574125],[-50.50528184041498,-29.94918028283167],[-50.50353070162246,-29.95224331437846],[-50.48077641139403,-29.95305139742242],[-50.47774903611923,-29.94904374708411],[-50.47220628944229,-29.94967285184642],[-50.46002680590452,-29.9383275394899],[-50.45200910102435,-29.9226563679991],[-50.45486815700796,-29.91550425228594],[-50.47101980577233,-29.91378739384388],[-50.48187939022382,-29.91754026213398],[-50.50255696852591,-29.93253887380544],[-50.51900586385902,-29.93119069579441],[-50.53159228396554,-29.94118427383135],[-50.5426495685261,-29.94307333399056],[-50.55198287904264,-29.9394090356995],[-50.54895860898774,-29.9459461678294],[-50.56025086400311,-29.94973668437333],[-50.56647048074944,-29.94482365147667],[-50.57144625868414,-29.94958096552574],[-50.57175458962249,-29.94638681842157],[-50.57522656591538,-29.94611965570709],[-50.5860515239175,-29.95538760872961],[-50.59477090482261,-29.94816310476181],[-50.60046496565124,-29.96464228883717],[-50.60377515612963,-29.96686131265207],[-50.61465693652865,-29.96792586401477],[-50.61582256444967,-29.96557425657494],[-50.61554148304198,-29.96839932231198],[-50.62435739509878,-29.97311662751729],[-50.62487607289103,-29.96602039251422],[-50.63217307409445,-29.96928125113687],[-50.63504098906473,-29.9754899047081],[-50.64728755845684,-29.97652844631887],[-50.65038746882853,-29.97938327670576],[-50.64918815043448,-29.98892562042947],[-50.6548768896637,-29.99488651301411],[-50.67502108369224,-29.99736364900112],[-50.68491777899698,-29.99265905140122],[-50.69497622068026,-29.9956152756664],[-50.69523751132883,-29.99223421126198],[-50.68600823060771,-29.98839120852144],[-50.68769342593852,-29.98083061811056],[-50.67812389217421,-29.98158184989392],[-50.68101534999879,-29.97639904477329],[-50.68782736250053,-29.97457323660802],[-50.71579450490182,-29.98719533491487],[-50.71532858268656,-30.00885405378466],[-50.72371365156646,-30.01601459248237],[-50.73969986102365,-30.01694078191326],[-50.74438969149604,-30.02659303206561],[-50.75278224771603,-30.03196755988691],[-50.75828825941948,-30.04465651904255],[-50.777076299482,-30.04961545650471],[-50.78641540733673,-30.04983142135381],[-50.79040884706893,-30.04695393088911],[-50.79235731942135,-30.05554447745126],[-50.80447228291388,-30.05273331167655],[-50.82839622809944,-30.06954712400889],[-50.83554217546276,-30.07799235780047],[-50.84408887406651,-30.08031068024314],[-50.83857716335341,-30.0831883754593],[-50.85402409144636,-30.09438628761891],[-50.8511973255381,-30.09885557599729],[-50.84041409576164,-30.10277230271586],[-50.81475667310343,-30.10369028839492],[-50.81469407777993,-30.10588401211423],[-50.83465715791159,-30.11044981072646],[-50.84520669219321,-30.10572951411714],[-50.86393330926875,-30.10872109452807],[-50.86538812861028,-30.11672821133236],[-50.86096711151828,-30.12000355775524],[-50.87011570375931,-30.12191479742703],[-50.87093289502129,-30.12627518299938],[-50.85811354009014,-30.12836790399923],[-50.85577352653313,-30.13238128917934],[-50.87672540945849,-30.13166243337853],[-50.88525950276807,-30.1389236631437],[-50.89034676560809,-30.13785496398505],[-50.89334853890401,-30.12820191497373],[-50.90008037931921,-30.12642962089092],[-50.92177011928732,-30.10457779269224],[-50.93051853168755,-30.10260007460746],[-50.94009078486596,-30.10483564327602],[-50.94814952855054,-30.11077906051153],[-50.95650255559377,-30.11825566351457],[-50.96160592985969,-30.12997058598438],[-50.96203096683081,-30.12009710883219],[-50.95130402038588,-30.10281981311094],[-50.9564035528884,-30.10250366915209],[-50.95659868555045,-30.09239903087782],[-50.97033728509848,-30.09239929659408],[-50.96538526671043,-30.08680355467953],[-50.96634355156124,-30.08392590754464],[-50.97624815862913,-30.08424570127316],[-50.98467637491247,-30.09256239945751],[-50.98870885456794,-30.10790714353213],[-50.99046564754994,-30.1055093450996],[-50.9917435017527,-30.09303849937909],[-50.98865343631307,-30.08392619554106],[-50.98278832658184,-30.07996968251673],[-50.98270819265758,-30.07373535023795],[-50.97575928864157,-30.07405468359593],[-50.97574018178206,-30.06817341182212],[-50.95850988078788,-30.06325829245593],[-50.93739067922093,-30.06536906421216],[-50.92880608142495,-30.0546584655414],[-50.92537209872454,-30.03855787982786],[-50.92944312383008,-29.99218012626876],[-50.89480572806812,-29.99347454393309],[-50.88269279737302,-29.98491766439781],[-50.87471281583164,-29.98463193885113],[-50.87271788794541,-29.97607512225387],[-50.86405903026176,-29.97555262978251],[-50.85876982466252,-29.97097409331995],[-50.84967099506628,-29.95231508194005],[-50.84164589714007,-29.95005661691367],[-50.8409164568871,-29.93642930176055],[-50.82334509597636,-29.94839361217992],[-50.80820913763634,-29.94355734399894],[-50.8110333049438,-29.94973942626319],[-50.80501113847485,-29.95012619820747],[-50.80529464474267,-29.94742487699284],[-50.79863401078438,-29.95006345837824],[-50.79477615827253,-29.95618821152863],[-50.80055850212999,-29.95648524048756],[-50.80328893758831,-29.96175317986284],[-50.7981350690805,-29.96680849481235],[-50.79083436732952,-29.96124314246153],[-50.77446964505763,-29.96294368312845],[-50.77564346276107,-29.95842631311056],[-50.77876421580893,-29.95854053002735],[-50.77792099429202,-29.95525121080542],[-50.77230008547639,-29.94979097792745],[-50.76758147768658,-29.95012182355824],[-50.77154454253773,-29.94125333462328],[-50.76418419583403,-29.93722728114845],[-50.75964221752773,-29.94396617127855],[-50.75059728757543,-29.94714592515832],[-50.75224132162322,-29.94918951463514],[-50.74502913824277,-29.94980269583174],[-50.74204576784724,-29.93719136514803],[-50.74476032670086,-29.93896200613524],[-50.74592523892787,-29.93197707046282],[-50.73849234020734,-29.9115205717368],[-50.74243740951716,-29.90453723107327],[-50.75211639288322,-29.90349072403332],[-50.75560631189806,-29.89557803580079],[-50.73621448316877,-29.89457957330518],[-50.73056050331191,-29.90019424125044],[-50.72552135785526,-29.89788181469882],[-50.72361183806748,-29.89084435144856],[-50.7350640517276,-29.88050836457979],[-50.73341602629088,-29.87556149533211],[-50.7219028765976,-29.88270335574517],[-50.72232462748077,-29.88585577385741],[-50.71076101685964,-29.89554375325449],[-50.70868489716483,-29.90157553565126],[-50.69524784121565,-29.90116218516421],[-50.69416251939499,-29.88866956632467],[-50.70412736971448,-29.88589489281603],[-50.7237941247006,-29.85995592916256],[-50.71073008884007,-29.86363134320315],[-50.70604027773017,-29.86043505751773],[-50.69569388520556,-29.8675866493294],[-50.69583388272428,-29.87089289116156],[-50.68719625784198,-29.86630138096386],[-50.68764850393547,-29.86392244150884],[-50.69273735072424,-29.86601478839622],[-50.6970727098232,-29.86042014413876],[-50.69723467997365,-29.85596015266819],[-50.6938565293728,-29.85348280207535],[-50.70303127382092,-29.83977982914216],[-50.70222814657382,-29.83285511556676],[-50.70635625302418,-29.82860615779352],[-50.70660452492768,-29.82290296707653],[-50.69835403524119,-29.82706691877495],[-50.69107203642669,-29.83726295837663],[-50.69341381154516,-29.84046951912929],[-50.6836528583322,-29.84121624493574],[-50.67413548692438,-29.86264848007881],[-50.65505227318663,-29.86739959558322],[-50.65235384755436,-29.8714291027646],[-50.64735285513983,-29.86997603093605],[-50.65100426216455,-29.86581134242914],[-50.64786269966191,-29.86358859108947],[-50.64195599448167,-29.86787377746986],[-50.64031195521177,-29.8631331777531],[-50.63616797256933,-29.86335875814503],[-50.63414408939373,-29.85968428574038],[-50.62546989815316,-29.86114783413306],[-50.62807710382587,-29.85406876446658],[-50.631089322024,-29.85515061502538],[-50.62910849203468,-29.84697311538957],[-50.61733545163982,-29.8525625814278],[-50.60403661227889,-29.84745786871394],[-50.60472917263648,-29.84946778327641],[-50.60058506453067,-29.84825399865779],[-50.59586602353411,-29.85335224386517],[-50.60014136798574,-29.85537969952696],[-50.59734921784325,-29.86403766626232],[-50.60195712823254,-29.8696075989161],[-50.59889268215326,-29.87478059247234],[-50.58313904319647,-29.87355454400063],[-50.58911163406194,-29.87012068724918],[-50.58705533102175,-29.86614596571485],[-50.58106695699198,-29.8661251351155],[-50.58210685825846,-29.86046816162685],[-50.58649077711973,-29.86473700455699],[-50.58108261768449,-29.85635013861206],[-50.57355591191351,-29.86408447048749],[-50.57056186637718,-29.87703978150001],[-50.56129784967902,-29.88131694772951],[-50.55680946101079,-29.87893246831397],[-50.56286287488372,-29.86624630009876],[-50.56263851488605,-29.86021461590816],[-50.54213857884135,-29.84479280214864],[-50.54276478482565,-29.83976333742491],[-50.55388595726983,-29.82640251096889]]],[[[-50.13747757016204,-29.72121346694979],[-50.14172674550545,-29.71397960817832],[-50.16605157113246,-29.71498332803639],[-50.17140431106175,-29.70963139449247],[-50.17327896798859,-29.69891994896732],[-50.1861263545892,-29.69214038133917],[-50.19909735328172,-29.69071185957675],[-50.20241477074276,-29.6929849634934],[-50.19769268366527,-29.70665468824938],[-50.20092999613112,-29.72450991882079],[-50.17840134322407,-29.73748317018634],[-50.17060762651607,-29.75838125095564],[-50.17791308370811,-29.78273215558517],[-50.18303633816355,-29.78307539274099],[-50.18916707614123,-29.77605144722742],[-50.17782940439459,-29.78536766213226],[-50.17305322281606,-29.79482482737027],[-50.15430107508576,-29.79485434264203],[-50.16305761877737,-29.77644083722516],[-50.17198151845348,-29.77386409248554],[-50.16774468694612,-29.76330292172572],[-50.16786319098816,-29.74906304586023],[-50.16323929392752,-29.74418223403295],[-50.149973633549,-29.74906182964969],[-50.14404394488722,-29.74556115595119],[-50.13584374079552,-29.7485688289847],[-50.13205564067907,-29.73186091317741],[-50.13747757016204,-29.72121346694979]]],[[[-50.24708940831253,-29.81875225124181],[-50.24347024102514,-29.8142415095969],[-50.23701019641736,-29.81579520032984],[-50.23424096631153,-29.80232592592864],[-50.21612426715145,-29.79863403139207],[-50.20977197304174,-29.7931940900483],[-50.21406860374969,-29.78831823604121],[-50.22487011700076,-29.78926623406564],[-50.22339721649683,-29.78463537430564],[-50.21596875005292,-29.77969653160104],[-50.20512255819711,-29.7811499011492],[-50.2038798831968,-29.77740698120092],[-50.2133701172175,-29.77193871869976],[-50.21301797958498,-29.76405561143569],[-50.21914082974199,-29.75807967286139],[-50.22734160602155,-29.76391322560685],[-50.22325500918304,-29.77283630962605],[-50.23522024247001,-29.78430576549134],[-50.23185690688952,-29.79466178977346],[-50.24708940831253,-29.81875225124181]]]]}},{"type":"Feature","properties":{"name":"Mata Atl\u00e2ntica, Costeiro-Marinho","area":8.092896179457398},"geometry":{"type":"MultiPolygon","coordinates":[[[[-49.69815750880437,-29.34032670822956],[-49.70975398238198,-29.34044883702132],[-49.70975379282623,-29.35186240533359],[-49.69815731159967,-29.35186234932189],[-49.69815750880437,-29.34032670822956]]],[[[-53.0318343729632,-27.1594721868746],[-53.04119838153567,-27.15292458713203],[-53.0447773585791,-27.13392583027298],[-53.03827444155806,-27.12091720479014],[-53.02033105277112,-27.10455043966877],[-53.0171837345712,-27.09524924341917],[-53.02141746783511,-27.08649755613596],[-53.03209513573601,-27.08230201933878],[-53.0482135041163,-27.0836503932926],[-53.05904226873638,-27.08824536462713],[-53.07670000452615,-27.10784464691365],[-53.07904528676713,-27.11847355066782],[-53.07176978286208,-27.13454894483226],[-53.06971804918308,-27.15155428322974],[-53.07747875499687,-27.16311583667324],[-53.10741973113954,-27.17028613538978],[-53.13218309765666,-27.18022869985038],[-53.1403447045894,-27.17441937914742],[-53.15028470959745,-27.14378231233492],[-53.15459286239571,-27.14061687220251],[-53.16239891583013,-27.14069762090665],[-53.17236217580694,-27.14802092826357],[-53.17663085231015,-27.17792032015645],[-53.18467357397348,-27.19090950339689],[-53.19721636051215,-27.1926527224795],[-53.23208570322182,-27.17111165889205],[-53.24165919627558,-27.17163567765945],[-53.26247289406324,-27.18474193026764],[-53.29306698266981,-27.1969193430846],[-53.30784924238205,-27.21654171414542],[-53.3132010221334,-27.21908967324575],[-53.32202421033157,-27.21336873926205],[-53.32072702654904,-27.19823827789702],[-53.30901725833902,-27.18161096247988],[-53.29598289946351,-27.15153754846932],[-53.29425221479695,-27.13555297051532],[-53.31224080886785,-27.11968799457377],[-53.34814078855362,-27.1200225303796],[-53.36498235812829,-27.09434788379754],[-53.37063944123332,-27.09110310428822],[-53.37761778691983,-27.0919807719036],[-53.38713297330825,-27.10064701705006],[-53.39435621495845,-27.11056058831522],[-53.40119859666402,-27.12950119402452],[-53.41169851850077,-27.14138419214244],[-53.43396681342977,-27.14694041767746],[-53.45255551182878,-27.15613506398975],[-53.46416628645185,-27.15504041900377],[-53.47633931540388,-27.13890833857148],[-53.48445472967202,-27.13393566960081],[-53.4928228818639,-27.13237823116594],[-53.50436421049969,-27.13564148161349],[-53.50825624351215,-27.14576544315985],[-53.50514961459217,-27.16145008010909],[-53.48890073129336,-27.18350420481546],[-53.48833303688163,-27.1954471284771],[-53.49308063191341,-27.20347846656164],[-53.51824902372348,-27.20217781478691],[-53.53074060152175,-27.19454664260789],[-53.54819363974823,-27.17606160350346],[-53.56173115456016,-27.17241484367784],[-53.59144179257932,-27.1874726971369],[-53.61823194001256,-27.18733644114596],[-53.63072581073595,-27.21337862018177],[-53.64211488627971,-27.21980511981994],[-53.65081923382468,-27.2155073785414],[-53.64791912099916,-27.19130848355576],[-53.65012579440307,-27.17882211125015],[-53.66937294875458,-27.16155665911458],[-53.68621906568455,-27.1636014635126],[-53.72738640311165,-27.18777134381208],[-53.74514496380029,-27.19250287483053],[-53.75105792671741,-27.18902310687255],[-53.7620333137052,-27.15712367396788],[-53.77032644054207,-27.14866762082604],[-53.77786559052154,-27.14814577548738],[-53.80900336251361,-27.17275975351549],[-53.81965485599412,-27.17565358429793],[-53.84159652906649,-27.16561146679744],[-53.86431723686184,-27.12624754838429],[-53.87515211949773,-27.12587842955736],[-53.88175677343729,-27.12970878848829],[-53.88827864126101,-27.1544912455001],[-53.89774691449647,-27.17033112421552],[-53.90503946050486,-27.17543805516657],[-53.91689848252016,-27.17475236852062],[-53.93357998938495,-27.1558629702398],[-53.94658453214834,-27.15125927980863],[-53.95309968449576,-27.152939447802],[-53.96071067107091,-27.16510977367074],[-53.95520272238893,-27.17848108811489],[-53.9601655996643,-27.19533628967479],[-53.96774425364569,-27.19890307997073],[-53.9921296541708,-27.19593799932324],[-54.00801728671264,-27.19839464278921],[-54.01498040647922,-27.20811040797399],[-54.01590906258275,-27.23300738814874],[-54.02438974566419,-27.2516543090123],[-54.05640133504989,-27.26507657791537],[-54.07227808570416,-27.29095445823565],[-54.08235989386414,-27.29894404831208],[-54.10104693514092,-27.3032629569842],[-54.15489505223065,-27.2968585199746],[-54.15994279932129,-27.29153682893309],[-54.1553659722183,-27.27243004001964],[-54.16208938289456,-27.25609121748571],[-54.17418862413305,-27.254911066026],[-54.18655739665493,-27.26490931534662],[-54.19419769539543,-27.29232621403228],[-54.19333962814642,-27.30846019850903],[-54.2119742585374,-27.3456101985889],[-54.21443616605243,-27.38157810830899],[-54.22795639814233,-27.39208156985029],[-54.25357793984934,-27.39445062232185],[-54.26397379586025,-27.39933334889838],[-54.27066132643873,-27.41873425000377],[-54.26829310135732,-27.43626361280087],[-54.2829592602175,-27.44777823199928],[-54.29422481578803,-27.4459100969208],[-54.3106418225338,-27.42196231921704],[-54.33348003132235,-27.40351142949893],[-54.33890494370681,-27.40322079111384],[-54.34154200066578,-27.40435169639699],[-54.34283204182547,-27.41280713814607],[-54.33506606265304,-27.45129462901117],[-54.34038964849432,-27.46335601205734],[-54.35155063845182,-27.46704841115085],[-54.3697684600474,-27.45258285793136],[-54.3923381771823,-27.41810521465876],[-54.41140427870589,-27.40528599150865],[-54.43911988411122,-27.42474864599011],[-54.45664593068356,-27.42215965400926],[-54.46992506247064,-27.42583675010365],[-54.4720566033866,-27.43445949986132],[-54.46992448946233,-27.43802815379647],[-54.44399114335138,-27.45996166258649],[-54.44263268536143,-27.46492185379989],[-54.44579561044781,-27.47213725164487],[-54.46306733155289,-27.47971023320714],[-54.50619777217995,-27.48234908780339],[-54.52492354993118,-27.50617157653561],[-54.53441675417859,-27.50566179525179],[-54.53712709918242,-27.50281325203849],[-54.54246684356777,-27.48667122073403],[-54.56136696512257,-27.4624988582293],[-54.57335122801434,-27.45361009852801],[-54.58097101958597,-27.45325740923896],[-54.58939427392714,-27.45818447518234],[-54.59495002772938,-27.4873672403622],[-54.60954050688113,-27.51042047799055],[-54.61579206222885,-27.53224096021242],[-54.62689746247312,-27.54402223879961],[-54.64240188865666,-27.54480287737397],[-54.64802510464241,-27.54023437008886],[-54.66007884862189,-27.50859815452323],[-54.67547571436541,-27.50578126737202],[-54.67943237762976,-27.51285083201448],[-54.68011597658721,-27.52664102436923],[-54.67166483629943,-27.56641670823482],[-54.68085625646248,-27.57450141002761],[-54.73852618303852,-27.56093903054294],[-54.74486070954399,-27.56264135118284],[-54.75872508246094,-27.58150346292932],[-54.76630857059292,-27.58486046287138],[-54.77812739330932,-27.58371664886574],[-54.7845525915198,-27.57869433355991],[-54.78771886309434,-27.57017807768194],[-54.79518662390498,-27.53498285017193],[-54.80978712153336,-27.53004742324445],[-54.81714415552344,-27.53555958906603],[-54.8265534771427,-27.554025650922],[-54.83970750029681,-27.60522831679418],[-54.84772220175925,-27.62131306141048],[-54.8607649684926,-27.62944067036137],[-54.88850515486095,-27.62661209720608],[-54.89524875095123,-27.62922143583753],[-54.90659557679473,-27.6418764152088],[-54.90248673495937,-27.7155686263464],[-54.90663861200122,-27.72978694007385],[-54.92145685761604,-27.74556772223835],[-54.937407400689,-27.77045222394579],[-54.94942417738392,-27.77928455027],[-54.96094936617283,-27.77847995785942],[-54.97766215628469,-27.77086004593264],[-54.98876623401487,-27.77224366443351],[-54.99304244659006,-27.77554867296724],[-55.00026617630659,-27.79235657190599],[-55.01420491057591,-27.79702777889466],[-55.02431288736059,-27.79419978550802],[-55.0509131592285,-27.76875510506427],[-55.05791229479573,-27.76808582846144],[-55.08022441257792,-27.77827691280279],[-55.08386899912009,-27.78412844685471],[-55.08271059300536,-27.79685831691521],[-55.02762752401916,-27.83024576546518],[-55.02441435871575,-27.84222763408466],[-55.02983283651756,-27.85461966790545],[-55.03638351799768,-27.8577803295816],[-55.08530926416196,-27.84309574442914],[-55.11383254024832,-27.84899125539369],[-55.12627616423357,-27.85981842499508],[-55.1240060232437,-27.88148635451744],[-55.12820667583978,-27.89388839914379],[-55.1331247315696,-27.89610877349474],[-55.13931235082294,-27.89506543838166],[-55.15343422255933,-27.88261849136619],[-55.17156036000857,-27.86127603759981],[-55.19139370159849,-27.85540824055757],[-55.20268269845597,-27.85785919500922],[-55.23226715005907,-27.88406866488538],[-55.25012188568752,-27.91421363138681],[-55.26646173783,-27.92978954490525],[-55.27527826108586,-27.93311301047278],[-55.30248933111841,-27.92706126678367],[-55.30584086748271,-27.93713168019366],[-55.29845895247777,-27.94428484706441],[-55.28973029600356,-27.93894879197771],[-55.27068342843589,-27.94147076014857],[-55.25905302039408,-27.93657251859091],[-55.24571943463683,-27.93820550100355],[-55.24513652675437,-27.94399437119729],[-55.2544806914109,-27.95613830664973],[-55.25381410518789,-27.95998452390041],[-55.23997941158801,-27.96335899929296],[-55.23022033002231,-27.97964944935082],[-55.21471179384383,-27.97648034986851],[-55.2045558707956,-27.98427648127608],[-55.18078181378758,-27.9939449882134],[-55.17262336576557,-28.00673991689569],[-55.15519318559974,-28.00338953343045],[-55.14164451827613,-28.00549370505712],[-55.13080792933204,-28.01155473659838],[-55.11656247048766,-28.0082396963772],[-55.11145274902938,-28.00259522862703],[-55.10429401829376,-28.00239194965395],[-55.09715045530704,-28.00873660122021],[-55.09817285578836,-28.01862752811001],[-55.08949425620483,-28.02771428653186],[-55.07814027229213,-28.03378122562434],[-55.07396477148277,-28.04044581805641],[-55.0672928744024,-28.04029622293626],[-55.05865578809878,-28.03259056060166],[-55.05110990514035,-28.03753625833111],[-55.03455087553498,-28.03884465230902],[-55.01930339499771,-28.06557536855518],[-55.00757716514364,-28.07186442543544],[-55.00445125893338,-28.07893145511962],[-54.99464797028683,-28.08612254717927],[-54.98297487563284,-28.09084589805867],[-54.98237481262625,-28.09651675428392],[-54.9877238737602,-28.10559377296532],[-54.97574974070073,-28.1201836078459],[-54.97617735372247,-28.12816767034102],[-54.98774696504407,-28.13272932611448],[-54.99813380441004,-28.13008613264233],[-55.01026948048207,-28.1221697794137],[-55.01132334212098,-28.11324941306729],[-55.01733760265618,-28.10695508155463],[-55.01620645983773,-28.09476848320019],[-55.02137607327776,-28.08847153886595],[-55.03557989797591,-28.08487444138901],[-55.03588793339168,-28.07217720359153],[-55.06779774181183,-28.07276462722984],[-55.07921747363481,-28.06521436023154],[-55.08321085889681,-28.0550473013272],[-55.09152555509665,-28.05492487463808],[-55.09819296901074,-28.05030187379016],[-55.11027862027306,-28.05542254741404],[-55.11367825091951,-28.0441768112798],[-55.12615085833258,-28.04771345808128],[-55.13672407469904,-28.03587637584229],[-55.14779038657205,-28.03484831099507],[-55.15082203103435,-28.02813042387613],[-55.16204464065484,-28.0246903163411],[-55.16674755229285,-28.018584275433],[-55.18983770287156,-28.00997975012512],[-55.21769966332425,-28.02098486807102],[-55.22372449824836,-28.02758643728578],[-55.23159192512404,-28.02412810602237],[-55.24770706532409,-28.0232742613018],[-55.25610667320433,-28.0388045479454],[-55.26417459157076,-28.04482888216205],[-55.27376415802375,-28.07056225193714],[-55.28799131703961,-28.08662028952315],[-55.28748107544846,-28.10111484460017],[-55.2832123269496,-28.10881494714305],[-55.27410371860305,-28.11336275651057],[-55.26678044897072,-28.11262684216666],[-55.24087983193743,-28.09857436577831],[-55.23273498069373,-28.1083428004766],[-55.21272557059103,-28.1157410401419],[-55.19417360502635,-28.13444813353408],[-55.17653523471612,-28.13113740788708],[-55.16117847130599,-28.11825348032901],[-55.14531716783726,-28.12170177016996],[-55.14006176719722,-28.13895288282096],[-55.13299062842302,-28.14269187405601],[-55.12394401174867,-28.14276872279302],[-55.12136293611619,-28.14926281489145],[-55.12545020181439,-28.1542528942269],[-55.13397325949466,-28.1504498109956],[-55.13791894001373,-28.15178589786704],[-55.15061828524213,-28.17272342356308],[-55.15606284883732,-28.17642517834863],[-55.1562788742374,-28.18404900522908],[-55.16182281769646,-28.19217670490727],[-55.15162784418661,-28.1989679939202],[-55.15055218780345,-28.20629589930472],[-55.14182877492846,-28.2109866959873],[-55.14399944409022,-28.22104839105622],[-55.13923458810182,-28.22752947437964],[-55.12580526574135,-28.2313800500219],[-55.12020874474243,-28.23848084184463],[-55.11031319346672,-28.23790323151895],[-55.10296283684846,-28.25518301114748],[-55.08467905788359,-28.26261670020219],[-55.08821927572266,-28.2772284130109],[-55.06294640212252,-28.2789573116187],[-55.02945628469549,-28.29673074160398],[-55.0242149744608,-28.30489962737038],[-55.04161413803305,-28.33015433222025],[-55.03154237336319,-28.33384604684876],[-55.02355832891806,-28.3424480305889],[-55.01643977303535,-28.3430083000471],[-55.01064549920756,-28.34987344397273],[-54.98117033272523,-28.33875511304963],[-54.96704426567597,-28.34275027054665],[-54.95740575013757,-28.33642158932946],[-54.94824269103017,-28.33624541505391],[-54.93539447949675,-28.32361017159823],[-54.92698896030655,-28.30204948958047],[-54.92633264316873,-28.29200214558458],[-54.91960425163933,-28.28412675454232],[-54.90458277175122,-28.28182097439624],[-54.89901144690108,-28.28379965279223],[-54.89498695296525,-28.29064233164463],[-54.88509863085999,-28.28738590426113],[-54.87145026737936,-28.29663460347225],[-54.86690092065651,-28.29630024550114],[-54.86415889725359,-28.29273212905856],[-54.86366075486269,-28.27943152400912],[-54.87465740815589,-28.27132602355615],[-54.86632484898286,-28.26054913205511],[-54.87277238132589,-28.24382595361543],[-54.86467319658534,-28.23486329193968],[-54.8559920811003,-28.23685297728741],[-54.84799156481859,-28.24939702365018],[-54.84133077498019,-28.2438365815583],[-54.82642408850571,-28.24572949529681],[-54.80055394182501,-28.23718492602286],[-54.78506526271111,-28.24179832751121],[-54.78188354567387,-28.23874061690992],[-54.78382572157045,-28.23138295641031],[-54.77609476071324,-28.22702199792401],[-54.76933464045761,-28.21790515729293],[-54.76243095763476,-28.21445190000323],[-54.75516932280326,-28.2168552539583],[-54.74786819903443,-28.21474918249152],[-54.73588048781156,-28.21969153788543],[-54.73947125602841,-28.23089697512422],[-54.73735798018068,-28.23430865952782],[-54.71636640669333,-28.23763403100394],[-54.70835530929111,-28.2344250011356],[-54.70146904515567,-28.23759539490255],[-54.69217918327218,-28.23689162301368],[-54.67604950263521,-28.24914847937983],[-54.67345184171233,-28.26400678003018],[-54.66316983294087,-28.27458837245882],[-54.66426364467183,-28.30004680842119],[-54.67719665078002,-28.31210280515025],[-54.66960650316172,-28.31630145353787],[-54.64996259694681,-28.31968097588048],[-54.63591831630234,-28.34238046024149],[-54.63902575568445,-28.38192085750313],[-54.61572356647532,-28.38043252204908],[-54.61358225129044,-28.37723140631458],[-54.61698751971834,-28.37109162030873],[-54.61516429107249,-28.36695373788843],[-54.60366420002544,-28.36552902277522],[-54.59093154647538,-28.3565035372191],[-54.58226455754277,-28.36440109053576],[-54.57669426050447,-28.37535145795635],[-54.56476795321846,-28.36987872087074],[-54.55374474098484,-28.37807634384713],[-54.56366201978891,-28.39612738591828],[-54.55932963452618,-28.40288096564884],[-54.56086906360716,-28.40922732522999],[-54.55626657258508,-28.41494240207207],[-54.56218010105204,-28.42362173377145],[-54.56413022647529,-28.43992888927878],[-54.55437120784105,-28.44520149389103],[-54.55600797090527,-28.45647026056726],[-54.55308208076316,-28.46222875460596],[-54.54848110361515,-28.46146830536662],[-54.53799854781748,-28.45067228084663],[-54.54099999166223,-28.43369863762485],[-54.535438723913,-28.42559565262896],[-54.51798050133124,-28.43549737576554],[-54.51053355846869,-28.45084349077144],[-54.4926925604008,-28.44967772240522],[-54.48994753937443,-28.4468796640131],[-54.49458181187647,-28.41998819243625],[-54.49985389863625,-28.41892191777296],[-54.50920823548719,-28.4239101615637],[-54.51515493207046,-28.42249947701048],[-54.52888864387983,-28.40467124518701],[-54.52462780944894,-28.39250014535262],[-54.51472848083052,-28.39130873621378],[-54.51246496071789,-28.38786133705412],[-54.52167399868145,-28.37493879606828],[-54.53685665721575,-28.36269342732091],[-54.53082605057281,-28.34846555527502],[-54.53337792958592,-28.34209364285624],[-54.52974311451091,-28.33497918415677],[-54.53625822246171,-28.32904899979631],[-54.53191224768953,-28.32254012963141],[-54.51433744458468,-28.32860213483293],[-54.51324119237205,-28.34516236108331],[-54.50573047512079,-28.35107407588663],[-54.51265207998759,-28.37146746905271],[-54.51093226783902,-28.37486535624632],[-54.50103761178643,-28.37326477642447],[-54.49528884225449,-28.377502789908],[-54.48758894471481,-28.37679767637146],[-54.48372913562991,-28.37077901741734],[-54.48314382997377,-28.36035688704975],[-54.48014789880742,-28.35828263236487],[-54.4594141808845,-28.36646992140728],[-54.4603156775268,-28.38979109439894],[-54.464568067401,-28.39721151486833],[-54.45873499773268,-28.4025877950424],[-54.45809341421065,-28.4117220109325],[-54.45087809220308,-28.41205258162118],[-54.44236663776628,-28.40028451508211],[-54.43169734128006,-28.40476693115403],[-54.42169173940254,-28.40213124317976],[-54.41210377162503,-28.38933738803507],[-54.4124220140846,-28.38241027248073],[-54.40554053661467,-28.3770378202003],[-54.40052284937756,-28.37996921378586],[-54.39775060051139,-28.39208688526631],[-54.39350866305129,-28.39621264859706],[-54.39513672165404,-28.40472165089061],[-54.37389922841025,-28.41519224927628],[-54.36504034279019,-28.40952191439337],[-54.36072157145676,-28.39110246464239],[-54.35510690898708,-28.39217312695225],[-54.35106677170235,-28.40183613624513],[-54.33734295940707,-28.39481193992268],[-54.32864751344454,-28.40232010615355],[-54.31655374913855,-28.40168280396995],[-54.3184057242222,-28.42846491107009],[-54.3128057195343,-28.43466462152739],[-54.31563154779887,-28.4420724485095],[-54.3047535003144,-28.44831246239324],[-54.30048582614349,-28.45513358161729],[-54.2902365978223,-28.45297454507773],[-54.27573748222351,-28.4576829546251],[-54.2729737324204,-28.45407567178183],[-54.27646683328457,-28.44409009025466],[-54.26177620232763,-28.44439785150128],[-54.26215811767383,-28.43706177946667],[-54.27187684642795,-28.43485679398879],[-54.27983587471368,-28.41930819705606],[-54.27826624783818,-28.41580767743975],[-54.27064744488471,-28.41324013387333],[-54.2631353815903,-28.41991415044011],[-54.25482955549822,-28.41954166632177],[-54.24333850443928,-28.42409311411872],[-54.22449801591444,-28.42233839940913],[-54.20617508086846,-28.43808257400666],[-54.19532259164265,-28.43674963058222],[-54.18873099997214,-28.44097210357638],[-54.17869263731384,-28.43673858381407],[-54.17376577679413,-28.42458545748637],[-54.15820238548459,-28.42981320056641],[-54.14880502376317,-28.43725171303485],[-54.13851484535566,-28.43937197662146],[-54.13123155820102,-28.43422178414229],[-54.13704194101688,-28.42179271015187],[-54.13477262720637,-28.41736512114745],[-54.12620597962589,-28.41806356485657],[-54.1205715125263,-28.42690388317233],[-54.11251508660684,-28.42566049250314],[-54.10369367378192,-28.41743437337026],[-54.09355764739521,-28.42466706805916],[-54.08780877690705,-28.42002598318856],[-54.07542676155778,-28.41994186492638],[-54.05611692915836,-28.40778831297313],[-54.04481151649608,-28.41424543042979],[-54.04391165725043,-28.42189180341593],[-54.03561863384698,-28.43211593886883],[-54.02526536305498,-28.4282707990214],[-54.0185197713195,-28.43830515699591],[-54.00473817468258,-28.43592299222572],[-53.99752705077367,-28.45053904981682],[-53.98760100192273,-28.45615663788934],[-53.9817623049079,-28.46406726564109],[-53.98080386785549,-28.47492701785296],[-53.97053813081181,-28.48307921041641],[-53.98967399578266,-28.52513520237224],[-53.98802247126606,-28.52963870364399],[-53.97698995533649,-28.53582951962734],[-53.9778868263334,-28.54305665609453],[-53.97328877109283,-28.55036283323069],[-53.97709111885817,-28.55304692663629],[-53.99260793047286,-28.55121989701613],[-53.99330475813576,-28.55722231394198],[-53.98665991511276,-28.56392699993035],[-53.99551353660996,-28.57506621531583],[-53.98707886289785,-28.5802466810049],[-53.98522527338023,-28.58686699677668],[-53.97792234064914,-28.58779457544713],[-53.97586951063877,-28.59138398910297],[-53.99047703398668,-28.60266903097764],[-53.99094576300537,-28.60701419153522],[-53.98467372587842,-28.61550125547377],[-53.97792583026127,-28.61707263107348],[-53.96424926706768,-28.62747828726868],[-53.95663122392074,-28.62753705383283],[-53.94895668246533,-28.6364234468498],[-53.93735720174813,-28.63634150818004],[-53.92438131886568,-28.64539927083675],[-53.91036420416334,-28.64500332808862],[-53.90847942675412,-28.65856525877521],[-53.91324819083086,-28.66504023381384],[-53.91080048060751,-28.66921145053741],[-53.90305807243389,-28.66746731839102],[-53.87587727851439,-28.62352320020593],[-53.85781351059958,-28.62530387794087],[-53.85447594236342,-28.62774424231174],[-53.85409366191679,-28.63524616482174],[-53.84456161433787,-28.63875553299857],[-53.82491860836181,-28.62939128210378],[-53.81845672420471,-28.6335305807852],[-53.82182073251438,-28.64214769045716],[-53.81802602576825,-28.64805642378073],[-53.80533640245196,-28.65330721085805],[-53.80116936953818,-28.65133105634097],[-53.80214073751173,-28.64507268308618],[-53.7984982811497,-28.64163818412018],[-53.78775630454813,-28.64328804986288],[-53.77555446647779,-28.63857927307765],[-53.76457676249372,-28.63892554384913],[-53.75941674199832,-28.64083367727107],[-53.75390101308319,-28.6513826532251],[-53.74560857534949,-28.65692936751899],[-53.74046532230649,-28.66817815027571],[-53.72825801809364,-28.67207898839493],[-53.72122579284231,-28.66760791920474],[-53.71207495574921,-28.67080856840107],[-53.69790359398852,-28.66785712721489],[-53.68338824948622,-28.674744307405],[-53.67841423090437,-28.66993429797622],[-53.66817346316255,-28.66693580918477],[-53.66663189720992,-28.65382492744748],[-53.64573949710754,-28.65683066946612],[-53.63350244482059,-28.64717740744999],[-53.63367912754824,-28.63696232063542],[-53.62866335101899,-28.63115599713205],[-53.63547247127719,-28.62175449788077],[-53.63053739514702,-28.61700896015391],[-53.63111986787443,-28.60921755942513],[-53.62436783220738,-28.6058613298158],[-53.62207265761673,-28.60093783297054],[-53.62522735779377,-28.59687464936998],[-53.64350686884054,-28.59777501898269],[-53.65734325798265,-28.58456458590963],[-53.65720289916841,-28.57679682389712],[-53.64858439259697,-28.56310635161275],[-53.65742647733716,-28.55082451295982],[-53.65648570924434,-28.54687226426239],[-53.64122859028501,-28.54470621521238],[-53.63099189994894,-28.55092143006249],[-53.62386049381724,-28.55092481853446],[-53.61351543770062,-28.56472710910347],[-53.59660912208544,-28.57639425745914],[-53.59083491006007,-28.57142851297482],[-53.59614077296249,-28.56422184450678],[-53.60861082100534,-28.55639750150804],[-53.61096615133152,-28.54643800912575],[-53.60803716788607,-28.54249396992206],[-53.60140103993047,-28.54220996847068],[-53.59232931417601,-28.53642330787356],[-53.57214842594231,-28.53855760209133],[-53.56366940210955,-28.55179489612508],[-53.55199341081439,-28.55699153480612],[-53.54439526147708,-28.55535900738843],[-53.53618997430523,-28.56029291503082],[-53.53279349462919,-28.55805461041729],[-53.53234353305454,-28.55171825705517],[-53.52563719351708,-28.54867787678527],[-53.52416811374605,-28.5412990929461],[-53.51111414650934,-28.53884183928018],[-53.5099787858136,-28.53074400798832],[-53.51424558907112,-28.52651212982551],[-53.53406843758787,-28.53407275805507],[-53.54064922077453,-28.53302758708016],[-53.54352317055725,-28.51150569841784],[-53.53398913296032,-28.50855648603971],[-53.53210334979894,-28.50512180533167],[-53.53458209452262,-28.4965721835028],[-53.54605873816402,-28.49090033839913],[-53.55065335793849,-28.49184766058724],[-53.55909556933729,-28.50418234323697],[-53.57055790527863,-28.50920452862862],[-53.58521755250931,-28.50520229140875],[-53.59085331943756,-28.49955497802838],[-53.62250365912703,-28.50520377542101],[-53.65578757561926,-28.49153006510916],[-53.65808363859286,-28.48406874633288],[-53.66728153193119,-28.48321695764029],[-53.6735451698511,-28.47420181480201],[-53.68781177287838,-28.47648445048102],[-53.70278991724058,-28.47332416198504],[-53.71367901650762,-28.46308512900875],[-53.71542761406967,-28.45691190989353],[-53.71150201747563,-28.45020330393566],[-53.69706475940972,-28.45189227728291],[-53.68895632403073,-28.44695045888573],[-53.67297837984472,-28.4564446180619],[-53.65704501733855,-28.45879595809754],[-53.65355707765781,-28.45627638065156],[-53.65331313904706,-28.44648190178561],[-53.64952397949495,-28.4447445430892],[-53.63221412622764,-28.45599669094288],[-53.61194513669609,-28.43612488694476],[-53.59691198437033,-28.44055024414744],[-53.59738912032545,-28.42083630922934],[-53.58634555755809,-28.41812714406585],[-53.57682970475999,-28.42144904497336],[-53.57681916293942,-28.42818352258108],[-53.56966726477732,-28.43241254994576],[-53.56928093372859,-28.43834548823331],[-53.56299537527891,-28.4468593248129],[-53.55437735211787,-28.44728982439587],[-53.53473225823184,-28.43894100129986],[-53.52565773512912,-28.44543383759763],[-53.51466898361101,-28.43811059803873],[-53.50835525145334,-28.44432401288358],[-53.5017803474907,-28.44391180624323],[-53.48641775111304,-28.45101955327517],[-53.47858405103143,-28.44818073583096],[-53.47155844488824,-28.45151803197821],[-53.46124822025142,-28.44878383216744],[-53.45979084517963,-28.43940830997308],[-53.44667053929365,-28.43328450527601],[-53.44315494786154,-28.4258016128287],[-53.43333265572229,-28.42725280824584],[-53.42655840550513,-28.42017220958499],[-53.42279934554053,-28.42197428400776],[-53.41735263658465,-28.43336882386708],[-53.40986928552128,-28.43584481740341],[-53.40507346275774,-28.43143235230945],[-53.40887967183116,-28.42285846861994],[-53.40026164089183,-28.41297199663277],[-53.39997373341529,-28.40739480949523],[-53.41306748050484,-28.40439956496012],[-53.41194278249757,-28.3941490641461],[-53.42299178514529,-28.39156268553939],[-53.4255056216382,-28.38307373733695],[-53.42339155067952,-28.37938523508538],[-53.4130702513864,-28.37635390608101],[-53.40481171216362,-28.37938964320461],[-53.39567112033556,-28.37581976709005],[-53.39591382819497,-28.37069680990042],[-53.40369000786237,-28.36546726577075],[-53.39931268516944,-28.34998211853324],[-53.40328754758859,-28.34356007008457],[-53.40101158798441,-28.33507808239716],[-53.38777001862641,-28.32811454531178],[-53.36843847759891,-28.32845397544724],[-53.3665141747083,-28.31530076989552],[-53.35574000575643,-28.31152852425965],[-53.344438784814,-28.31942360612917],[-53.32989617566014,-28.32048504025551],[-53.3266356233819,-28.33213247539181],[-53.3092244809655,-28.33787136712367],[-53.30315409726371,-28.3353358845763],[-53.30181808159625,-28.32619751629681],[-53.30957299243527,-28.3223972012425],[-53.31095047126171,-28.31648622545545],[-53.30327060577369,-28.31231464261887],[-53.29604904640789,-28.30031257145132],[-53.31083799645988,-28.2937557056257],[-53.31221215287635,-28.29042144579468],[-53.30566250758789,-28.28323695847835],[-53.29137398680732,-28.28200233314725],[-53.28761001668413,-28.27225634783907],[-53.29286979858689,-28.26555383113677],[-53.30653680435264,-28.26599651837001],[-53.31489431377802,-28.27076870459243],[-53.32189550327851,-28.26264215712677],[-53.33149551095262,-28.26841157660373],[-53.34030043814229,-28.2643277191336],[-53.34508549131928,-28.26755701804133],[-53.34437305005827,-28.2748237554268],[-53.3538252483285,-28.27810488928878],[-53.36248291658642,-28.27074283457086],[-53.37376255137567,-28.27727579761348],[-53.38303301736771,-28.27359755329124],[-53.3881813453125,-28.28787292891702],[-53.38581669907898,-28.29590045990122],[-53.39038769882787,-28.29910153490428],[-53.39774188609292,-28.29400988923369],[-53.40111574419966,-28.28237081539393],[-53.41781522960209,-28.29476225928099],[-53.42132887410295,-28.2921491144098],[-53.42113915911373,-28.28494482538888],[-53.42696077178685,-28.28102461531752],[-53.42965645746726,-28.26640220764575],[-53.42146078103677,-28.2537208327959],[-53.41052098405983,-28.25473132395247],[-53.39956741593281,-28.2498059632782],[-53.39355393708146,-28.2533112132991],[-53.38547999019945,-28.25300017984321],[-53.37770994638521,-28.24904693477835],[-53.37912924238395,-28.24416496992262],[-53.39392628965058,-28.23754870184042],[-53.37840348605162,-28.22688645301612],[-53.37831694759404,-28.22024015890845],[-53.39132079093176,-28.21974598128086],[-53.40087589891632,-28.22616687287954],[-53.40763268431603,-28.22426369639299],[-53.41884162007045,-28.22675086780389],[-53.42781185541103,-28.21146869698107],[-53.42554274233652,-28.20760019393352],[-53.41713388267625,-28.20615335707293],[-53.41544345889118,-28.19791571720473],[-53.40829452627491,-28.19614523127202],[-53.39823128994042,-28.18698234048891],[-53.39997909796957,-28.17658518202369],[-53.37375022549329,-28.16366619827306],[-53.37568304869796,-28.15751951383669],[-53.38917605713145,-28.15848872549787],[-53.3987879537983,-28.15518122948715],[-53.41632238754198,-28.16741201354357],[-53.43138171629898,-28.15578392741953],[-53.44635453960309,-28.18463021337882],[-53.45125587430533,-28.18437525935222],[-53.46183960580557,-28.17537191158141],[-53.46954030201172,-28.18590511819835],[-53.48016061050309,-28.18091089050299],[-53.48673952832211,-28.18636625419851],[-53.50665810719227,-28.19270280434464],[-53.51118643362332,-28.18483627932232],[-53.49994750934849,-28.16878590230231],[-53.492789799448,-28.1640642472857],[-53.48872703218662,-28.14811245288718],[-53.49012552854646,-28.14049324082086],[-53.48340862350675,-28.12448297143318],[-53.49199825431135,-28.12177977861049],[-53.49885010557482,-28.1303530668332],[-53.50592667223874,-28.13209011214551],[-53.51329910293413,-28.11860071447308],[-53.51565016469578,-28.10557111418493],[-53.52057498166863,-28.10265610640175],[-53.52935437867994,-28.11260092686843],[-53.52874699669512,-28.13136261326118],[-53.53916646311734,-28.13694328253502],[-53.54130149598011,-28.15213540728896],[-53.54677527058936,-28.15514852714688],[-53.55422469900232,-28.15085347110077],[-53.55848220089458,-28.15418287305057],[-53.5619251482488,-28.16615263690834],[-53.55887140311622,-28.17657114845735],[-53.56496331228343,-28.18369695165353],[-53.5777790785729,-28.18728985096826],[-53.58394480671367,-28.19645024829691],[-53.60924183067364,-28.19171311980837],[-53.61574865760235,-28.1957857525912],[-53.63019908340315,-28.19707238162635],[-53.63479403569718,-28.1925077435663],[-53.6439130030116,-28.19076125483016],[-53.63939899494911,-28.17756554592901],[-53.65246671892523,-28.16376008916998],[-53.65425720673298,-28.15542432981628],[-53.65996441849502,-28.15052116176788],[-53.64335820607429,-28.13510023627436],[-53.65590651920475,-28.11809191714704],[-53.66377596349184,-28.1193036576149],[-53.68525393199495,-28.13766107563371],[-53.7032633632092,-28.13792736297579],[-53.71278442278255,-28.1270663672045],[-53.71189880822873,-28.12302917057707],[-53.70336333682783,-28.11861899549569],[-53.70211957307477,-28.11043424616538],[-53.68105220783595,-28.10304355811837],[-53.67509540649728,-28.09798873435682],[-53.6766672889352,-28.09140123380648],[-53.6857754796845,-28.08649556366346],[-53.67700426335068,-28.07394803426438],[-53.6741743913526,-28.05483727807787],[-53.67882568095102,-28.05141713020419],[-53.7003193299889,-28.07420468976874],[-53.71410473340421,-28.07448514645866],[-53.72253325599601,-28.06785614280561],[-53.74699430337798,-28.08434014446372],[-53.74696261761819,-28.08930495698842],[-53.73230215130856,-28.09216587623346],[-53.73061672387057,-28.09708829656353],[-53.73818386835364,-28.10336998554977],[-53.75782024812856,-28.10337340243417],[-53.76570648640695,-28.10674151752007],[-53.76780843958569,-28.12086420863776],[-53.77487664366908,-28.12887916892146],[-53.77528154019355,-28.13501290622014],[-53.79138357655271,-28.14738762127367],[-53.80038773866813,-28.1595706294603],[-53.80738050479677,-28.15948506294402],[-53.81788765234446,-28.15216155518066],[-53.81658448085449,-28.13729717455096],[-53.82620198907708,-28.13741958625037],[-53.83480641291715,-28.13022825464131],[-53.83912328461969,-28.13451460663972],[-53.83685664961894,-28.14050131151157],[-53.84053730091963,-28.14782320386989],[-53.83744470831437,-28.15650606940271],[-53.84216890654547,-28.16355170020472],[-53.86096464208103,-28.15657683189594],[-53.86617352734231,-28.17497302677924],[-53.87539912679328,-28.18206738250164],[-53.88850292861467,-28.18504663036783],[-53.90714536588234,-28.1950469854451],[-53.91561497695578,-28.18864141358665],[-53.92628327854153,-28.19028739440475],[-53.94171348100698,-28.19777777235521],[-53.95388375785759,-28.20910572818549],[-53.96110938859496,-28.20833153055619],[-53.96709227577485,-28.19569554906986],[-53.98737766685827,-28.20044074520547],[-53.99386887057872,-28.19589051511804],[-53.98639410724874,-28.18453818819936],[-53.9605894185343,-28.16077929687076],[-53.95849125402625,-28.14415905497694],[-53.96139645314861,-28.13942805004372],[-53.97137473816287,-28.14387069644097],[-53.97720948272755,-28.15126790203532],[-53.9905665729858,-28.15288692541203],[-53.99509325599234,-28.15058805503478],[-53.99742474195084,-28.14177880661175],[-54.01060735588141,-28.14521111179671],[-54.01544154716205,-28.13937238687913],[-54.02362089034558,-28.13987844744074],[-54.02904825970944,-28.13344420553523],[-54.03745435105656,-28.13577616616644],[-54.04253857092793,-28.12781610039673],[-54.0497617878918,-28.12715053789957],[-54.05994379346816,-28.13487307582144],[-54.06104940950511,-28.14468183089319],[-54.07081623423031,-28.14498080948402],[-54.0745222275404,-28.15316423486136],[-54.08079892496934,-28.15439209995166],[-54.08671258683383,-28.14352901183294],[-54.07959790551346,-28.13243674862077],[-54.08371912002467,-28.12832851517038],[-54.09953654839549,-28.13490130847196],[-54.1021462937564,-28.14146445487372],[-54.11041184065682,-28.14364696450338],[-54.11145992686184,-28.15074376756128],[-54.11932480069854,-28.15398922253748],[-54.12497898727241,-28.15273095815696],[-54.13030099615999,-28.14406976927042],[-54.14009489713521,-28.14536138353218],[-54.14444592391943,-28.15300756980913],[-54.15639492045576,-28.15096851296421],[-54.1589916974682,-28.15647840791505],[-54.14373702921864,-28.17312120512615],[-54.14641933977708,-28.17922866023313],[-54.14511020827505,-28.19070957202485],[-54.1320278994944,-28.19577325044217],[-54.12953089107749,-28.19994316856731],[-54.12958145666794,-28.20651625194904],[-54.13549408751771,-28.21087484504125],[-54.13505822175943,-28.21532093377851],[-54.12464412438868,-28.2191594212333],[-54.11727544515402,-28.22855822249287],[-54.12127387698656,-28.23508280303646],[-54.12713730495404,-28.23771098706152],[-54.13060096047136,-28.2467447721414],[-54.14357629359614,-28.25284491108339],[-54.1413347217004,-28.25699553362566],[-54.12847067768305,-28.25923143528279],[-54.12550973222039,-28.26924354194581],[-54.12826488628369,-28.27329429177755],[-54.13752240443637,-28.2752200854578],[-54.1387737015372,-28.30041436097603],[-54.14481587733836,-28.30395681496359],[-54.15309353481653,-28.30124997300847],[-54.1664753467059,-28.31538648136739],[-54.17663062383549,-28.31230334793088],[-54.17951678804565,-28.30524745177402],[-54.18420332805878,-28.30412944394801],[-54.19330990805935,-28.31691202051621],[-54.19765425702862,-28.31765344288757],[-54.21015054619484,-28.30759700224518],[-54.20581657356268,-28.2938850773157],[-54.21301090078914,-28.28254803447463],[-54.2188628956716,-28.28335855291439],[-54.22418238386324,-28.29536373451992],[-54.23169626235857,-28.29463740305531],[-54.23508677965981,-28.28610997492764],[-54.24442111528442,-28.2854772907946],[-54.25230429741047,-28.27673517560314],[-54.26614138583456,-28.277399559248],[-54.27149260576434,-28.27252778704597],[-54.26969969167697,-28.26539843711815],[-54.27651855788139,-28.25105486021059],[-54.28851634285257,-28.2501991331334],[-54.29689549331045,-28.25941679029267],[-54.28959171885956,-28.27246153803271],[-54.28986255894158,-28.28402065893868],[-54.30034450887587,-28.28970315064801],[-54.30235213277834,-28.29835860309461],[-54.30828905434347,-28.29801418331748],[-54.30995994813917,-28.28524766061427],[-54.3153758416944,-28.2833431364554],[-54.32304507787951,-28.29499530516908],[-54.32179268835593,-28.30911270099113],[-54.33733928582399,-28.30443610229836],[-54.3510355328957,-28.32015454239726],[-54.3527044715457,-28.32838686507882],[-54.36053498999568,-28.32807159140886],[-54.36616137551056,-28.33207405215297],[-54.37755437004525,-28.33070238410081],[-54.38147237245704,-28.32838730485081],[-54.3814595099898,-28.3223047250544],[-54.37285945664618,-28.31183587140951],[-54.37498810891704,-28.2994358178478],[-54.38440705784621,-28.30169621028025],[-54.39135589402016,-28.29412823153869],[-54.39757035642087,-28.29398344534303],[-54.40948304294334,-28.30856462132517],[-54.43453891552392,-28.30507100431692],[-54.4375131141073,-28.3005871142382],[-54.43493900838087,-28.29537366293373],[-54.42345828083317,-28.29615687289627],[-54.36704609550332,-28.26896362535895],[-54.36740609707043,-28.26413516888064],[-54.38282285650575,-28.2535807368314],[-54.37330371473431,-28.24744605060519],[-54.36881552809776,-28.23748270596928],[-54.37049054752489,-28.23383367856335],[-54.37895069350402,-28.23273910234083],[-54.38802316837751,-28.23923680548961],[-54.39899073095651,-28.24096790679153],[-54.41448968750408,-28.27097838247449],[-54.42115832907257,-28.2757922852261],[-54.43182896080985,-28.27087045525013],[-54.4389378575377,-28.27848816510433],[-54.45006565343711,-28.28298031748202],[-54.45482787125312,-28.27933068493059],[-54.4482577053529,-28.26816216403803],[-54.45074636090345,-28.26424363681584],[-54.47146663490525,-28.27264434617097],[-54.47629606037994,-28.27895015894722],[-54.48521619466197,-28.27469856362449],[-54.48629524940534,-28.27015913099021],[-54.4772886409859,-28.2538380360682],[-54.46825778602521,-28.25402846706691],[-54.46061342940112,-28.25094379757558],[-54.45261119247438,-28.24228310884511],[-54.43730861039582,-28.24085972732459],[-54.43129376530744,-28.23625403422374],[-54.40517194217684,-28.2288199364244],[-54.38743527224949,-28.2095729853981],[-54.39186043449013,-28.19571318934503],[-54.38308909724691,-28.19001024286846],[-54.38244123419201,-28.18582248301525],[-54.39124386048871,-28.18320053777697],[-54.40200680472525,-28.17209770711193],[-54.41801013614578,-28.16714476718417],[-54.41735032722402,-28.16103093546383],[-54.4072681801302,-28.15752386645255],[-54.38809234461043,-28.17023757390306],[-54.38127747386133,-28.16593286382538],[-54.37455304932208,-28.16759935145483],[-54.35819436085604,-28.16373359101371],[-54.3527749270698,-28.16483731805807],[-54.34616688942648,-28.17216045447493],[-54.32553257312046,-28.16744651743163],[-54.31534062986082,-28.16157602966554],[-54.31842322856907,-28.15249739935242],[-54.30465965135054,-28.13559418927514],[-54.28124204472763,-28.12714054927029],[-54.28299558049432,-28.11914431037567],[-54.29837398620247,-28.12252213425775],[-54.30828686335457,-28.11726111799155],[-54.31508057608183,-28.12658052046925],[-54.32703978194534,-28.12192659222544],[-54.32947669049546,-28.12518376294035],[-54.32697662142922,-28.13595759853447],[-54.34104578663965,-28.14401049165203],[-54.34828189815368,-28.14467820904723],[-54.35040470257059,-28.1417244753925],[-54.34704583377322,-28.13563803890184],[-54.3486794387005,-28.13190812081953],[-54.3724188340574,-28.13018928535858],[-54.37544265037887,-28.12724907920288],[-54.37406201349701,-28.12346308383719],[-54.36542622579351,-28.12257736356947],[-54.36131614795247,-28.11690958577847],[-54.35040130817643,-28.11591883656584],[-54.35092357725181,-28.10662977342483],[-54.3407822368069,-28.09971924955086],[-54.34377775658388,-28.0895980111124],[-54.35131733791253,-28.08865074595453],[-54.35733582260436,-28.08400320037094],[-54.36149124542248,-28.08753230641318],[-54.35715937071081,-28.09559245547977],[-54.35834155053966,-28.09919851948162],[-54.3624912147398,-28.09977448093801],[-54.36959968435715,-28.09301460218304],[-54.37397637621851,-28.09280395121693],[-54.3947675725226,-28.11905306735361],[-54.40648037814774,-28.12335169750239],[-54.4086456021066,-28.1193674141917],[-54.40195317022738,-28.1125718878545],[-54.39598984191498,-28.08647042293971],[-54.40256437317566,-28.08442375596997],[-54.41172761251976,-28.09142595756407],[-54.41809061029512,-28.10671672021556],[-54.4270794753532,-28.10301081899648],[-54.42825065186182,-28.09137658757262],[-54.43380128975761,-28.09080540932777],[-54.44362162595731,-28.0955328495855],[-54.45053384421639,-28.08030773537091],[-54.45760786513696,-28.07352829397103],[-54.44986413203938,-28.06406794192385],[-54.44088905057168,-28.06331799084935],[-54.43317187962177,-28.05330573246843],[-54.43714413302285,-28.04985957548318],[-54.45822726249297,-28.04734246893294],[-54.46504007757764,-28.05295543895068],[-54.47455675096055,-28.0514330498312],[-54.48651828838298,-28.05661305097996],[-54.4937106984974,-28.06865611798384],[-54.50223631046088,-28.07147985165759],[-54.50077753289285,-28.07881440521463],[-54.50676660261563,-28.08875213393425],[-54.52105588966121,-28.09861162782589],[-54.51913823389481,-28.10961099481636],[-54.53007308975938,-28.11439050393689],[-54.54619959469066,-28.10848719538843],[-54.5559559435368,-28.11041629858535],[-54.56165785621027,-28.10180503214148],[-54.57761152432252,-28.10549960818883],[-54.59160296171604,-28.09414285025511],[-54.6009745786229,-28.09463322850986],[-54.60427594235137,-28.08907459192178],[-54.59758448600849,-28.08178868703196],[-54.60039304607023,-28.07671646399827],[-54.62591389283219,-28.08766170617401],[-54.63321704754085,-28.08726057488598],[-54.63643980028021,-28.08380622341583],[-54.63477302837897,-28.07429796154209],[-54.6539523942301,-28.07177397255156],[-54.65584584748005,-28.06687666804713],[-54.63975802772355,-28.06202832284035],[-54.62057844640248,-28.06455358408004],[-54.61864360341824,-28.06157015200958],[-54.62252997501303,-28.05516025895813],[-54.62105854299998,-28.04948855080309],[-54.60344093729269,-28.04925300183755],[-54.60551205525089,-28.039388430303],[-54.59553450240639,-28.03506307235129],[-54.59517811238407,-28.03020959086687],[-54.60815307571386,-28.02707830795983],[-54.61311256287588,-28.03344304500951],[-54.62167918939924,-28.03446527260922],[-54.62748236186975,-28.04028980906515],[-54.63409093400429,-28.0412133389271],[-54.64400635392413,-28.0529394428482],[-54.65100400339145,-28.05340170916935],[-54.65528741113643,-28.03977163817053],[-54.6665304065282,-28.0316757018274],[-54.6653966154804,-28.02739254490529],[-54.65620494432331,-28.02020980434669],[-54.66639100980266,-28.01044236323129],[-54.68114001108938,-28.01158495725532],[-54.68854463677494,-28.01531683052071],[-54.70001412078509,-28.01050184529285],[-54.71486719492587,-28.00913039155126],[-54.72042678623522,-27.99849944786467],[-54.73193576804029,-27.99824356930918],[-54.74198932470907,-27.99411943725675],[-54.73999536065752,-27.98746119166783],[-54.72881691193801,-27.99017268551241],[-54.72496296055897,-27.9868565815534],[-54.73173677145133,-27.97598932819077],[-54.74006909148559,-27.97277991326735],[-54.73994408159368,-27.96126645997846],[-54.74920470916167,-27.96193202836689],[-54.75531356253629,-27.97230746223124],[-54.76043553975558,-27.97445512882864],[-54.76791154793477,-27.97083588409168],[-54.77155569281493,-27.96019281150421],[-54.77956282677874,-27.95732575109049],[-54.78054530073279,-27.95278137997703],[-54.77382899106887,-27.94655417462225],[-54.76582461452891,-27.94557688186655],[-54.75278992816305,-27.93772775358771],[-54.74597366460153,-27.92363600944129],[-54.73807482988031,-27.920448948371],[-54.68174492489865,-27.92228512533523],[-54.65877289169335,-27.93142219351691],[-54.64377617974443,-27.92300684183759],[-54.63402591295298,-27.93712569634172],[-54.61918573555702,-27.93870965335088],[-54.61483229063113,-27.93037431256719],[-54.6040144338306,-27.92955501620325],[-54.60101059744443,-27.92144420776589],[-54.60234666564376,-27.91773915509969],[-54.61105636955586,-27.91522260880972],[-54.60950702015217,-27.90433879710401],[-54.60391115340811,-27.90340670180116],[-54.58871537139291,-27.90891945582268],[-54.58637687787146,-27.91641766658849],[-54.58279037302435,-27.91816551140082],[-54.56697428650852,-27.90319519930127],[-54.55855574516172,-27.90663208587521],[-54.54309944337699,-27.92877556023441],[-54.53079892338332,-27.92954317520717],[-54.5215158013567,-27.93379648651843],[-54.5082161510338,-27.95145161629703],[-54.4874494540347,-27.96814457810482],[-54.48158847090484,-27.98131820811582],[-54.46209676387915,-27.98965338978052],[-54.45397717060306,-27.97873537821237],[-54.43523410478334,-27.96890547448352],[-54.43615606239388,-27.9622247770458],[-54.4522424390763,-27.95581273398231],[-54.45089498758622,-27.94284457514301],[-54.44520135782781,-27.93716503681462],[-54.42077516964251,-27.94595108379459],[-54.41020101213461,-27.96073390513573],[-54.39508879813574,-27.9694251844945],[-54.37873500380265,-27.94962053637498],[-54.3700889585859,-27.94619394332119],[-54.36356431257933,-27.93726398637846],[-54.35110529076741,-27.9355077930241],[-54.33465571324552,-27.94087303295857],[-54.33160281836071,-27.93611477902698],[-54.33702777480541,-27.92095327977289],[-54.33496423870221,-27.91258637214384],[-54.31625180047413,-27.90997105062453],[-54.31463295563412,-27.89768210124124],[-54.32169128022569,-27.88565444165959],[-54.3099874357663,-27.87569992442521],[-54.30776953107281,-27.86684673331957],[-54.31280089757951,-27.85968136006212],[-54.31222995418663,-27.85083190998775],[-54.31862240055821,-27.84310091394846],[-54.31173422388916,-27.82816849895046],[-54.31429861732783,-27.80985579514143],[-54.31760463909064,-27.80530826266374],[-54.33078144438939,-27.80169126554717],[-54.33212421945687,-27.78975729202546],[-54.34446246156409,-27.78328101838681],[-54.34722630552955,-27.77429857098191],[-54.34502815959021,-27.76905669245964],[-54.33054065602951,-27.76196429206635],[-54.34048774818902,-27.75354250561691],[-54.34111131258604,-27.74615351589953],[-54.31772614256915,-27.73949354005189],[-54.31251702058118,-27.73079707395139],[-54.32880366513847,-27.71931148736267],[-54.34729272689595,-27.71466089260097],[-54.34954838789152,-27.71120185338845],[-54.33902805731733,-27.69708042407931],[-54.30941355438976,-27.6873646814985],[-54.28713867195311,-27.68884952816381],[-54.2743250385293,-27.6983415590119],[-54.26965661246101,-27.71086218840174],[-54.23777439643393,-27.71764340685107],[-54.21992483157354,-27.73128301865784],[-54.20871911916319,-27.72711019349251],[-54.19295945164081,-27.72985776018587],[-54.19050593745821,-27.74545959291874],[-54.20800926910967,-27.75348867157054],[-54.21385981203883,-27.76734912054496],[-54.20594081350823,-27.78048871958802],[-54.19618262390147,-27.77609215952126],[-54.18827297046844,-27.78219791693376],[-54.18144947426373,-27.77995636981336],[-54.16897858602749,-27.78220378193024],[-54.17424932767683,-27.80762783416612],[-54.17075317051091,-27.81902380893794],[-54.15968484131151,-27.83542665511905],[-54.17010151863982,-27.8460825750297],[-54.17105093295314,-27.85455457723937],[-54.16586857089234,-27.86474052719999],[-54.14695301859887,-27.87157510038596],[-54.15205432727281,-27.88931585216605],[-54.1221383159053,-27.8921572477785],[-54.11812805289988,-27.90006004618415],[-54.10681759681337,-27.90734781978759],[-54.10006195116809,-27.91678570985976],[-54.10252577876764,-27.92944191686892],[-54.09795179226526,-27.93611339628787],[-54.08427959317979,-27.94701819480304],[-54.07443524520598,-27.94892630785851],[-54.06769692463322,-27.95687105942033],[-54.05652884366351,-27.95489874523994],[-54.05464706098783,-27.9656959642797],[-54.0455350365802,-27.97654489064272],[-54.04158231033423,-27.97730526463222],[-54.03326400543214,-27.96612739636016],[-54.03571276579292,-27.95779172183368],[-54.02969902262855,-27.95381607684362],[-54.02023245728095,-27.95544210961417],[-54.01039788088753,-27.96409840657449],[-54.00593720448913,-27.96304188724486],[-54.00756189984314,-27.951293680339],[-54.00390361859102,-27.93679026427428],[-54.00734998674652,-27.93442753394817],[-54.01784602773456,-27.93551363485327],[-54.02341034310964,-27.9262446475414],[-54.032731042557,-27.92818788845195],[-54.04061186462089,-27.92588049358492],[-54.05150695038837,-27.93403790282728],[-54.06154005062586,-27.93448701605253],[-54.06604923694876,-27.92480486881637],[-54.06251186665229,-27.91898231794135],[-54.06390436219981,-27.90897508315682],[-54.07675541138239,-27.90756370833389],[-54.08371421811277,-27.90260621182743],[-54.07876192340748,-27.88905521778572],[-54.08766229552491,-27.88207396535541],[-54.0842576792401,-27.87526769215169],[-54.08613671499387,-27.86623782764369],[-54.07566741412901,-27.858095468331],[-54.06754922445311,-27.86985960129402],[-54.05947233257115,-27.87366994247477],[-54.0465751032679,-27.87181088416116],[-54.03995294834888,-27.88008386437395],[-54.032433519712,-27.88107673962997],[-54.01677030024056,-27.89033300016608],[-54.00970216008867,-27.88383290538968],[-54.01016968791735,-27.87953074606028],[-54.04640928624928,-27.85583327253702],[-54.05126726722155,-27.85111910980722],[-54.0516518886409,-27.84549164190798],[-54.04645938162498,-27.83292720682967],[-54.04123890913856,-27.83187200310986],[-54.02939936056793,-27.84350726154057],[-54.01721861654176,-27.86529480720548],[-54.01291665908807,-27.86677048244588],[-54.00931611730496,-27.86003481213203],[-54.02171775749359,-27.83893956650382],[-54.01675394478096,-27.83639238639078],[-54.00649610087598,-27.8421765740928],[-54.00285983170317,-27.8385567243467],[-54.01529355189928,-27.82066027244139],[-54.02281997507023,-27.81652745451661],[-54.02309867521402,-27.80903062420424],[-54.0286004911496,-27.80442721720089],[-54.02837656117809,-27.79714771620754],[-54.04745506773355,-27.79418251722575],[-54.04682254895448,-27.78120455042113],[-54.05454670924526,-27.77546067697438],[-54.05226594333657,-27.76850491381951],[-54.03125585665542,-27.76603621278018],[-54.02364557736807,-27.77061469362511],[-54.02328616886467,-27.7809103483293],[-54.01862090049507,-27.78553356647939],[-54.0141700922423,-27.78346640628786],[-54.00894874107362,-27.77087856432227],[-53.99325206487603,-27.77370676202261],[-53.99093819641185,-27.78211051660167],[-53.97832705447522,-27.78707955528053],[-53.97936818798406,-27.79407406560188],[-53.97324118200886,-27.80486527790407],[-53.9596328160987,-27.80948789702023],[-53.96579561644525,-27.81662348114062],[-53.96540465144152,-27.82598707846171],[-53.95393998047975,-27.83399748395229],[-53.95442482055587,-27.85330995083025],[-53.94740922954013,-27.85572371555861],[-53.93754238527247,-27.86735645447909],[-53.92438184610624,-27.86963054743148],[-53.92104608967914,-27.87976962040519],[-53.90993462531139,-27.88455918932736],[-53.90092006122283,-27.89595667738287],[-53.88335352932932,-27.89165376112499],[-53.85607019895227,-27.89855284796077],[-53.8348361712143,-27.89550287640427],[-53.82269280637425,-27.90021157690568],[-53.80771610226053,-27.8869052992514],[-53.8001150356757,-27.88497812739533],[-53.78628637410446,-27.89306865419073],[-53.78160880377175,-27.89275056525954],[-53.77863372029682,-27.88893849300339],[-53.7791309645077,-27.8805884215321],[-53.76800889163032,-27.87565247824622],[-53.75633766768009,-27.84930652381578],[-53.74238520490955,-27.83831178432139],[-53.73544510772966,-27.84405212213983],[-53.73665564507584,-27.85132812918935],[-53.7292534017464,-27.85518733006249],[-53.72780701797505,-27.8632344778263],[-53.71873773269994,-27.86272832608386],[-53.71403601634513,-27.86821937810208],[-53.70841024604645,-27.86817109944873],[-53.70611183112561,-27.86402889180799],[-53.71500075418729,-27.8497880014988],[-53.70644179808637,-27.84053587836675],[-53.71460769658403,-27.83567489194943],[-53.71555329911814,-27.8283721344538],[-53.68852474907634,-27.8183617396573],[-53.69154833825576,-27.80794804420181],[-53.68393766578492,-27.79323492832097],[-53.66895019070207,-27.79592837048573],[-53.66669519599194,-27.80471813951847],[-53.65446695200693,-27.8058932109971],[-53.64054547884054,-27.82173898896929],[-53.63323753560395,-27.8149465798795],[-53.61751869857093,-27.8164174457728],[-53.61632889271206,-27.81266846649247],[-53.62243313203326,-27.80460629903251],[-53.60908687524506,-27.79791175655638],[-53.60956090959686,-27.78558235559775],[-53.61596024114058,-27.77839156734821],[-53.63601246978676,-27.78250598403385],[-53.64685799675282,-27.77627483192844],[-53.65632488197631,-27.78135565244584],[-53.6712998174351,-27.77637429341023],[-53.66928589212063,-27.7656930357801],[-53.64680761431318,-27.76533463694173],[-53.64288859221238,-27.76285370797831],[-53.64913635269937,-27.7373937071297],[-53.63273378350359,-27.72170343840961],[-53.63823341725676,-27.69139042218062],[-53.63612401545728,-27.68525991863284],[-53.62789039521953,-27.67777293359713],[-53.62367700949064,-27.6666612582886],[-53.61445980746148,-27.65973652880865],[-53.60608881347352,-27.66325464256709],[-53.5972800751316,-27.65839190822765],[-53.59265415739282,-27.65949555244034],[-53.59157304942765,-27.66300268556448],[-53.59727125240444,-27.67234315464975],[-53.59053044392316,-27.67970430245873],[-53.59977320532408,-27.68846781835702],[-53.59111289954699,-27.69952697511835],[-53.59635577741495,-27.71619453904619],[-53.59106758011529,-27.71929579462879],[-53.58256729072265,-27.71407826860653],[-53.57645900866213,-27.72409630908558],[-53.56743227225832,-27.72205258709228],[-53.56640248394904,-27.71827085108703],[-53.57095951118806,-27.71261183953562],[-53.56975361419315,-27.70599425420641],[-53.57881058146161,-27.69789431851186],[-53.57624867837617,-27.6936940840565],[-53.56980107767117,-27.69219423615246],[-53.56715976836071,-27.68681395455365],[-53.57352253649615,-27.68010132938646],[-53.5736836932672,-27.67574410687206],[-53.561344704883,-27.67104736987751],[-53.55292462349498,-27.67920058017882],[-53.54169218773944,-27.67980787878223],[-53.53672341952153,-27.67716344915186],[-53.53663333430718,-27.67345104045334],[-53.54386078931118,-27.66785630154161],[-53.56017791589646,-27.66126824396993],[-53.56312897061465,-27.65167544751426],[-53.55544058020411,-27.64843652709502],[-53.54777013986549,-27.65520102309362],[-53.53299217030078,-27.65492378656815],[-53.52729772488464,-27.64577642993896],[-53.53347188269606,-27.63463319393838],[-53.52613691211581,-27.63076377577664],[-53.52131952247068,-27.62332479925385],[-53.52364635249615,-27.60960951242369],[-53.51959746149872,-27.60652025838366],[-53.51536175388749,-27.60813136063919],[-53.51005167966738,-27.63145867387782],[-53.49501454326865,-27.64544220443719],[-53.49102479244151,-27.64499133120411],[-53.4886722009867,-27.63761133710835],[-53.48047253152605,-27.63577802204101],[-53.47658608149936,-27.6302859330513],[-53.47766349789416,-27.62607196483676],[-53.48634551050687,-27.62477970757158],[-53.48882750901884,-27.6205862409324],[-53.48073996176173,-27.60421417359801],[-53.49511777712941,-27.59697944722049],[-53.49700345212194,-27.59086476600178],[-53.4823523474367,-27.58225440546226],[-53.48216451125246,-27.56822678149492],[-53.48844335823665,-27.56347868215456],[-53.49088550845262,-27.55104693344192],[-53.47346918275304,-27.5479729872364],[-53.44051495484877,-27.56216837695072],[-53.41972386702435,-27.5567607796131],[-53.41810922927365,-27.56458348711048],[-53.41011356817795,-27.57157761916842],[-53.41187828923953,-27.58100312636346],[-53.39129050457513,-27.58711543091794],[-53.38855562574665,-27.59937354506998],[-53.38263692340402,-27.60334584158469],[-53.37774383299657,-27.6027457591988],[-53.37017994847587,-27.59587025013129],[-53.35680480211148,-27.60438081839164],[-53.33375639379091,-27.60939281502817],[-53.32714163713761,-27.61450996303583],[-53.31579019489076,-27.60796158293795],[-53.30910781456766,-27.60943041998866],[-53.31043029518673,-27.6182952056382],[-53.31743738901086,-27.62491741962548],[-53.3127343020326,-27.63346844037946],[-53.32148578920623,-27.64253521692294],[-53.31495462276283,-27.64926646984063],[-53.31707505398799,-27.65661448152185],[-53.31413191376605,-27.66239936707239],[-53.29845775953297,-27.68075145754606],[-53.30211787014063,-27.70703102106652],[-53.27975538381997,-27.73951414477391],[-53.27071543501204,-27.7450689485396],[-53.27086672108376,-27.78600690420159],[-53.26404325355377,-27.80033072332861],[-53.26697074081457,-27.80925244141641],[-53.26208656839654,-27.85158580495848],[-53.26808079265489,-27.85994497865213],[-53.26892754129898,-27.89092371458244],[-53.27848606301403,-27.89710334614807],[-53.28080579840427,-27.90946351363004],[-53.25866590170824,-27.92732761728465],[-53.25957927741811,-27.93470293754247],[-53.25624624757258,-27.94316854903709],[-53.28592253560005,-27.96497775247359],[-53.26801705819009,-27.98350418987464],[-53.25892095927338,-27.98562129864206],[-53.25158069574584,-27.97578716479582],[-53.24503038718171,-27.97422407639354],[-53.23441853530632,-27.98077932357618],[-53.22934155710842,-27.98060741278764],[-53.22003614126069,-27.97054343277015],[-53.20976899662245,-27.97364066254428],[-53.19624369382252,-27.96374998738979],[-53.19265947739414,-27.96727098043216],[-53.19801585134362,-27.97838085337462],[-53.19778539118913,-27.98551119300014],[-53.19149705427217,-27.9915986025928],[-53.1787411232603,-27.97402518094663],[-53.17373655276933,-27.9732249573932],[-53.17048209511218,-27.98819227013485],[-53.16004623817774,-27.98992754677522],[-53.1512255456001,-27.98705077793671],[-53.14712575784225,-27.99261155061517],[-53.13646678989017,-27.99627418413366],[-53.13609949834131,-28.00636581414733],[-53.12775256654574,-28.00735475180023],[-53.12435719455317,-28.01400651043192],[-53.1149772071654,-28.0168516832608],[-53.11696398704913,-28.02697826597628],[-53.12522317642188,-28.03609565147985],[-53.13564272002422,-28.03797318239488],[-53.13865850729649,-28.05002828500432],[-53.1316265760714,-28.05707141616883],[-53.12018373899711,-28.04908693619011],[-53.10983231388003,-28.0506978653124],[-53.10955753642138,-28.05515574990336],[-53.1204403836346,-28.06331028835822],[-53.11158745435895,-28.07673861613595],[-53.10500699750914,-28.07515367127866],[-53.09623763494206,-28.06468284149651],[-53.09073692205385,-28.07095049121291],[-53.08381075880527,-28.07327449124226],[-53.08370380582213,-28.07957682808716],[-53.09831763449811,-28.084011572886],[-53.10452825721819,-28.09029578630703],[-53.10384600729839,-28.09409679242946],[-53.08951971757147,-28.09995321156437],[-53.08384265856788,-28.09139635914631],[-53.07394769832284,-28.08775149280931],[-53.06545789751884,-28.09416874805341],[-53.05527622143499,-28.09203366905631],[-53.0540099027799,-28.08816231099151],[-53.06050413681376,-28.08072181827355],[-53.05676336953009,-28.07295504412598],[-53.05814114826205,-28.06723841948126],[-53.04905933029062,-28.05950407001135],[-53.04642584394256,-28.05182587819596],[-53.04228059402423,-28.05085210142421],[-53.03520368813193,-28.07184557126223],[-53.02126866313356,-28.07569536554195],[-53.02000339173379,-28.08150442508398],[-53.02433110205315,-28.08671904526899],[-53.02521276223288,-28.1049275658743],[-53.01332025310953,-28.12662560090966],[-52.9945969879666,-28.11830166503529],[-52.99189694427512,-28.11048201412886],[-52.99594042025725,-28.10529095423419],[-52.99622018412639,-28.09654949128846],[-52.98918941518539,-28.08651325511225],[-52.98012916154517,-28.08523752402605],[-52.97495361002399,-28.0803658317649],[-52.97440166853753,-28.07137554121276],[-52.97938878463742,-28.06596394009352],[-52.97785779096186,-28.0564942386475],[-52.96728280905869,-28.05365497061417],[-52.95700967311868,-28.05761910308531],[-52.93853209564315,-28.05869932049934],[-52.93897867202724,-28.07118182824551],[-52.93505885937653,-28.07474466163108],[-52.9257016318418,-28.06473589123736],[-52.91104336520235,-28.07142182787855],[-52.9039708793082,-28.06999952227201],[-52.88695151627324,-28.07601578201941],[-52.87857613299769,-28.0713260684286],[-52.87268740114637,-28.07268778009434],[-52.87092372623714,-28.08121957717687],[-52.87573847221928,-28.09114887465871],[-52.86659447877283,-28.09878354251459],[-52.8680605420881,-28.11015495294322],[-52.8656260604683,-28.11323782394212],[-52.85554974996106,-28.11010435922596],[-52.83550099137396,-28.11848810844696],[-52.8281356783842,-28.11671899834691],[-52.81576202038907,-28.12020547927999],[-52.802523128068,-28.12702816214158],[-52.79459694469195,-28.1376594451555],[-52.78307928226636,-28.14160632212976],[-52.77243697398671,-28.13614926427256],[-52.75279398036282,-28.13468023487355],[-52.73173082295783,-28.12343484586629],[-52.72974452798418,-28.11755184976717],[-52.71939620555584,-28.11123375125162],[-52.7142754570861,-28.09985740518814],[-52.6962390988113,-28.07903358436535],[-52.69696481319615,-28.07301496922712],[-52.7122602564919,-28.06919176432936],[-52.72397839877523,-28.05819654163006],[-52.74184270351991,-28.04856396695623],[-52.73954954867797,-28.04142324230077],[-52.72303372442698,-28.03787687599418],[-52.71980001133286,-28.032438607456],[-52.72126489450482,-28.02873250910443],[-52.75791549557172,-28.03371977730655],[-52.78563134539078,-28.04853374851031],[-52.81370938323867,-28.04824904103272],[-52.83283550590922,-28.03880898103946],[-52.84776044703853,-28.05335848556349],[-52.86075156680328,-28.05514800060106],[-52.86959227336578,-28.05153013810531],[-52.87913078200226,-28.05720056813187],[-52.89780615828027,-28.0510215241019],[-52.90402812137838,-28.04525880290016],[-52.91703858934496,-28.05499672540924],[-52.92073652952545,-28.05258502895156],[-52.92121016664309,-28.04535689844674],[-52.92979189646007,-28.04185574837381],[-52.9245450040091,-28.02813283061431],[-52.93110526796143,-28.02330178464879],[-52.93229458922264,-28.01782232241706],[-52.93941731403251,-28.01578973917612],[-52.94351472063832,-28.00988272250433],[-52.95133217901364,-28.0110001930299],[-52.95559930377491,-28.00615784941203],[-52.96207793602651,-28.00518428057643],[-52.96512013414917,-27.99845481336734],[-52.94754075995138,-27.98757454999754],[-52.93661518582764,-27.99114932644552],[-52.9292887854099,-27.98416453710908],[-52.91393543054515,-27.9797770944239],[-52.91185735162038,-27.96325341895396],[-52.88988497370636,-27.96527616861101],[-52.88241873006065,-27.95795752538416],[-52.88595384495136,-27.95123362895383],[-52.88412315797029,-27.94493448833603],[-52.87481937510981,-27.94001568597116],[-52.88446460032051,-27.92973262961986],[-52.87426966454915,-27.92197962462425],[-52.86240404474765,-27.91884714218876],[-52.85144160751734,-27.92815434623661],[-52.84347287604915,-27.92919896404328],[-52.82604902483494,-27.92330581641965],[-52.81502212611333,-27.91106282693677],[-52.81747895603517,-27.8971857992297],[-52.84006035727447,-27.88494111992771],[-52.8413590866063,-27.87771212435347],[-52.84976227194373,-27.871206305527],[-52.84478127667159,-27.86008868558972],[-52.83401841258175,-27.86593675805839],[-52.82687807474336,-27.86567250654524],[-52.82348406511195,-27.84960078759645],[-52.81635546393542,-27.84355332209895],[-52.82011640571474,-27.83599781015402],[-52.81411344482741,-27.82743187397191],[-52.82056088468787,-27.822263729454],[-52.81927992057661,-27.81514489797211],[-52.83075712844763,-27.81002041313262],[-52.8260387439533,-27.79349462213799],[-52.84434150057643,-27.77924686435429],[-52.85704724320783,-27.77543401280281],[-52.87403486751165,-27.7864209951111],[-52.87855144199091,-27.78618315128926],[-52.87998019119362,-27.77500196003266],[-52.88440545254628,-27.7676822926404],[-52.88474646641169,-27.76093933333888],[-52.88129776396725,-27.75789055231784],[-52.86307008008302,-27.75869934430731],[-52.84904828967617,-27.76517391658392],[-52.82725364650695,-27.75815781441881],[-52.82604954024461,-27.75209068183379],[-52.8317718982667,-27.73366965438501],[-52.8308010537298,-27.72070087345919],[-52.8337322733411,-27.71457561100426],[-52.8405617093746,-27.71066455092177],[-52.86792189856558,-27.70854293993735],[-52.88603062231961,-27.71457585524127],[-52.89264222376792,-27.71064761233256],[-52.88578540722686,-27.69993899412862],[-52.87738337030014,-27.69692515211609],[-52.8695861192549,-27.68748056181741],[-52.8562416587192,-27.68894257311015],[-52.84847183411891,-27.68566418251227],[-52.84394922020545,-27.67226095461319],[-52.83370724398791,-27.65915450360098],[-52.84111140184071,-27.64516486296029],[-52.83942075649549,-27.63206496060464],[-52.84173231094769,-27.62813152694945],[-52.85193385586036,-27.62522904496206],[-52.84900676551515,-27.61762574614272],[-52.85745849919079,-27.60827779209213],[-52.85607855375415,-27.60215777718862],[-52.85928700508614,-27.59401113125811],[-52.87577669920602,-27.58416730256258],[-52.88367551212174,-27.58670725806729],[-52.89176517924599,-27.5827574036116],[-52.88426715177575,-27.57075243416247],[-52.88819518111083,-27.56590770199332],[-52.88741772201559,-27.55841621953766],[-52.89231832882748,-27.55381326164241],[-52.89351156607399,-27.53650130707114],[-52.90147588967124,-27.53138218477858],[-52.90433621275673,-27.52209572248151],[-52.89769313297952,-27.51374770325702],[-52.89508602368934,-27.50325449221509],[-52.88436512656317,-27.49699066499009],[-52.88717416993103,-27.48610108353808],[-52.87452714867288,-27.4671539577874],[-52.85795368264942,-27.46359780751709],[-52.83742719002479,-27.46590886580329],[-52.82807881541162,-27.46155951035469],[-52.80292532693684,-27.48265533309702],[-52.80302077656278,-27.48978399122172],[-52.81190083025808,-27.50062193379039],[-52.80342541820641,-27.50740558397766],[-52.79061385675561,-27.50265355203318],[-52.79410375650331,-27.49544976745882],[-52.79262460639685,-27.49143436452028],[-52.7717923476672,-27.48605514653325],[-52.76076168323622,-27.49186442213076],[-52.74951388219994,-27.48830228095171],[-52.73615075965201,-27.49538879051919],[-52.72974516791329,-27.49280895390106],[-52.72012356360852,-27.49422592123462],[-52.71830694072394,-27.49889974111513],[-52.72210368548459,-27.50841191101605],[-52.71650039467278,-27.51162738703947],[-52.7141129831539,-27.51731643244763],[-52.70556508684278,-27.51875580933445],[-52.70218749157584,-27.52517918324479],[-52.70986854823201,-27.53132369942848],[-52.71017788158264,-27.53632507587261],[-52.70194708036544,-27.54122896201774],[-52.68149713583874,-27.54394768352188],[-52.67308367677364,-27.55934514348576],[-52.67962384609537,-27.57130602156505],[-52.67872243165309,-27.57703368157942],[-52.67093160966734,-27.57950232501924],[-52.66301315841653,-27.58822590582879],[-52.64963193728925,-27.58923219014125],[-52.63983700275358,-27.59515332034207],[-52.63710952460099,-27.60120002743266],[-52.62683631818757,-27.6082557580664],[-52.62523750514136,-27.62838456697935],[-52.61178277832741,-27.64933795122289],[-52.5914626204606,-27.65977874040439],[-52.58462428337732,-27.66608958353256],[-52.5826369958792,-27.67630416347451],[-52.57546297896349,-27.67814054448424],[-52.56098697259547,-27.69446609058346],[-52.5524647259522,-27.69622793600959],[-52.55265853136066,-27.70476465525195],[-52.55641692853187,-27.71039448861407],[-52.56865587810719,-27.71412307525156],[-52.57283027213196,-27.73206599019101],[-52.58364271341394,-27.73429377586059],[-52.58325125196261,-27.74389379186022],[-52.58965162708369,-27.74407850008595],[-52.59700538671161,-27.73631421934273],[-52.60907289267089,-27.73596553695622],[-52.61527234430538,-27.74206803682646],[-52.62440493405298,-27.74310941509588],[-52.62813724950217,-27.74936063794633],[-52.62584674073632,-27.75715095521894],[-52.61175371455612,-27.76893244607771],[-52.60357075345766,-27.7690440280639],[-52.58908862653348,-27.76267550418535],[-52.58032927886398,-27.76449653818361],[-52.57842622650465,-27.78644286379],[-52.56817449987395,-27.78409524249107],[-52.56164369586476,-27.77809445201827],[-52.55458996650209,-27.77763970754009],[-52.54612626262193,-27.78130300852174],[-52.54521712878994,-27.7929507301638],[-52.54010315593669,-27.79491893087628],[-52.52979993029691,-27.78236701283307],[-52.51430142597648,-27.7771070781231],[-52.50670448336458,-27.77849621524676],[-52.50281643250282,-27.76901300921257],[-52.49503521033558,-27.76902317335953],[-52.48839841948416,-27.76453268425636],[-52.47585117855946,-27.76840930527982],[-52.46741062894715,-27.78100187701849],[-52.46058988565036,-27.7812433835388],[-52.45534475178601,-27.78597805349421],[-52.44711941055922,-27.78402533878056],[-52.44362908291409,-27.78959421398721],[-52.43429175514981,-27.794839371019],[-52.42803804971366,-27.77978372958834],[-52.43252412665559,-27.77180738027576],[-52.44418653892386,-27.77197981212333],[-52.44805693515969,-27.76367195158426],[-52.44017911152541,-27.75354052435484],[-52.40577864515209,-27.78198022585908],[-52.4007243601487,-27.78239499794394],[-52.39528289024538,-27.77232499619743],[-52.40413110687872,-27.76583470105384],[-52.4151765801715,-27.74979294393045],[-52.42041822099246,-27.73914509903014],[-52.41871288728065,-27.73149908747903],[-52.42429480359914,-27.72435088229941],[-52.42030982879781,-27.71277041757836],[-52.41655014615748,-27.71032380052962],[-52.4001752119441,-27.71966063728117],[-52.39007171623629,-27.71911705947622],[-52.38717866984355,-27.7330296771647],[-52.37422193008084,-27.73073637009665],[-52.37582531189543,-27.74469675940694],[-52.372755792216,-27.74781090059723],[-52.36854490009478,-27.74621810717159],[-52.36129324584987,-27.73132056226249],[-52.35859466928851,-27.71102416392922],[-52.35551831254372,-27.70852674698592],[-52.34115125214878,-27.71176842521649],[-52.33326408260918,-27.70829486802955],[-52.32041471686273,-27.71371645443223],[-52.31828933622575,-27.71716858442104],[-52.32077256442918,-27.72479539201327],[-52.31502915759744,-27.72906847310393],[-52.31315674465993,-27.73535156693423],[-52.28855486326037,-27.73802714705622],[-52.29019509396803,-27.75534208939515],[-52.28014222338144,-27.76965147963697],[-52.2756630673041,-27.78626069220963],[-52.2642805405775,-27.80516566804957],[-52.26525172249887,-27.81322787420654],[-52.27192933225387,-27.82244883486924],[-52.28340644417169,-27.82214208797567],[-52.29767776927809,-27.83801844923351],[-52.29593456317352,-27.84376235031251],[-52.28581525147299,-27.84978580194547],[-52.28004838279449,-27.85908441507503],[-52.28115836355405,-27.87231687977598],[-52.27748731119809,-27.87903192330641],[-52.29058660209042,-27.88892225291985],[-52.27895320756901,-27.90553054601065],[-52.29110546203255,-27.91558022456197],[-52.29208060451383,-27.92676425677459],[-52.30135938416687,-27.92678395157535],[-52.30540945503199,-27.9318514159133],[-52.31208977951052,-27.93233354996567],[-52.31643506808923,-27.93724787024691],[-52.33048290110449,-27.94320605080593],[-52.33887654874272,-27.95652812749145],[-52.33694767409429,-27.97830691964887],[-52.32923721025917,-27.98158217120569],[-52.31614183074088,-27.97089774179408],[-52.31099557129416,-27.97309325257731],[-52.30630635941223,-27.98317314929707],[-52.29601289444618,-27.97564108011848],[-52.27884003461278,-27.97862180896766],[-52.27470840327383,-27.98274684240267],[-52.2734877608673,-27.99441532977619],[-52.25756860485568,-27.9968609376062],[-52.24992489594884,-28.0019837247712],[-52.24947102381791,-28.01096905678972],[-52.2574819302537,-28.01166215489412],[-52.2651934082879,-28.01716289484693],[-52.25594135000635,-28.02448822903963],[-52.25667285162184,-28.03475858835271],[-52.2496935124046,-28.04398648844567],[-52.25469595112703,-28.04757754842809],[-52.26122214571546,-28.04551743900941],[-52.26479956476803,-28.0475343325695],[-52.26673783024801,-28.05487471659789],[-52.26053209159631,-28.06018347919137],[-52.26209206211332,-28.06652833455868],[-52.27642726825546,-28.06530323961996],[-52.28703289978372,-28.0758480164213],[-52.2843053620629,-28.07964213422251],[-52.27062233616099,-28.08073003061913],[-52.27248609093144,-28.0875155568123],[-52.28088495064969,-28.08806125354517],[-52.28364357651235,-28.09171284521619],[-52.28017312080774,-28.10295891851618],[-52.27564929372384,-28.10701248614209],[-52.27633266923977,-28.11325990655146],[-52.26837242336529,-28.11654201524864],[-52.26635552169545,-28.12399934228788],[-52.26182118819239,-28.12465721237117],[-52.25630082808175,-28.1199652504138],[-52.24769482403835,-28.12083209617089],[-52.2348505091154,-28.13505441703079],[-52.22175034823205,-28.1289393028821],[-52.21935825392465,-28.12185371978603],[-52.21284512124016,-28.11696062266608],[-52.20664764236336,-28.11666884392916],[-52.20481801217834,-28.12042615294028],[-52.21114434458687,-28.13086874855557],[-52.20866667425857,-28.14590045498731],[-52.19949459044126,-28.15579362437248],[-52.18713393426245,-28.16197473415903],[-52.17011392870619,-28.1557320769044],[-52.17057888439739,-28.13845066648705],[-52.16330168351961,-28.13173343885552],[-52.14420557989399,-28.13850892178968],[-52.13056387712164,-28.13775730703194],[-52.118270110643,-28.15572342006871],[-52.11837684522887,-28.16416616817284],[-52.10190984619487,-28.17464231191845],[-52.10173366101416,-28.18064855978123],[-52.11452197860767,-28.18442840119979],[-52.13703099843651,-28.21356842855451],[-52.14775116339587,-28.21364275253262],[-52.15222454106583,-28.2030949820006],[-52.16924632098671,-28.20078762934558],[-52.17340772758774,-28.20335418802274],[-52.17533222646507,-28.21450040913199],[-52.19478090544309,-28.21609553921164],[-52.19610210454822,-28.22601738250041],[-52.18177982060605,-28.23280357003959],[-52.17439718565901,-28.24265516707091],[-52.17464004015827,-28.2480251898377],[-52.21146019881319,-28.26854158621121],[-52.23037942664952,-28.29043787826499],[-52.23789821401949,-28.29033643914664],[-52.24416433892539,-28.29571067801086],[-52.25186976659325,-28.29685676675899],[-52.25531191948559,-28.3040853960227],[-52.24174453930072,-28.31958416081024],[-52.25374492834182,-28.32817329827542],[-52.27144191037677,-28.3224517271254],[-52.29146122753692,-28.33126930705642],[-52.3053088604385,-28.32847136596418],[-52.30770580416785,-28.31996543390513],[-52.30552864102707,-28.30788024786666],[-52.31172770442285,-28.30264185628483],[-52.32533407466027,-28.3133665048459],[-52.32756097746554,-28.32307570337524],[-52.33556977310582,-28.32111947804641],[-52.33487450315047,-28.31243539582317],[-52.34096387440626,-28.30756347503268],[-52.34298970104741,-28.29398550105838],[-52.35017623223755,-28.29142789749137],[-52.35573578344819,-28.28412117784117],[-52.3652283888376,-28.28149202409823],[-52.37216130530161,-28.27264752049008],[-52.3714785148334,-28.26382515956331],[-52.3643914824294,-28.25702890777691],[-52.36886312574003,-28.24919450825684],[-52.36803065070752,-28.24249488809802],[-52.36347823883079,-28.23750390104576],[-52.36559477084699,-28.22389684115957],[-52.37018101991897,-28.22392323003089],[-52.37658620689709,-28.22956134146169],[-52.38559767225541,-28.22675298244738],[-52.39759266569013,-28.23255801283118],[-52.40349417666001,-28.24211382317667],[-52.41840428358535,-28.24530424442978],[-52.42502700948806,-28.23724353526161],[-52.43535034290354,-28.231319170214],[-52.44253694504394,-28.23271118204455],[-52.44587156196422,-28.25711692129645],[-52.45514349436178,-28.25817400331196],[-52.46377822533941,-28.26498426731143],[-52.46637258417088,-28.27142057907251],[-52.47579215111748,-28.27366190024134],[-52.48352603908471,-28.28016362987663],[-52.4807217862211,-28.29522901160519],[-52.47474178656236,-28.29825286935255],[-52.46630312076945,-28.29422175616592],[-52.44612632198108,-28.31216973802893],[-52.43026861142265,-28.31474536824915],[-52.4277343730404,-28.32716322663979],[-52.43621117089396,-28.33653057694692],[-52.42034809932824,-28.33872703812824],[-52.41083784941105,-28.35077051589667],[-52.40795473011659,-28.36791632654579],[-52.39253501648948,-28.37029925412758],[-52.39005186562723,-28.3624148318024],[-52.38560552348354,-28.35983801080103],[-52.37509027046658,-28.37201821123612],[-52.38962423308257,-28.38450339651935],[-52.39986024145733,-28.38576144280608],[-52.40705656208464,-28.39194079409026],[-52.41534451883572,-28.38780935712825],[-52.42258476882737,-28.39227351397601],[-52.43451534744712,-28.39007191256032],[-52.44283960277676,-28.37775791787444],[-52.44823584739773,-28.3771990582783],[-52.45193334202522,-28.38392843705705],[-52.44631136229795,-28.3897452011661],[-52.44380519125906,-28.39992845760612],[-52.45193509876758,-28.40258860659655],[-52.45400736906151,-28.41010272593233],[-52.46259095329285,-28.41197737238959],[-52.46787019347462,-28.4201714364228],[-52.47913310757853,-28.41939451724182],[-52.48339140460201,-28.42477659655693],[-52.48178082227385,-28.43285998176423],[-52.4907113698646,-28.43698175944128],[-52.49311121843446,-28.45158727020323],[-52.50135516540389,-28.45685218101472],[-52.50750477691073,-28.4524181782635],[-52.50966484556975,-28.44547996117167],[-52.50860845829624,-28.42765881752423],[-52.50388507234509,-28.42225556947787],[-52.50253759009664,-28.40693991566239],[-52.50918429397436,-28.40185597688601],[-52.51892776193582,-28.40198993317026],[-52.52464400112128,-28.41409358950409],[-52.53386641796642,-28.41144623253784],[-52.54207943031807,-28.41659761995108],[-52.55020589462426,-28.41639743698288],[-52.55081523853649,-28.42212097228405],[-52.53606123329721,-28.42462612108947],[-52.52348106319412,-28.43715246732696],[-52.53282296054557,-28.44574188483936],[-52.52586514263397,-28.45371587913876],[-52.5329146482082,-28.46090783646384],[-52.53124892234902,-28.46611828693271],[-52.52442646520529,-28.4701163824937],[-52.52968389274184,-28.4794076269855],[-52.53737754245847,-28.47658848201773],[-52.55701604895427,-28.47777272409246],[-52.56476225861763,-28.46925441527503],[-52.57431886449878,-28.47147150753981],[-52.57899830622509,-28.4769076121984],[-52.58650377133682,-28.47535405947183],[-52.58366218833395,-28.46539398201228],[-52.57528942292697,-28.46194928262918],[-52.57592972156478,-28.45440867642169],[-52.56643659440618,-28.44242104297137],[-52.5817031702627,-28.43969054746926],[-52.57898245411671,-28.42601482300074],[-52.58605862301081,-28.42257846440253],[-52.58895693373622,-28.41732497697193],[-52.60216080737329,-28.42153885219442],[-52.60932649283963,-28.41706067107987],[-52.60309432170026,-28.399324548384],[-52.6093418220833,-28.39589890957841],[-52.61068963061695,-28.38862506504312],[-52.61900842695984,-28.38809923830593],[-52.63709273151693,-28.37494214860403],[-52.63392749514323,-28.36930515977279],[-52.61880672357593,-28.36905725059748],[-52.61109995507998,-28.36440893678076],[-52.61256484805504,-28.35889066364733],[-52.6203960980112,-28.35712164582075],[-52.62506536338452,-28.34988455559794],[-52.64045777280558,-28.35364978291749],[-52.64477272221084,-28.36585361018092],[-52.65170788837407,-28.37027458993168],[-52.65990286182522,-28.3671458557644],[-52.66857924631916,-28.36938355522254],[-52.66785990825222,-28.37393767809924],[-52.65129879932663,-28.3817718021167],[-52.64461908743689,-28.3928928824876],[-52.64489788623951,-28.40232479245837],[-52.64945957675768,-28.40620413991563],[-52.65809233637035,-28.40358747996132],[-52.66199697541757,-28.40933174598318],[-52.66943333176786,-28.40978598211513],[-52.67522770288071,-28.41515822382374],[-52.68297256471541,-28.40986355803788],[-52.68984043319261,-28.411736094928],[-52.69862067993033,-28.40925071963283],[-52.7069822859218,-28.39287775597009],[-52.70202340558003,-28.3785884517607],[-52.70677841830785,-28.37284662715724],[-52.71546101895829,-28.37133365256145],[-52.72717528727667,-28.35426495365136],[-52.74497843873729,-28.35525206843913],[-52.743485488248,-28.36201519924758],[-52.73178730023256,-28.36444353707668],[-52.72745122032646,-28.37644894149056],[-52.71668519542892,-28.38400599982153],[-52.71972564996224,-28.39368467715025],[-52.73373590526413,-28.39457712790505],[-52.73844879568225,-28.40267559090676],[-52.74894902448699,-28.40219810843025],[-52.74895017027514,-28.40943859654238],[-52.74356968207974,-28.41603917747945],[-52.74463714413037,-28.42205096495157],[-52.73939827248311,-28.42741123383525],[-52.739816069635,-28.4396649045102],[-52.74423884204487,-28.44200086601698],[-52.75025699963491,-28.44034490941908],[-52.75564660237891,-28.43227059538343],[-52.76319787284692,-28.43215861985148],[-52.77140857043103,-28.42714570784671],[-52.77185032827108,-28.41187270964977],[-52.7828823513626,-28.40719168331007],[-52.7817794524435,-28.39847982780459],[-52.78458234441761,-28.39530498142087],[-52.78889830011489,-28.39606410476516],[-52.79252967919281,-28.40244169635497],[-52.80088274565231,-28.40247442684613],[-52.80937182951606,-28.41050455935112],[-52.81741087861305,-28.40599150930285],[-52.82923528792144,-28.4098516321414],[-52.83598100356478,-28.40674873217642],[-52.83592927412226,-28.40240665624478],[-52.82467245723338,-28.39598183331292],[-52.82478817079405,-28.38836403203496],[-52.81368071438621,-28.38425222857849],[-52.81034497553608,-28.37906790465433],[-52.81373682477037,-28.37564847908189],[-52.82744139940591,-28.37744183910906],[-52.83903900126094,-28.37123703632177],[-52.83879667007556,-28.36710402336304],[-52.82832708826454,-28.35959302290135],[-52.83057093547252,-28.3557478949146],[-52.83897205972801,-28.35612844299352],[-52.8421602762169,-28.35325190713151],[-52.84043169961087,-28.34310847720587],[-52.83179699850365,-28.33683372590103],[-52.83794229932258,-28.33108940912126],[-52.84485169094079,-28.33021818333926],[-52.84953177929135,-28.323713804211],[-52.85429404971281,-28.32510406258402],[-52.85548302275611,-28.33301673542713],[-52.86294246918938,-28.33970452945118],[-52.85439289880068,-28.34645616197261],[-52.85638282637483,-28.37049159327163],[-52.86038593968599,-28.37264018254292],[-52.86708276337471,-28.36957440679657],[-52.87229399300652,-28.37235971350523],[-52.87270042670898,-28.38072365312401],[-52.8806098299841,-28.38540679783967],[-52.87855416083131,-28.39239504433903],[-52.88084016062163,-28.39985843307078],[-52.88724844512636,-28.4039946704001],[-52.89699951018405,-28.40401021058455],[-52.89639223212374,-28.39564264642173],[-52.89946362421581,-28.39127192830125],[-52.9083370314953,-28.39027648182918],[-52.91364136722442,-28.38434856005926],[-52.91091779816209,-28.38111366503728],[-52.89989723375822,-28.37959474745864],[-52.89953422037486,-28.37595203736781],[-52.90507466861474,-28.36989320346113],[-52.89555970122282,-28.36287653611489],[-52.89479694922463,-28.35883080925186],[-52.9050337674983,-28.35440672324038],[-52.920934977469,-28.36800425279242],[-52.93087724776697,-28.36622940859806],[-52.93235279712155,-28.36121407518708],[-52.92688338324504,-28.35506997138253],[-52.93334343488439,-28.34287004542827],[-52.9412911606254,-28.33922936791205],[-52.93988499511068,-28.32954650812432],[-52.94427005416055,-28.32353070301907],[-52.93904740563121,-28.31045464652431],[-52.94529976382953,-28.3042307169478],[-52.94911627881054,-28.30603910741489],[-52.95283370295411,-28.31734233652382],[-52.96091554577076,-28.32127084648213],[-52.95860617316935,-28.32801839290531],[-52.96250241448566,-28.33383099051244],[-52.95154804717519,-28.34029107964466],[-52.95427835101172,-28.3476168418735],[-52.9635068313172,-28.35579180314175],[-52.95187936032894,-28.36140887128116],[-52.95378121849688,-28.36813220315202],[-52.96193294273307,-28.37278383463973],[-52.95703002241921,-28.38029021082158],[-52.95032924056981,-28.38394895591071],[-52.95218160896236,-28.39437652806606],[-52.96908093957492,-28.40115415390069],[-52.96831301742008,-28.40831035859022],[-52.97210868564466,-28.41728094146357],[-52.96455334408232,-28.42189724039945],[-52.96458735352395,-28.42749211955694],[-52.98144577332582,-28.43034097205165],[-52.9872671053301,-28.41540426590297],[-52.98120576503386,-28.39895675619497],[-52.98201831757599,-28.38926135743025],[-52.99056700854592,-28.38864940136903],[-52.99191405760988,-28.3978961097564],[-53.00738500959253,-28.41122588597736],[-53.01599841431324,-28.39782573640248],[-53.04133426776858,-28.38737407981388],[-53.03907454371215,-28.38279427112743],[-53.02261296497024,-28.37955921725505],[-53.02118355145459,-28.3714362924151],[-53.02591818014336,-28.36705611431706],[-53.02690011580525,-28.36049106401076],[-53.02003186580946,-28.35588060522749],[-53.01738144262401,-28.34812869136197],[-53.02388951515504,-28.33879934325057],[-53.03038708013393,-28.33979300043457],[-53.03069482195197,-28.34723067145663],[-53.03706269014466,-28.3529746943705],[-53.03938433421019,-28.35996137795218],[-53.05196077368866,-28.35828401993688],[-53.05393974143907,-28.36584101094504],[-53.0577967080165,-28.36771270906246],[-53.06904009248021,-28.36435539731594],[-53.07114318245788,-28.36004675619089],[-53.06914752366083,-28.3542813059458],[-53.07363827007197,-28.3486626738956],[-53.09887193145023,-28.33410207136321],[-53.09951325081939,-28.32412629984682],[-53.08861168825078,-28.32048524527351],[-53.08261865110812,-28.31269255998941],[-53.08460805249276,-28.30730948118468],[-53.10004063733224,-28.29679735941093],[-53.0986009626165,-28.28595243517615],[-53.08033835456461,-28.27718570022889],[-53.06094568240632,-28.30297918486435],[-53.05620257455936,-28.30422732841219],[-53.04426695824135,-28.29413649421333],[-53.0333784320325,-28.28959295284005],[-53.02664136650969,-28.2813143369601],[-53.02706334157848,-28.27557957578146],[-53.05206455880154,-28.27201356886391],[-53.06712959770134,-28.26009637645947],[-53.06495367949316,-28.25196729518483],[-53.06736050814461,-28.24888690259344],[-53.08541468811262,-28.25421819226709],[-53.11266236859445,-28.24547278451878],[-53.11356248733069,-28.23775540258216],[-53.10896375265613,-28.23318402532777],[-53.11010983363402,-28.22636091281968],[-53.10111298810973,-28.20709574132971],[-53.1046464960079,-28.19098471944029],[-53.11182538487109,-28.19495629048854],[-53.12333632039909,-28.21858512786154],[-53.13746132318488,-28.22721547582654],[-53.15908812747013,-28.21619229155468],[-53.16577817998917,-28.2169066112554],[-53.16636626483311,-28.22056246261076],[-53.15490620822602,-28.24013175589677],[-53.13920524962859,-28.25214611585345],[-53.14273443903161,-28.26038107105234],[-53.1384360031396,-28.26895808926568],[-53.1508380215339,-28.2735886766418],[-53.15304071436689,-28.27743450784144],[-53.13527745363577,-28.29381819905258],[-53.12986361242534,-28.30731574765837],[-53.13423959791223,-28.31526077759421],[-53.14446830508652,-28.32158335518263],[-53.14622435112399,-28.32891423012628],[-53.151942814744,-28.33404225413041],[-53.16119859449991,-28.33930013751048],[-53.17706644135526,-28.34015378349878],[-53.18139323038915,-28.36100071250785],[-53.1786079552416,-28.3682395876575],[-53.18580349135239,-28.37508947592849],[-53.18570721658916,-28.38401308193208],[-53.1905767211212,-28.39503310748627],[-53.17655783832524,-28.41161537046046],[-53.17707081604048,-28.42409606480255],[-53.16966750430877,-28.42946335760567],[-53.17639079481199,-28.43780829941791],[-53.17593717283158,-28.44267379463276],[-53.16837702477515,-28.44907684450029],[-53.17426251174498,-28.45864673706865],[-53.19581230022786,-28.45649455143851],[-53.20198597360431,-28.46488633916969],[-53.19404494613536,-28.47643909401967],[-53.19585442633794,-28.48388952112356],[-53.18546661078859,-28.49447123640464],[-53.19188929589016,-28.5054851371713],[-53.1783943333103,-28.51393482861543],[-53.17664275584537,-28.52546357091915],[-53.18343437560245,-28.53092068163987],[-53.18406357643357,-28.53613330514555],[-53.17729317183399,-28.5441831629531],[-53.17649319604324,-28.55066849015117],[-53.20227260127908,-28.57034023413769],[-53.22325485589982,-28.5693116455038],[-53.22797947201447,-28.57247000059005],[-53.22915155919331,-28.5793850251234],[-53.22634498169759,-28.5996681417656],[-53.21548069785361,-28.61353440140197],[-53.21971754232928,-28.6257970328016],[-53.19325640766294,-28.64708688537519],[-53.18780414605993,-28.66727845760852],[-53.17797249949648,-28.6812425864534],[-53.17984039711742,-28.68928235312223],[-53.17653385287371,-28.70168423854399],[-53.18164211555546,-28.70913018713825],[-53.2003760619089,-28.7003866950353],[-53.22033673734652,-28.69927974726581],[-53.22358724095735,-28.70356596605779],[-53.21616516728874,-28.71617929515559],[-53.21819272107055,-28.72696629785684],[-53.21445226734102,-28.74328224844726],[-53.2017465743486,-28.74886613894229],[-53.20175998011481,-28.76469681327897],[-53.20533994260097,-28.77290694916924],[-53.2003612269475,-28.78241165236354],[-53.18917331349044,-28.78533725320113],[-53.18006761703784,-28.7811185210493],[-53.17830190897919,-28.77397440789261],[-53.16939952619661,-28.76930586207051],[-53.14836723613396,-28.76771080075832],[-53.13712497406653,-28.77690270018268],[-53.13390779947204,-28.79976328864646],[-53.10942325849286,-28.80262382553269],[-53.10570196708206,-28.81512392411373],[-53.11236450257857,-28.82124439240557],[-53.10943313547577,-28.83364214689294],[-53.11483052922883,-28.84186073675682],[-53.10715450059666,-28.85417595253271],[-53.10644267088961,-28.86955492957792],[-53.10994896797702,-28.87708414083122],[-53.11075896726089,-28.89269285814394],[-53.10797457523663,-28.89753526202048],[-53.09487339277135,-28.90543869849887],[-53.07769386959286,-28.90817398627244],[-53.0775008027404,-28.91665074008612],[-53.08357091268122,-28.92009710151466],[-53.08693971178773,-28.9267872016079],[-53.08231978491644,-28.94110860695114],[-53.06889145035691,-28.95687527904454],[-53.05255954383964,-28.96183705895145],[-53.05441150888365,-28.96891532760491],[-53.07357411179653,-28.97185213503383],[-53.07081136384816,-28.97992434638022],[-53.07505318933954,-28.98921608855668],[-53.06862533118529,-29.00240216060617],[-53.05868714885236,-29.01321448522091],[-53.06083702159676,-29.02833901285789],[-53.07101373763942,-29.04088624332487],[-53.05928509926331,-29.05236049244298],[-53.05258377849427,-29.06585951544997],[-53.05961297889004,-29.0732982477989],[-53.08369897351652,-29.07478219317706],[-53.07935914770639,-29.08545424947366],[-53.07930767224117,-29.09816374257619],[-53.08805109946139,-29.11198198712243],[-53.08446635016525,-29.12247282822756],[-53.07529230500835,-29.12977353842355],[-53.073761608152,-29.13452390984961],[-53.08417498731449,-29.13851764846413],[-53.08634601301311,-29.14899886580766],[-53.0983884984914,-29.15494147310785],[-53.0956000352314,-29.16350297794545],[-53.07870024298324,-29.16866286974544],[-53.07717864351741,-29.17606320031192],[-53.10147804440867,-29.19039794656308],[-53.1101458943703,-29.21533156122661],[-53.11872205149258,-29.217952433216],[-53.12403474610399,-29.22394546496014],[-53.13136818144226,-29.22216621698164],[-53.14353960775763,-29.23033900644284],[-53.15881080583737,-29.22809424286195],[-53.17790643519636,-29.23448279276698],[-53.19833181865884,-29.22882210231704],[-53.21702228066926,-29.24190297505278],[-53.22614143223517,-29.2372506353711],[-53.23782865907674,-29.23944099506056],[-53.24066228873727,-29.23343254800398],[-53.22916707438805,-29.22201132533131],[-53.2377923338537,-29.2166905619717],[-53.23860015019006,-29.21312727633237],[-53.22010856096513,-29.19660800681202],[-53.22602800734992,-29.18636118181776],[-53.24407227405677,-29.19014374477068],[-53.24843443499952,-29.1850476643427],[-53.23253058439247,-29.17873943332232],[-53.22070510567922,-29.16598088223936],[-53.22385165359152,-29.16305039325152],[-53.23700203313116,-29.16211399816953],[-53.2422646723907,-29.15736337718401],[-53.25198402339694,-29.15705573218157],[-53.25447832814707,-29.14528384996678],[-53.2506474893799,-29.14285069193704],[-53.24073625950298,-29.14417315021507],[-53.23596368975214,-29.14840858536577],[-53.22896364903605,-29.14755365080509],[-53.22470041708988,-29.14110007385583],[-53.21358138155621,-29.14149286817303],[-53.20824260236503,-29.13654617938504],[-53.22350390022953,-29.11707031605767],[-53.21595004330625,-29.10897638450072],[-53.21594366257109,-29.1052214530935],[-53.22018283852801,-29.10271919455902],[-53.22727738166787,-29.10571473135668],[-53.23246580875493,-29.10282862747209],[-53.234229543654,-29.09584674021281],[-53.22965668378718,-29.08152761423206],[-53.25104985100257,-29.08158442134521],[-53.25708085436106,-29.07587695642754],[-53.26689044860866,-29.07366463232847],[-53.26972683721306,-29.07803622479078],[-53.2655244630387,-29.08405601196412],[-53.26765505539559,-29.09414917859644],[-53.27691701545896,-29.10022610082015],[-53.27234369542182,-29.11187951350729],[-53.26597752731338,-29.11911982355757],[-53.25771742930511,-29.11335161104154],[-53.24873796833808,-29.11292875862428],[-53.24596456323013,-29.1165734816441],[-53.24857272087946,-29.12252169388653],[-53.26149457993814,-29.12456108795405],[-53.26520408813218,-29.13319652886554],[-53.27310290191735,-29.13783100404383],[-53.2637327232377,-29.14767639212253],[-53.26326000477472,-29.15576324293376],[-53.27552397224179,-29.16267505945575],[-53.2767031981817,-29.16621704251665],[-53.26251760648513,-29.1736033283836],[-53.26132313708565,-29.17833673554949],[-53.26948350088758,-29.18216714837022],[-53.27852792560989,-29.19395503374354],[-53.26516607021897,-29.20247078890931],[-53.25521643470896,-29.20167062437219],[-53.25260281568029,-29.20552750407181],[-53.25822311367688,-29.21444050355431],[-53.25937874342279,-29.23407823613296],[-53.27062446695386,-29.23983112709585],[-53.28204218942216,-29.23559013844015],[-53.28465145971541,-29.24281687016279],[-53.27119266479109,-29.25054313733564],[-53.25858255675335,-29.24921123211502],[-53.25617071130858,-29.25795946706152],[-53.26500331376504,-29.27011575541868],[-53.27610759463264,-29.26594154181579],[-53.28471570208801,-29.27344699737939],[-53.28306834007984,-29.27830997792679],[-53.27200852941811,-29.27978585143313],[-53.26748029192213,-29.2836418982032],[-53.25531949068203,-29.28007532849275],[-53.25079145029319,-29.28316958381476],[-53.25519531707398,-29.29746645323956],[-53.26052454471528,-29.30113111564],[-53.26259229741299,-29.30789912593619],[-53.25883275975098,-29.31745009522707],[-53.28382893096099,-29.32404722075633],[-53.29084208000714,-29.32892619329359],[-53.29367645579773,-29.3375421814196],[-53.3057836807136,-29.34218425375133],[-53.30790773969196,-29.35074807821328],[-53.3191404214878,-29.35547217723345],[-53.32873355152138,-29.35638183610255],[-53.35194644361802,-29.34234850912557],[-53.38562652451663,-29.34186162279058],[-53.39080831015415,-29.35381267619794],[-53.39027904662724,-29.36034144803158],[-53.40196108269339,-29.36623281152181],[-53.4120232043101,-29.36528460553144],[-53.41832575390018,-29.38710413246138],[-53.42863336939546,-29.39730306564509],[-53.43626472094427,-29.39290217961963],[-53.45213037533662,-29.39484417158934],[-53.45666982395581,-29.3897482594993],[-53.45586052940897,-29.38261784552061],[-53.46727545617799,-29.37480179895543],[-53.47383817592267,-29.37507795490184],[-53.47851323050308,-29.38143259932075],[-53.48593973796081,-29.38404508001694],[-53.49326057883003,-29.37914021238836],[-53.51520809395065,-29.37928534522556],[-53.52369050381039,-29.36276031187491],[-53.53848777368666,-29.35878839122163],[-53.5410171658249,-29.36339768274962],[-53.53172819606711,-29.37271224289528],[-53.54114234512765,-29.38293912126699],[-53.53848490975017,-29.3917646806385],[-53.5469890946944,-29.39328061740601],[-53.54907805261193,-29.39652896229204],[-53.54594142501668,-29.40156677780445],[-53.53514687855976,-29.40320159061914],[-53.53169103610777,-29.41107511656109],[-53.53480992690755,-29.41904791528712],[-53.54650161868214,-29.41802281041548],[-53.55143770283734,-29.42835680674268],[-53.56526164528881,-29.42645618009609],[-53.58082464953096,-29.43606961786725],[-53.59597945501024,-29.42449347111025],[-53.59694633318298,-29.41711326893956],[-53.59159898422311,-29.40859878702762],[-53.60052922245825,-29.40532771795537],[-53.62287782940948,-29.40719309963438],[-53.62624454490914,-29.41051978517841],[-53.62257912951006,-29.41671462509069],[-53.60967255056038,-29.41912956938923],[-53.6033753931595,-29.43108195787963],[-53.60528433028502,-29.43695543576986],[-53.6224307890408,-29.43092819623233],[-53.63125378897263,-29.4241242183133],[-53.64010695002199,-29.42933294251313],[-53.65788397933658,-29.42642111214883],[-53.65915646442275,-29.43081686188942],[-53.64998556376916,-29.44219393380738],[-53.64047849551104,-29.44209938980563],[-53.62526519084673,-29.44768345404134],[-53.62135362078545,-29.45401200119403],[-53.62312413349954,-29.45788071648219],[-53.63048372798091,-29.45903188320531],[-53.65338160122723,-29.45446758253099],[-53.66264410634697,-29.4613009075964],[-53.65495802339436,-29.46855318134721],[-53.6606453287326,-29.47887427936656],[-53.65780855844122,-29.48459247645824],[-53.66016896881516,-29.49111668746653],[-53.65460432694363,-29.4953721632622],[-53.65473378591732,-29.50190262574636],[-53.63513801869739,-29.51125735905242],[-53.64505285974424,-29.521860957253],[-53.64505574616776,-29.52603755690339],[-53.63757864642137,-29.52923325240362],[-53.63658993454789,-29.53514603925751],[-53.61730607021819,-29.55530071229592],[-53.6157679641403,-29.5617843699129],[-53.60116154593805,-29.56905675439395],[-53.60234313589937,-29.57261864185518],[-53.61001289548102,-29.57591821632196],[-53.60948877648391,-29.58331179829962],[-53.6206607110695,-29.59704047185802],[-53.62982214182164,-29.5993373943362],[-53.64075253438051,-29.59723953410474],[-53.64720363998778,-29.60634627222995],[-53.65840569106835,-29.60710852218265],[-53.66476150839085,-29.59460576690194],[-53.6736533826607,-29.59501252293272],[-53.6824136807194,-29.58853247608764],[-53.68579229537629,-29.57337048412847],[-53.67318985023285,-29.56325540745016],[-53.67656675378369,-29.56036619602809],[-53.68417182862237,-29.56169323008957],[-53.68658319247654,-29.55785027384596],[-53.68332693022132,-29.5517254901327],[-53.67245530970639,-29.54510217896818],[-53.66885227719583,-29.536700366426],[-53.67441470447202,-29.51721532428275],[-53.68883557457358,-29.52748014656067],[-53.69146271392873,-29.53443386007374],[-53.70693292571352,-29.53898556023398],[-53.70708443501533,-29.54482077049166],[-53.71345536070584,-29.55168052383862],[-53.70949629410243,-29.55789326739136],[-53.70916229304276,-29.57642248091462],[-53.71252411184898,-29.57978606126713],[-53.71718431879913,-29.57870677244638],[-53.72664981359372,-29.56480840529302],[-53.73066341138752,-29.55254943233636],[-53.72949014085093,-29.54715123606016],[-53.7361670876248,-29.5387536643901],[-53.74324343946124,-29.54160381281917],[-53.75173687920587,-29.55123662456015],[-53.76748961154509,-29.54811051758348],[-53.77116861002588,-29.56046070196095],[-53.78654424774825,-29.56005643631936],[-53.79016379430534,-29.55504826637737],[-53.78485674853132,-29.54717327799856],[-53.78880424845008,-29.53807914821347],[-53.77782974010464,-29.53497706951997],[-53.7745826265333,-29.52782302624093],[-53.75342952297539,-29.5197037973305],[-53.75198633248919,-29.50996728988094],[-53.75582975112074,-29.50524842151069],[-53.77422363750738,-29.51492525846564],[-53.78476944077276,-29.51191738275221],[-53.79578892359559,-29.51949054448372],[-53.80760005652663,-29.51600509883221],[-53.81349714668503,-29.53033596138146],[-53.81856581304596,-29.53363631596539],[-53.8254577313719,-29.52955046048142],[-53.83527158232326,-29.53325378610525],[-53.86241726624541,-29.52396095830034],[-53.88188931473614,-29.52396609508431],[-53.88649087560527,-29.51649248696937],[-53.90427797510964,-29.51095609278921],[-53.91158435926386,-29.51760418002556],[-53.92404227093984,-29.51601085053203],[-53.92742462944816,-29.52543987858638],[-53.93830390329796,-29.52635005738242],[-53.94504119157983,-29.53030977119047],[-53.9476412229384,-29.53616522757272],[-53.94450045959689,-29.54149626589409],[-53.94576981308677,-29.54878549283013],[-53.95170604690205,-29.55931327054471],[-53.96571948685938,-29.5588667429972],[-53.97790895982967,-29.55309378091541],[-53.98537551234641,-29.55580776354944],[-53.99461137607732,-29.55400493378721],[-54.00349557258881,-29.55972063608906],[-54.02341167031866,-29.55855804927829],[-54.02557561058622,-29.55460350634079],[-54.02030982936144,-29.54625754199847],[-54.00794452397835,-29.54432806251207],[-54.00400293364701,-29.54020948614971],[-54.00386893148103,-29.53427597411397],[-54.02124507641011,-29.51425425753537],[-54.01807350895869,-29.51066072506587],[-54.00761821847782,-29.51033621718748],[-54.00313351319767,-29.50028764452324],[-54.00263508554779,-29.48891242041525],[-54.00937336698428,-29.47979622830316],[-54.00726255185277,-29.47134627838151],[-54.03274004389404,-29.44373171690521],[-54.02624112498228,-29.43741355027773],[-54.01017635084335,-29.44117785998807],[-54.00446982705729,-29.43695655802964],[-54.00496565058521,-29.43177658296598],[-54.01223615480057,-29.42625933508572],[-54.00585982637476,-29.4095462041373],[-54.01107867484107,-29.40302556120838],[-54.00926945592894,-29.39283413801538],[-54.01684806034989,-29.38640965590908],[-54.02705400496423,-29.38324613647185],[-54.03470306390466,-29.38957942283591],[-54.04707833141617,-29.38873175951443],[-54.05288464727045,-29.37333447688403],[-54.06353856554551,-29.36755391722169],[-54.06713596502977,-29.37107851110501],[-54.06583488808068,-29.38125798385288],[-54.07363747455242,-29.38967757018532],[-54.06749752098413,-29.40472304279404],[-54.06895725686035,-29.40899807061015],[-54.07566197940194,-29.41133640257382],[-54.08821502831162,-29.40393168435612],[-54.10494828167924,-29.41253258258353],[-54.11107835348705,-29.40082530989962],[-54.11179306371672,-29.39180995488769],[-54.10118080388091,-29.372970203296],[-54.11369850256862,-29.36432721132122],[-54.12791097974203,-29.37845227496362],[-54.15124544650835,-29.38721248939883],[-54.15569063942372,-29.37703971933045],[-54.15478203720491,-29.36884167032618],[-54.16316882488974,-29.35954156646867],[-54.15470992695769,-29.34760647497706],[-54.15932656468973,-29.34302701629912],[-54.15887638155564,-29.3365264205295],[-54.16449714709694,-29.33139668234621],[-54.18262358803647,-29.34854693734939],[-54.20553804551946,-29.35403820140398],[-54.2087496492098,-29.35767555420169],[-54.20837641408623,-29.36481395115703],[-54.23308003106676,-29.38168917450049],[-54.26032173930067,-29.37327702750764],[-54.26143471717731,-29.36416952418229],[-54.26914922640949,-29.3611076253231],[-54.27914484621943,-29.36698505896672],[-54.27881296721561,-29.37493695183227],[-54.28474580298403,-29.38035947401228],[-54.29944948400539,-29.37568425463211],[-54.30669953506343,-29.37779831608208],[-54.3131822172109,-29.37398417297766],[-54.32616247270086,-29.383966865574],[-54.33430473848259,-29.37999706839184],[-54.35428838318254,-29.38277464629064],[-54.3559144585138,-29.3912694919295],[-54.3666717332967,-29.39790817512558],[-54.36364288726174,-29.40609548244029],[-54.36809910166596,-29.41256918695246],[-54.36388943090902,-29.41904629042368],[-54.36959430278354,-29.42397647429551],[-54.37094854734536,-29.43173435411884],[-54.38719701849981,-29.42963156906657],[-54.39134882389848,-29.4428227164637],[-54.39645978337889,-29.44439176328354],[-54.40056262294664,-29.43791755396445],[-54.41350537171536,-29.43479953079644],[-54.42064466801421,-29.42905433700701],[-54.41736023262379,-29.42288438923655],[-54.40139297982113,-29.41533473309074],[-54.39735082823523,-29.40918745957912],[-54.41007989151331,-29.40447427983539],[-54.41645252384734,-29.39700056405194],[-54.42772812615919,-29.39875472597084],[-54.43136334126157,-29.39306480561227],[-54.42921274688804,-29.3779275840331],[-54.42653274615169,-29.37360007923235],[-54.41667450955536,-29.37162524462449],[-54.41092824983346,-29.36564393574801],[-54.40725630620067,-29.36705932809697],[-54.40623571150895,-29.37417727223307],[-54.40290101598984,-29.37636209981565],[-54.39376112975079,-29.37410025030228],[-54.37974701456021,-29.3783081419616],[-54.3745479662937,-29.37007039755338],[-54.39916353967202,-29.35595976422321],[-54.39904155758708,-29.35213671286618],[-54.39175473289512,-29.34640978015117],[-54.40083983088552,-29.33466407338423],[-54.42171463487617,-29.33544489420072],[-54.42953809687152,-29.34409037649209],[-54.45189272903695,-29.34363855132055],[-54.45888225445255,-29.33213663550979],[-54.44477366979584,-29.31267948119443],[-54.43426994154049,-29.31206471957668],[-54.42489626646226,-29.3044986978026],[-54.40555729829254,-29.29869177700595],[-54.40965513219517,-29.28408873213705],[-54.42733028321429,-29.28437568986672],[-54.43294384354317,-29.27951136312959],[-54.42119312461471,-29.25783623481359],[-54.40772749816671,-29.2525467811211],[-54.41421527249847,-29.24335998143688],[-54.43034425006655,-29.23884013077547],[-54.43476149851314,-29.24209111988349],[-54.43372022871676,-29.25816858754964],[-54.44032084041489,-29.26682310676511],[-54.44986877912864,-29.26450071175568],[-54.46155445840519,-29.26697012836224],[-54.46623696812457,-29.27276978375732],[-54.47691299254589,-29.27630601589624],[-54.47368484578308,-29.28071271287908],[-54.45357359404825,-29.2810416156188],[-54.44771508666854,-29.28704603839863],[-54.44953154258296,-29.29251617011122],[-54.46075096551572,-29.28952480091368],[-54.46559827620677,-29.29715496089509],[-54.47645364263634,-29.2982233471256],[-54.49643830238589,-29.27937935962095],[-54.50508125809434,-29.28253457957177],[-54.51282167781456,-29.28066934650135],[-54.51177808951803,-29.26441393541226],[-54.5180041608317,-29.25936262657476],[-54.52783378745109,-29.26301035056918],[-54.5401785823932,-29.25910208050078],[-54.54747246816514,-29.26640325550409],[-54.54052462290668,-29.27924295879778],[-54.55808789625964,-29.2899951368159],[-54.56771764004394,-29.31248169651581],[-54.58995576522118,-29.31297622443239],[-54.59331086149898,-29.31942828998308],[-54.59982040346067,-29.32294594442353],[-54.62211361736987,-29.32121165533285],[-54.62870042804301,-29.31300441889346],[-54.652516776811,-29.30847914229506],[-54.65525246893812,-29.30119192929102],[-54.6423125525443,-29.29962205420589],[-54.64044288148897,-29.29020552958703],[-54.65115869580368,-29.28598993810815],[-54.66042331310791,-29.27406974236883],[-54.64873399155525,-29.26288180739649],[-54.6544458061641,-29.2576273978012],[-54.65570323092903,-29.24606324927917],[-54.65891842106688,-29.24335205437436],[-54.67062979002193,-29.24635299376136],[-54.67292394120282,-29.26188855838144],[-54.68091235633469,-29.26251522785332],[-54.68505964465016,-29.26814785121735],[-54.69674967276235,-29.26911758860876],[-54.70401360848822,-29.26462792037147],[-54.6999748260645,-29.25675960108637],[-54.70047672785005,-29.24945893475714],[-54.71269169726439,-29.24819017619583],[-54.71704098683336,-29.23597690878707],[-54.72261809838419,-29.23483103226373],[-54.7304096807941,-29.2485920778128],[-54.71409645429015,-29.27064229303939],[-54.72270966075535,-29.28149135178111],[-54.73187928381665,-29.27526823997124],[-54.75599454891952,-29.27243039087166],[-54.75492096550587,-29.26033271240349],[-54.74395784343387,-29.25365813684299],[-54.74951795156781,-29.24501265888307],[-54.7624406469104,-29.24650930598045],[-54.76584047802165,-29.25934613262212],[-54.77009913403555,-29.26292597158794],[-54.77939870749305,-29.2560263783365],[-54.78649410659809,-29.2611801614965],[-54.79381622785345,-29.26172732276308],[-54.79874543878071,-29.25949651431273],[-54.79916351552477,-29.25614808346553],[-54.78704450128147,-29.24885560480604],[-54.78594885139029,-29.24201287491837],[-54.8017363279241,-29.24301878732542],[-54.80245136689594,-29.23328769581235],[-54.80580799282642,-29.22967164494396],[-54.82898246503623,-29.22931477099297],[-54.83375979154101,-29.23712106278608],[-54.84432473124234,-29.23885495689928],[-54.85255696448701,-29.2452463622215],[-54.85815375049158,-29.25717129522504],[-54.84017877906857,-29.27189497180441],[-54.83322838592225,-29.28736393056352],[-54.83500152122472,-29.29973083657509],[-54.84532830927606,-29.29867982447829],[-54.85917813013226,-29.28870436108295],[-54.86673070936569,-29.29911490462096],[-54.87794067238973,-29.30396419433213],[-54.88119601450243,-29.31117845462474],[-54.89037938757404,-29.3146784184451],[-54.88691524051313,-29.32901579596453],[-54.89127614811003,-29.32964492110405],[-54.90785540265033,-29.32020536659578],[-54.91248008894974,-29.32260564699572],[-54.90939872123953,-29.33096024564126],[-54.8846152461415,-29.34321394385454],[-54.87665721495911,-29.34364991034434],[-54.8758466837354,-29.35268061730689],[-54.86838291116158,-29.35841616875381],[-54.87101174114274,-29.36625907905899],[-54.88451009263738,-29.37104989150389],[-54.89750255544864,-29.38904083095032],[-54.8991809123137,-29.4060420179186],[-54.89031329943639,-29.4191158444737],[-54.90048851339566,-29.43109579214986],[-54.90809916392545,-29.43113176922828],[-54.9144453026787,-29.4204390375209],[-54.91988401057827,-29.42165978880133],[-54.92301208708783,-29.42913930347638],[-54.93096247749905,-29.42852400860395],[-54.94916828079775,-29.40300514756983],[-54.97042361426172,-29.40331089119995],[-54.97032053200492,-29.38792835039262],[-54.97395546858302,-29.38497664856613],[-54.98030269578364,-29.38725876846085],[-54.99722993977349,-29.38486262131823],[-55.00458428426118,-29.38747819831331],[-55.01386286613346,-29.39754458033824],[-55.0240475155089,-29.42293427509156],[-55.04360274149327,-29.42059880457552],[-55.04605522592919,-29.41569533322661],[-55.04140965853696,-29.40966180298311],[-55.02515515240628,-29.40374246750479],[-55.02477478027204,-29.39833226627331],[-55.0303508447439,-29.39343168717168],[-55.02947694676715,-29.38718042244492],[-55.0231961518312,-29.37844974599619],[-55.01456105352408,-29.37401354151917],[-55.01395897607684,-29.3703155287579],[-55.01788143731596,-29.36640965881687],[-55.02792229682695,-29.36553002564333],[-55.0420482280115,-29.37487880632375],[-55.04635299765553,-29.37423233048624],[-55.05381549593429,-29.3668115149347],[-55.04667996783746,-29.35388877803854],[-55.05545936717511,-29.34627123914171],[-55.05042915343026,-29.34232816328517],[-55.04190168046933,-29.34303058245419],[-55.03415945228716,-29.33588846219407],[-55.03232167849578,-29.32704492859553],[-55.04494890328684,-29.32525922943574],[-55.05034657167395,-29.31902572882207],[-55.06965295218551,-29.32276751046759],[-55.08161941735877,-29.31678564308055],[-55.09095212290161,-29.32208804102512],[-55.10502048361984,-29.32212971334895],[-55.1125877026603,-29.33038232607363],[-55.12171714826766,-29.33357974949448],[-55.12281954907112,-29.34824731726754],[-55.10170956716909,-29.37862273309708],[-55.10004456999731,-29.38548440061902],[-55.10611872054245,-29.39614001118296],[-55.11908450591127,-29.40213038547635],[-55.11567376966229,-29.40932904626397],[-55.11710005271243,-29.41663142645339],[-55.13707243328915,-29.43092542632388],[-55.14985550861999,-29.43153639915725],[-55.14432271692454,-29.44273466029662],[-55.13343751027746,-29.44427342078354],[-55.11111992521881,-29.47204642977695],[-55.08835586277841,-29.48092157119131],[-55.07891789514174,-29.49103970643869],[-55.06893738049122,-29.49552005716642],[-55.04655132054958,-29.484870461594],[-55.03847009796464,-29.48890558475559],[-55.03112969891301,-29.48641774112401],[-55.02151024969224,-29.46807227483876],[-55.02130232450404,-29.46138182231965],[-55.0172317326226,-29.45724305743394],[-55.01184543525043,-29.45748473327171],[-55.01203137886525,-29.46925023162791],[-55.00183350044406,-29.47067969023975],[-54.9924050331452,-29.47918529621779],[-54.99113028846687,-29.49192727934794],[-54.99433833509274,-29.49481088183363],[-55.0068265406281,-29.49557498563262],[-55.02281333015402,-29.50491932817346],[-55.02379552684311,-29.50824050155204],[-55.01901676892106,-29.51770054980522],[-55.00949294149837,-29.51850579817787],[-55.0060145401343,-29.52549041302546],[-54.99181911436779,-29.5245806563824],[-54.99355300629754,-29.53857481148517],[-54.98756752648219,-29.54108619302611],[-54.97700073216829,-29.53204291555512],[-54.97010957170521,-29.53102902180134],[-54.96586141739692,-29.52535526358492],[-54.96221651448682,-29.51785738032],[-54.96716153853165,-29.51276818109037],[-54.96692945983744,-29.50778767292593],[-54.95648385715433,-29.50261166504955],[-54.95810614722538,-29.49554365439153],[-54.95462158680056,-29.49029771180289],[-54.94379436095859,-29.49523897717816],[-54.92577580741013,-29.49532811216779],[-54.92122656851721,-29.49005739577463],[-54.92490862334936,-29.48010467312657],[-54.92094319008419,-29.47738137413961],[-54.89932157406113,-29.48344789688535],[-54.89232076473493,-29.49023342578525],[-54.88057534401581,-29.49000432231469],[-54.87604049751088,-29.47872382994213],[-54.86911090948916,-29.47431366343416],[-54.87304344890802,-29.45945083386005],[-54.85923381717903,-29.45864718124882],[-54.85655465467668,-29.45566481141453],[-54.8568819845382,-29.44313783033596],[-54.84773693418119,-29.44407924090801],[-54.83989744262117,-29.44019491655285],[-54.84208300451064,-29.43443263982598],[-54.84918059007389,-29.43096279644104],[-54.84806747772772,-29.41493174913092],[-54.85091958648622,-29.41089715333854],[-54.8589041949641,-29.40857958554476],[-54.85932453710545,-29.39944603783893],[-54.8527562447867,-29.38797592798987],[-54.83551129385504,-29.37317284463142],[-54.82305515353259,-29.36961518075799],[-54.79425193599674,-29.36812929485761],[-54.77789304634477,-29.376926282225],[-54.75750329276806,-29.37176171516406],[-54.75392015253013,-29.37730679376354],[-54.75434259191564,-29.38618823720072],[-54.76743231882482,-29.40214511957358],[-54.76587873157195,-29.41351952556697],[-54.77889911299312,-29.41904415178111],[-54.78118845852702,-29.42509495662561],[-54.78726715586968,-29.42911380532001],[-54.78701294952565,-29.43658227551621],[-54.79812751785889,-29.44161063716775],[-54.79517909667959,-29.44538910328007],[-54.78173321641316,-29.44932181115841],[-54.7792174205667,-29.45656954490684],[-54.77923348983399,-29.46922945042742],[-54.79002747685077,-29.47507880915725],[-54.79414687449457,-29.48190381701209],[-54.77684186840194,-29.49274081697958],[-54.77446518625202,-29.50033743985782],[-54.7657234079032,-29.50252252751901],[-54.76004439268791,-29.51070504933782],[-54.7712666550414,-29.52686729478857],[-54.76912700544526,-29.53330477677415],[-54.76276533664942,-29.5342451434948],[-54.75065120250107,-29.52130989652359],[-54.73826805116747,-29.52231978385351],[-54.73108528201524,-29.51669788402614],[-54.72238971257749,-29.52643763941915],[-54.7035415612567,-29.52886628781946],[-54.69061982341633,-29.52567920201698],[-54.6725610783008,-29.53420163115497],[-54.66225201559991,-29.54589537977607],[-54.66078867073438,-29.55325783557375],[-54.65158802179518,-29.56618560839737],[-54.63445485897689,-29.57298158460679],[-54.62506306449059,-29.57349429076397],[-54.61851529439127,-29.56605339363598],[-54.627860654939,-29.53494896077272],[-54.62122625804241,-29.52424094322668],[-54.60966116825745,-29.51886686140393],[-54.59689304408863,-29.52463429602942],[-54.58520780098924,-29.52321110236916],[-54.57526465587583,-29.51430182449537],[-54.57582862567352,-29.5099995143002],[-54.58447646022803,-29.50711939045667],[-54.59570376167583,-29.51157584236031],[-54.60838308252908,-29.51101992612627],[-54.61803871400126,-29.50134884091927],[-54.62993810424044,-29.50248853108882],[-54.63656079052427,-29.49407644802142],[-54.64374402938081,-29.49100169750988],[-54.65826288387466,-29.49175878628116],[-54.67068875288903,-29.48117695789267],[-54.67972249656911,-29.47801052632182],[-54.71734854798709,-29.47904969963727],[-54.72206296643623,-29.48339181214279],[-54.72731022154519,-29.49871971334077],[-54.73155192703923,-29.50009231521942],[-54.7372635490728,-29.49456718944291],[-54.7372963179407,-29.48463757739407],[-54.74770295728955,-29.47455486711436],[-54.73083211143755,-29.46275775190512],[-54.73173818488603,-29.45279349722471],[-54.74187509198024,-29.44181541948196],[-54.74183953346292,-29.43806577744691],[-54.73659657448614,-29.43355019330416],[-54.72807864271476,-29.43348361114624],[-54.72281921936033,-29.42611932837948],[-54.73476412563058,-29.4175366023426],[-54.74374850762144,-29.40538013240307],[-54.7432995100999,-29.40112433948054],[-54.73468491890727,-29.39459247992862],[-54.72079432948889,-29.39611741689583],[-54.70015569625536,-29.422717067739],[-54.68639421753392,-29.42922075346165],[-54.68110310131789,-29.42782037301925],[-54.6764751053738,-29.41994874808278],[-54.65037429868661,-29.40992903616207],[-54.63558163872239,-29.42359903327757],[-54.63459788445105,-29.42796136396603],[-54.63914554409185,-29.43454456148215],[-54.63727174018545,-29.43852469863878],[-54.61183875050136,-29.43385442521254],[-54.61064097965794,-29.42669117416098],[-54.62534270157769,-29.41819720596308],[-54.63290051530642,-29.40860764862162],[-54.63321710538647,-29.40264444287868],[-54.63941158751506,-29.39838432976312],[-54.63900009122452,-29.39471957602147],[-54.62962917746503,-29.39028373999741],[-54.62873424825283,-29.3864384475699],[-54.64465419498327,-29.37677000179605],[-54.64951963625748,-29.37052609018483],[-54.64804609247999,-29.36279252224557],[-54.63447925712,-29.36234118994975],[-54.62866280065649,-29.36857749084322],[-54.62059215690177,-29.3702881175223],[-54.61729079382,-29.37814978974507],[-54.61067475056652,-29.38205419560211],[-54.61495837879647,-29.39587196339899],[-54.60864341782185,-29.40066511795729],[-54.60044879521617,-29.4003348730182],[-54.59580465300112,-29.40688465283233],[-54.58736246140715,-29.40639829491549],[-54.57087247752711,-29.41969829281563],[-54.56878949623893,-29.42404093887649],[-54.57110348077205,-29.4382093993821],[-54.56352127441081,-29.44230975488174],[-54.56064685853453,-29.44955530955569],[-54.55427839657512,-29.45089241014549],[-54.54443224103621,-29.45898216310789],[-54.54225190364022,-29.46530283349181],[-54.54718293936592,-29.47158650074384],[-54.54281927136535,-29.48551370499912],[-54.53209070630854,-29.49081285019374],[-54.52991151169527,-29.5003242962997],[-54.54279238903867,-29.51162961298575],[-54.54241031905869,-29.51866719102265],[-54.53878412905794,-29.53365398155243],[-54.52809058381995,-29.54789613825719],[-54.51345054584094,-29.55183074953155],[-54.49026992884335,-29.54094888630167],[-54.46250346831417,-29.55381131932528],[-54.4526588607979,-29.54954609420295],[-54.44783726093375,-29.56554186586513],[-54.42494560903209,-29.58026606722643],[-54.42181475941859,-29.57824435301657],[-54.41853762416299,-29.56441925541797],[-54.39845108479651,-29.5677153457606],[-54.37610653712571,-29.55658523906174],[-54.36344604333662,-29.56158551974971],[-54.34721904757188,-29.55974364310751],[-54.3446309102674,-29.55644044574871],[-54.34961915050321,-29.5463974059818],[-54.34749476303526,-29.54248366347692],[-54.33286873579222,-29.53527364047398],[-54.31611622349984,-29.538973918214],[-54.31086080722756,-29.53242165827696],[-54.30392044974678,-29.53184443490708],[-54.29469554375265,-29.52581326901312],[-54.29099641242056,-29.5288924651456],[-54.2927387912907,-29.53980424161466],[-54.26827876751196,-29.55202408578885],[-54.24858211651424,-29.54517834500657],[-54.22417752367701,-29.55225607551315],[-54.21818118849973,-29.54938152504733],[-54.21720648524285,-29.54009540400911],[-54.19401440559636,-29.537127312557],[-54.18396163279341,-29.54294366756733],[-54.18342019060844,-29.55181372851602],[-54.18922458011149,-29.5552320034779],[-54.21009851908373,-29.55511470492359],[-54.22050160004495,-29.56434357323883],[-54.21784007903724,-29.57201859188905],[-54.2072312958765,-29.575144394447],[-54.20042087604163,-29.57091106289641],[-54.18442783846805,-29.56991010333887],[-54.17105806599632,-29.57928053681898],[-54.13354565466791,-29.58542513798711],[-54.12430782465815,-29.59440216091357],[-54.11000228870797,-29.59339142285603],[-54.10570994693465,-29.58220037783654],[-54.09611248592453,-29.57896797183041],[-54.0883384962567,-29.56591153397592],[-54.07689332436488,-29.57507339437026],[-54.07525478094501,-29.58648728541769],[-54.05287858619283,-29.60270554325318],[-54.04666729131015,-29.59986939044771],[-54.04947920328619,-29.5914783399247],[-54.0451115475778,-29.58558120233635],[-54.02795600609672,-29.5800999643922],[-54.02060306947129,-29.58082723812297],[-54.01139277381768,-29.58959202757262],[-54.00280662430567,-29.59158426341062],[-53.99694070748783,-29.59709876909002],[-53.98431965788792,-29.59752616931659],[-53.97568956527068,-29.60154670214698],[-53.96758365938319,-29.59835475079346],[-53.95070907694816,-29.59984091263985],[-53.94447905310977,-29.59138894461926],[-53.92618466886124,-29.59253284644899],[-53.90750764908105,-29.58932116886755],[-53.89743826877569,-29.58410005033689],[-53.88434557053472,-29.58430591749466],[-53.8749775575845,-29.59480994880789],[-53.85371560219141,-29.60034061608752],[-53.85252674609642,-29.61044242790209],[-53.84358944377441,-29.61892482654889],[-53.84362989282373,-29.63809977847906],[-53.83417915552126,-29.64402120012083],[-53.84076397380873,-29.65714713410701],[-53.82934127700639,-29.66934126736689],[-53.84115325811173,-29.68477708188835],[-53.8453350549457,-29.68484643831452],[-53.85386750761538,-29.67789803556678],[-53.8632912151946,-29.68291287415885],[-53.87586422227825,-29.6830054014532],[-53.88173056835021,-29.6909421995929],[-53.87721954908252,-29.70542362080059],[-53.85190428582077,-29.70950951138684],[-53.83816193052293,-29.70577376155568],[-53.83339299304085,-29.72227471947788],[-53.82665375762586,-29.72731870180764],[-53.82235627857509,-29.74268436681292],[-53.81900569736857,-29.74502949494495],[-53.81012066363402,-29.7340502736149],[-53.79768317199522,-29.72750689837061],[-53.79752260568105,-29.71863507545543],[-53.79030959780088,-29.71648554892578],[-53.78716960024125,-29.70997841196302],[-53.77534960244054,-29.70566123915913],[-53.77453484849599,-29.69656326207201],[-53.76394891869904,-29.69295424974086],[-53.76116084652102,-29.6791682509013],[-53.74119559474277,-29.6664129429925],[-53.73596924510679,-29.66734821763832],[-53.73465811460488,-29.67417924975926],[-53.7279550258855,-29.68025306479689],[-53.6971475822013,-29.67971170260641],[-53.691876770428,-29.67331190009885],[-53.69766848542103,-29.66291689345973],[-53.68753367281376,-29.65704484456379],[-53.68739517408595,-29.64088175029114],[-53.68436673451871,-29.63786850304979],[-53.67145835228228,-29.64466468381928],[-53.67096478548731,-29.65596897229301],[-53.66505769565391,-29.67080532883321],[-53.65327660558512,-29.67874147182625],[-53.64054051455654,-29.67339087438739],[-53.63575159198697,-29.67518753179159],[-53.63798238854205,-29.69113086320481],[-53.64472152935291,-29.69865061988378],[-53.63892120097529,-29.71568155274823],[-53.63443712824031,-29.71627366011863],[-53.62279687029538,-29.71019297428535],[-53.61952146901991,-29.71902087008909],[-53.61589487081056,-29.7209697873397],[-53.59483189229719,-29.71088687715796],[-53.58067076279498,-29.71346373411669],[-53.57607439626953,-29.71608999489153],[-53.57220037045364,-29.72989903984253],[-53.56695152586018,-29.73389371433055],[-53.55456016411352,-29.72423341232894],[-53.53837589367372,-29.73253387494302],[-53.52814208115754,-29.72616405200014],[-53.51341604763108,-29.73046288500052],[-53.50421849989996,-29.72478962328289],[-53.50232369551647,-29.7031427479548],[-53.49750136935096,-29.69182476678576],[-53.49042240887913,-29.6855572432225],[-53.47130011108813,-29.68426379773951],[-53.4666752769798,-29.67351902332883],[-53.46158825959613,-29.67054687203012],[-53.44871381266518,-29.67389765831587],[-53.42233282350939,-29.66990851097144],[-53.41572873641272,-29.67333635226761],[-53.40062253503501,-29.67094339787626],[-53.39294182503923,-29.65336377283858],[-53.38012377429698,-29.65237723731857],[-53.36253107169799,-29.65867964753548],[-53.35308297840466,-29.69067159437173],[-53.34601808543162,-29.69867929888129],[-53.3313932715466,-29.69781176361198],[-53.31766025594089,-29.68956443894951],[-53.30209459035198,-29.69476303779015],[-53.30412053174967,-29.70686971613322],[-53.30027585829595,-29.72158075802152],[-53.31062655817509,-29.73158157801786],[-53.31842944899061,-29.72924722513148],[-53.32651628689217,-29.71913269739276],[-53.32634913762555,-29.70721034253111],[-53.34099351109928,-29.70755021542113],[-53.34097342325045,-29.73554851022707],[-53.34903717145582,-29.74851497711548],[-53.34558284612308,-29.75108151975691],[-53.3307690346009,-29.75025216613336],[-53.30470820307713,-29.74249125578243],[-53.29369624340947,-29.74994186236575],[-53.29242208903832,-29.76476838602676],[-53.30178328311475,-29.77183248079014],[-53.31425220235446,-29.7740521548892],[-53.31309117627402,-29.78005273312512],[-53.31635242564753,-29.7850942395879],[-53.31441061307886,-29.79831398222116],[-53.30416915932322,-29.8021545648619],[-53.28035151688731,-29.79878985287281],[-53.27399809951807,-29.80169177276166],[-53.26823399933962,-29.8067208980123],[-53.26485987951954,-29.82175654195095],[-53.26947458403078,-29.83491971397688],[-53.26051405675639,-29.8394543479021],[-53.23898467758256,-29.83785516251648],[-53.21224270148089,-29.84239442837029],[-53.20416161033818,-29.84028855800505],[-53.19601038486859,-29.83169313104705],[-53.18789735544893,-29.79251015555777],[-53.1795599654038,-29.77364967545965],[-53.17014038534218,-29.77046615373881],[-53.15110747307421,-29.75373455930599],[-53.14664266976919,-29.75439497186461],[-53.13554823248628,-29.76500454350826],[-53.07125515449764,-29.76169648447904],[-53.06854986716191,-29.74749710329464],[-53.07044751368178,-29.74158098174227],[-53.06696688181551,-29.73537627903232],[-53.0704163545196,-29.72367901355313],[-53.06549534746129,-29.71551043921202],[-53.0478820463872,-29.72211795530504],[-53.03648820756865,-29.73074243577859],[-53.01347279182615,-29.73855798974514],[-53.0024580839688,-29.75250298796157],[-52.98177669253641,-29.76598756007299],[-52.97622300393668,-29.76229395284211],[-52.98239776147923,-29.75550919614858],[-52.9827866470166,-29.74770411991153],[-52.96909011428203,-29.73706215597046],[-52.97203623962629,-29.71961831708741],[-52.96135272053267,-29.71357681844016],[-52.95097494490665,-29.7143497834168],[-52.94298280658635,-29.72050262429818],[-52.92917583854581,-29.72389358685965],[-52.90778020564345,-29.72604119782994],[-52.8983483993625,-29.72126552119659],[-52.88527289350998,-29.72169602834932],[-52.87591365003211,-29.73205274780144],[-52.8644183255087,-29.73280114933525],[-52.85937569473901,-29.74194255053757],[-52.84836115128866,-29.74825355659249],[-52.82898615954436,-29.74167640420808],[-52.79661912341314,-29.74359740200337],[-52.79065605240451,-29.74690050235514],[-52.77827460615782,-29.74438390846518],[-52.77202095952605,-29.74625566975897],[-52.75985516813886,-29.74388342284221],[-52.75542598744842,-29.73771926434496],[-52.73879393676422,-29.73244003310968],[-52.72478645323723,-29.73457564280993],[-52.7078880710978,-29.74196596945771],[-52.67387111849455,-29.74560925781079],[-52.66768340773266,-29.75285434026829],[-52.65521889847999,-29.75190408725553],[-52.64569350840519,-29.74360502523633],[-52.63052732506576,-29.74580078013754],[-52.62208613419048,-29.75226696022157],[-52.62214706141842,-29.76794722921698],[-52.60206203493754,-29.77446735020216],[-52.60134194442252,-29.78043203339796],[-52.60926124605484,-29.7883923772495],[-52.6089203915569,-29.79214941401044],[-52.57447904109809,-29.80690754499481],[-52.56845684114595,-29.81817700420936],[-52.55590365354414,-29.82443726742054],[-52.55205206375312,-29.83175309132931],[-52.53736279765167,-29.83382984697593],[-52.52601469362439,-29.84424311047338],[-52.52544740516418,-29.84816585943828],[-52.53744972649822,-29.85822766428077],[-52.53788650351071,-29.86240110164049],[-52.52017081354452,-29.86399596928134],[-52.51787968621836,-29.87120828487446],[-52.51011223202263,-29.87630896029376],[-52.50313051259079,-29.88843976502985],[-52.48678839948121,-29.89091259811194],[-52.48423837138655,-29.89703780276316],[-52.48547329438866,-29.90778389663978],[-52.47575496629896,-29.91304245890198],[-52.46831384374531,-29.92753123559314],[-52.44938605697455,-29.92652515936005],[-52.44826907034038,-29.94007352320159],[-52.44479311579463,-29.94432112712787],[-52.43630219137636,-29.94306618488584],[-52.42704011348525,-29.9473602774807],[-52.40308680314619,-29.9466011399742],[-52.39884215329015,-29.95498362477334],[-52.39042213222515,-29.96099413604784],[-52.39824256022857,-29.97223938010102],[-52.40649056886999,-29.97607419979147],[-52.40592661133065,-29.97980441255719],[-52.4015311465141,-29.98127280037574],[-52.37790594849885,-29.97651975194049],[-52.3720791995969,-29.96694850215416],[-52.37280025309661,-29.95391293914791],[-52.38454181333738,-29.94822314784908],[-52.38631252922546,-29.93689644840173],[-52.39939676224221,-29.92213951382014],[-52.41617752589923,-29.92282832149332],[-52.42404224270506,-29.92815001989685],[-52.42842274071733,-29.92739102785375],[-52.42731102800768,-29.9108091258202],[-52.43372693655191,-29.89874863195652],[-52.44762304722136,-29.90481379808411],[-52.45962862444211,-29.90146815653281],[-52.46564309362454,-29.89157891223934],[-52.46527489139615,-29.87398462247325],[-52.46908042882281,-29.86659513958786],[-52.46850561016979,-29.85650721386597],[-52.4610107562495,-29.84482599488938],[-52.46577978904129,-29.83271065306901],[-52.46440419017836,-29.82259321802908],[-52.4478440369522,-29.81322992000294],[-52.46124370254206,-29.79972792635052],[-52.45716410757067,-29.78954906491813],[-52.44612310646399,-29.77927079830798],[-52.45643451469856,-29.77352522181993],[-52.45118119906111,-29.75672242815231],[-52.46109978920796,-29.74411008563968],[-52.45397465395874,-29.73215386546201],[-52.44973891343229,-29.70907075205849],[-52.4525913889635,-29.70102446097442],[-52.44836579575316,-29.68687663807],[-52.42556807303894,-29.69016172691014],[-52.4163829745293,-29.69843563682781],[-52.41008378052556,-29.72012425609557],[-52.40985760577355,-29.73407241459671],[-52.40065679384156,-29.74030108515806],[-52.40143801094261,-29.7457874731117],[-52.41031147089651,-29.75421303279109],[-52.40683337916533,-29.76262767588015],[-52.40941386963672,-29.76990399662515],[-52.396346413463,-29.7774017723466],[-52.3877962114787,-29.77736576298202],[-52.38539480162673,-29.78601117621678],[-52.37549033312498,-29.79489609983711],[-52.36953225676628,-29.79333601450987],[-52.36890491953378,-29.78176156991091],[-52.36227848807257,-29.7811202701674],[-52.35355995053683,-29.78587999319207],[-52.34833108237695,-29.8024155854264],[-52.34155758130509,-29.80614551180102],[-52.3339691561986,-29.80035824345908],[-52.3394549702892,-29.78719061409784],[-52.33743191175039,-29.78351951162151],[-52.32230317533801,-29.78744354789689],[-52.31491319126776,-29.77781190808328],[-52.29530949491476,-29.77903930848125],[-52.28258158530888,-29.76809205375074],[-52.25405484065295,-29.76593667279068],[-52.24570496436989,-29.77270096921807],[-52.2439419760267,-29.78337804783292],[-52.22784653706512,-29.79254560495527],[-52.22749416770851,-29.80353952718373],[-52.21726786849185,-29.80610471020035],[-52.21657383996345,-29.81302674527093],[-52.21119549143512,-29.81955122815448],[-52.21458887274051,-29.82945661390716],[-52.20301712436878,-29.83544733340692],[-52.19112479734593,-29.83216126890105],[-52.18436021661308,-29.82175769690474],[-52.17598955921601,-29.81981007387027],[-52.17089612312962,-29.81022547821886],[-52.18243533162842,-29.79958401174021],[-52.18981023136808,-29.79792953182749],[-52.20234237875477,-29.78348543991374],[-52.18380394024964,-29.76246761852823],[-52.18566694674083,-29.75408902049704],[-52.19092348084349,-29.74907225528549],[-52.20150361172713,-29.74661172877459],[-52.2181019593306,-29.75326875545198],[-52.22558154850415,-29.76122849061797],[-52.25081736863524,-29.75765010425299],[-52.25528574448864,-29.75296314957696],[-52.25676597299304,-29.73475888162281],[-52.26007110878965,-29.73076981309597],[-52.27178616177395,-29.73590246860567],[-52.28491650786878,-29.73767241225758],[-52.28860931442875,-29.73537523109834],[-52.28810554468902,-29.72911957543256],[-52.27650264894839,-29.72144989547011],[-52.27063290352206,-29.7077626421841],[-52.24996410870293,-29.7035514071718],[-52.23011436493055,-29.68679001530386],[-52.21840045598111,-29.68295907310339],[-52.17346800782368,-29.68279468820484],[-52.16720902123095,-29.69717686502907],[-52.13555401744706,-29.72583225830731],[-52.13814267572748,-29.74414237012081],[-52.13408678910692,-29.74755688784405],[-52.12623827361703,-29.73744190919647],[-52.11774241584853,-29.73286096193781],[-52.08186401927563,-29.72627495595302],[-52.06850204391537,-29.72846845674485],[-52.04811709848168,-29.72587616327361],[-52.04342078392434,-29.71989875577009],[-52.04379982420178,-29.71342960352281],[-52.03032083792806,-29.70358129332698],[-52.02133901949365,-29.70911812132659],[-52.00968382493735,-29.71095230023725],[-52.00694107941925,-29.7191353863777],[-51.98696075097168,-29.73688428711684],[-51.97799702694756,-29.75808836282334],[-51.94735446736647,-29.77827727291933],[-51.92599805635792,-29.78682772063179],[-51.92129100161864,-29.80549984682801],[-51.89911867890181,-29.83318180443012],[-51.8833118897825,-29.8394573993094],[-51.86016393881327,-29.83516604391475],[-51.83901922971498,-29.84485941133807],[-51.83633996101062,-29.85421136574287],[-51.82634746981213,-29.85629120838383],[-51.82278158641296,-29.85169905377807],[-51.83751850244682,-29.82448655410638],[-51.85733675225328,-29.8171042130994],[-51.87521816650029,-29.80606669320798],[-51.87039181376453,-29.79041386035387],[-51.87579656243349,-29.77506249198504],[-51.88309537013148,-29.77114137634181],[-51.88861774049436,-29.75461619104862],[-51.88460199026714,-29.7452885318777],[-51.88985036016476,-29.74004078137204],[-51.90328802327507,-29.74334382723206],[-51.90791165471125,-29.72699702329588],[-51.89022915571917,-29.70610717541729],[-51.88262308024924,-29.70386209351803],[-51.8644229855169,-29.70599945519498],[-51.85798670600533,-29.70322371956307],[-51.85582484011162,-29.6963308624423],[-51.85006633539549,-29.69266185934664],[-51.83945444860587,-29.70085778708613],[-51.83654597574549,-29.71136611327189],[-51.82691790388903,-29.71598530079549],[-51.81366453260483,-29.7165270489459],[-51.80707344794412,-29.70534044194299],[-51.80796661049467,-29.69276263281997],[-51.79109098612776,-29.6779982924995],[-51.7931886133244,-29.66628828700774],[-51.80811222473731,-29.66287505200921],[-51.80753467248086,-29.6546256764572],[-51.8029556124038,-29.64623790122207],[-51.79235192152188,-29.64215150661163],[-51.77999073757399,-29.64795811209127],[-51.77604076333815,-29.66107404020552],[-51.76703156232976,-29.6670346869672],[-51.77252904771345,-29.67769468809142],[-51.76813372100381,-29.68371001918495],[-51.76837029600466,-29.69672155978246],[-51.76520701751059,-29.69954531912207],[-51.7585319301264,-29.69808479809832],[-51.747008051375,-29.68208066115615],[-51.73844623601617,-29.68651755313651],[-51.72542147541758,-29.6877741501142],[-51.71881965203836,-29.68224731834542],[-51.70395440781954,-29.68397601289057],[-51.69530146801541,-29.6767219702616],[-51.68954993260992,-29.68439669973075],[-51.68037988305645,-29.68694582539938],[-51.68222450951544,-29.69507850444065],[-51.6775054876813,-29.69904686892169],[-51.65471051559123,-29.6982612645734],[-51.64561470348134,-29.70480076952229],[-51.6313688442232,-29.6924298736135],[-51.62072882381135,-29.70071858032458],[-51.61289491037201,-29.70269126439409],[-51.60551888782511,-29.69352649437288],[-51.60721144839416,-29.67853190793922],[-51.59641109452195,-29.668626853021],[-51.58620591366642,-29.66881046324254],[-51.57937222670727,-29.66402814206964],[-51.57055852042501,-29.66823627439701],[-51.56042597704958,-29.66750989475311],[-51.54825444461503,-29.68913798393379],[-51.53942047075415,-29.6907355824883],[-51.53444139283199,-29.69722569445722],[-51.52232458508599,-29.69546538107999],[-51.51503783143227,-29.70352149713298],[-51.48492329645688,-29.70768042977874],[-51.47875272079059,-29.71510368194306],[-51.46343189674882,-29.72338992531551],[-51.45617587452073,-29.72034887822555],[-51.44914040342564,-29.71064605832893],[-51.43531282803848,-29.71113729712724],[-51.41295739067296,-29.70426070815502],[-51.40937906886935,-29.71242071386245],[-51.41127211135593,-29.7197808221299],[-51.40575189058323,-29.72795033510166],[-51.37282746880119,-29.74643687244584],[-51.36771178637533,-29.74545838106603],[-51.36279973625658,-29.73981524483999],[-51.35551085542023,-29.7228060298339],[-51.34662755675538,-29.71935906540951],[-51.34232817004657,-29.72450676158502],[-51.34947352200977,-29.73481205450852],[-51.35048044972879,-29.74465571049208],[-51.3429343010291,-29.75571419996093],[-51.33085465835183,-29.75867652450083],[-51.32761133995784,-29.76575982176044],[-51.33261983919318,-29.77480359129217],[-51.33100154605336,-29.77971155381063],[-51.30224253395053,-29.78571356538022],[-51.28328590310781,-29.78113657100816],[-51.27807207793732,-29.77421769890552],[-51.25319080379608,-29.77443468689491],[-51.22985251948434,-29.7866831180847],[-51.23061567722122,-29.79441919091307],[-51.22406668412907,-29.79968857850701],[-51.22322239125784,-29.81313544033423],[-51.19993105619573,-29.80970339720178],[-51.18813645898287,-29.82336964160596],[-51.17706685600758,-29.81987708588843],[-51.16857246446708,-29.80464858539796],[-51.15648329589028,-29.80991749136829],[-51.13493698460068,-29.81191960825231],[-51.1286855919731,-29.8168888132029],[-51.1279348089685,-29.82602735225087],[-51.12105690823604,-29.83062259103344],[-51.12092105952474,-29.83737271056818],[-51.11176116287853,-29.84458106131885],[-51.1189389780349,-29.85483847285183],[-51.11390326182093,-29.85908470782731],[-51.09758321908832,-29.85527167000759],[-51.09426019380508,-29.84884702325936],[-51.08634047858921,-29.84670950594938],[-51.06016828103851,-29.84896179776682],[-51.05386464135029,-29.84191159358244],[-51.04230564463586,-29.84943948619244],[-51.03688682861196,-29.8496896634525],[-51.01927829762537,-29.83920102898572],[-51.01083147453545,-29.85038335079759],[-50.99608549136786,-29.8517533254369],[-50.99154302827154,-29.85953488191509],[-50.98072436063222,-29.86696550222191],[-50.95723667691071,-29.85148703545765],[-50.97253758510389,-29.83478905547276],[-50.96980307322943,-29.82782927162776],[-50.96051957843128,-29.8270550980746],[-50.93877773789227,-29.83824232608163],[-50.92881151537776,-29.85257344445816],[-50.91942011678918,-29.85157807524883],[-50.91838888138612,-29.84284228536102],[-50.91528551415015,-29.84041797031202],[-50.90807561085592,-29.83983736383261],[-50.90329871698115,-29.84678703848713],[-50.8944051699816,-29.84688555826003],[-50.89263788894704,-29.85045838424764],[-50.89871601846254,-29.86307011896687],[-50.89789813050638,-29.86777240183918],[-50.88890663362139,-29.87258841058367],[-50.87727618092009,-29.87349654588408],[-50.86541727431167,-29.85773266831668],[-50.8588835781685,-29.85493387264049],[-50.85567500514697,-29.84258199599687],[-50.84785742674745,-29.83910938786382],[-50.84600679168724,-29.83068724034654],[-50.82989077529468,-29.819243146377],[-50.8186785810366,-29.8184005898576],[-50.8142395926378,-29.81313962605952],[-50.80010690355758,-29.80895047384956],[-50.79986116271207,-29.79182662832751],[-50.79114024894514,-29.78742861254305],[-50.78521110015648,-29.77894340190547],[-50.74592227781624,-29.77820856275768],[-50.743366123915,-29.78184283322948],[-50.74749522492313,-29.78961414841707],[-50.74199261869801,-29.79726461450564],[-50.71939264022097,-29.80478162636548],[-50.70834074816799,-29.80359547993022],[-50.69982198928808,-29.8099912241629],[-50.68756227928783,-29.80289857932085],[-50.68041742078075,-29.80292539696939],[-50.67617134709826,-29.79784801328507],[-50.66930050484011,-29.79752240380558],[-50.66263945511707,-29.7889373532468],[-50.64563763411753,-29.78980613628434],[-50.63838003595642,-29.78720978848442],[-50.63019390165911,-29.79035934906159],[-50.62180892264968,-29.79937391589476],[-50.60472665519302,-29.8054820851344],[-50.60144013780218,-29.81527772854505],[-50.58427987872184,-29.82596893292744],[-50.57522712582612,-29.82187646517922],[-50.56961622938125,-29.82325928453842],[-50.56498593649001,-29.83230694682706],[-50.55780404340407,-29.83224772923984],[-50.54822788396987,-29.8171427109404],[-50.54076610136996,-29.81819503949193],[-50.53809363753047,-29.83830077434126],[-50.53474945605372,-29.84152266137782],[-50.52757564113686,-29.83986846960085],[-50.5237781861624,-29.84218240955148],[-50.52171152940107,-29.84816940102464],[-50.52426416949167,-29.85395204845631],[-50.52039640775731,-29.86049438043419],[-50.52314221193157,-29.86393730440923],[-50.53708205864672,-29.86663036325981],[-50.53832999569579,-29.87387804285684],[-50.52678188432711,-29.87791794060556],[-50.5156355983714,-29.87622807617619],[-50.49892592027658,-29.88193141391411],[-50.49951053626977,-29.88670102344176],[-50.51318397863436,-29.89766091913279],[-50.51153318928085,-29.91094842714102],[-50.5179309427667,-29.92845104362031],[-50.51181554424993,-29.93307511762869],[-50.50255696852591,-29.93253887380544],[-50.49085892962471,-29.92604748916285],[-50.47362553938182,-29.91137952103477],[-50.47148230965474,-29.90538273132885],[-50.47559521320554,-29.89774863245714],[-50.45975570520218,-29.88758016578575],[-50.45786597468476,-29.87856446656412],[-50.44569407664138,-29.8811611304392],[-50.42922263097903,-29.87800878152743],[-50.41454517341917,-29.86801740648586],[-50.40439217501189,-29.87003793544648],[-50.40134248075767,-29.87745076198226],[-50.38231262776707,-29.89043867954555],[-50.35717995567469,-29.89232541606587],[-50.34591036426229,-29.89721808345217],[-50.29463143105135,-29.89484247429955],[-50.26369472080168,-29.87870071329213],[-50.25058232968194,-29.86254582860811],[-50.24692171709864,-29.84000368012121],[-50.25018024937052,-29.82507992147219],[-50.24041489069636,-29.80447817374877],[-50.23185690688952,-29.79466178977346],[-50.23522024247001,-29.78430576549134],[-50.22325500918304,-29.77283630962605],[-50.22688356530338,-29.76323485778887],[-50.20647596177839,-29.74517582885308],[-50.20240487397728,-29.74733333175864],[-50.19886123713898,-29.76191188475295],[-50.18303633816355,-29.78307539274099],[-50.17727945354379,-29.78202572703039],[-50.17168838749465,-29.76632825952732],[-50.17060762651607,-29.75838125095564],[-50.17840134322407,-29.73748317018634],[-50.20096625453689,-29.72443351031544],[-50.19769268366527,-29.70665468824938],[-50.20262899760539,-29.6940597080929],[-50.19982172549279,-29.69084125139657],[-50.1861263545892,-29.69214038133917],[-50.17377737723205,-29.69849421941296],[-50.17140431106175,-29.70963139449247],[-50.16522032782615,-29.71543710400934],[-50.14055691864141,-29.71450888456597],[-50.13358922302215,-29.73046424447487],[-50.08337476096003,-29.76630754340759],[-50.07892280737736,-29.78164858760066],[-50.0835604703367,-29.79725969908484],[-50.08234486169411,-29.81015394088142],[-50.08708766359054,-29.82231719359482],[-50.0872997759182,-29.84415666652904],[-50.08223236127222,-29.84626646820923],[-50.05967267181297,-29.83402096636962],[-50.05465696279493,-29.83432289715212],[-50.05286897988435,-29.83846566886936],[-49.97639754584279,-29.69715094786094],[-49.91158998058765,-29.59077843459616],[-49.8285525989841,-29.47576889193244],[-49.73938422910174,-29.36315909266483],[-49.73086606026824,-29.35733292679313],[-49.73036431081673,-29.35015642638496],[-49.71256592172895,-29.3255720268254],[-49.73044778049731,-29.32911992077251],[-49.73695233129344,-29.32518558345202],[-49.74518316462854,-29.32822215774855],[-49.74667743804836,-29.32412169689383],[-49.74356364383902,-29.31971733582055],[-49.73005180640308,-29.31711110556988],[-49.73660180750912,-29.30990390132319],[-49.7375092057448,-29.31504259089135],[-49.74358948530103,-29.31148539438056],[-49.74464328939393,-29.30726807345877],[-49.74062034643647,-29.3067136424974],[-49.7424307320139,-29.3016812398934],[-49.73879226069373,-29.30155336209458],[-49.74209739154389,-29.29882033587252],[-49.76775800589704,-29.29988244686111],[-49.77592972708317,-29.29740993138385],[-49.77912100756183,-29.29126412023266],[-49.79054218574605,-29.28588473056622],[-49.79563488855286,-29.28945090725727],[-49.80989919756783,-29.2868036359988],[-49.8117357520711,-29.28374630196044],[-49.81737979158144,-29.28565380241316],[-49.82916337851479,-29.27598122422646],[-49.83682426269806,-29.2747739570613],[-49.8386196764837,-29.27925891154079],[-49.84068013541103,-29.27649312806071],[-49.84350822550518,-29.27784201814552],[-49.84792345500335,-29.27266520121028],[-49.84302249296224,-29.27189846055331],[-49.84500360728453,-29.26840804375352],[-49.84172830116579,-29.26053064556908],[-49.8550721375178,-29.25685598981156],[-49.85313194959249,-29.24990006930981],[-49.84924578145394,-29.25048028760672],[-49.84873798850539,-29.24728151690574],[-49.85742581317064,-29.24517086756925],[-49.8578641958912,-29.23240404303329],[-49.86923544641579,-29.22443882390045],[-49.87748840471048,-29.22503755531761],[-49.87840398951428,-29.2214221886263],[-49.89062067643632,-29.21934793826211],[-49.89803533302013,-29.21411627837779],[-49.90300722623206,-29.21487733729934],[-49.91286602551187,-29.20794281677476],[-49.93543401448621,-29.20828151053492],[-49.94983445278912,-29.20072330828498],[-49.96501506151033,-29.19944454259672],[-49.97094642518469,-29.20409619362287],[-49.96928188550701,-29.21178010397306],[-49.99658523354951,-29.22826226329639],[-50.00993222046336,-29.225409539574],[-50.03482557244897,-29.23280891210943],[-50.03654670797422,-29.23784623989163],[-50.04178743203263,-29.24042568100856],[-50.0629722614723,-29.24214653161846],[-50.06534009262241,-29.24958038685806],[-50.06847998459077,-29.24540884591996],[-50.0878739985454,-29.25401487186641],[-50.09473502034098,-29.25138162547958],[-50.1013705230319,-29.2558626679041],[-50.10764868328842,-29.25349912695473],[-50.10747031534863,-29.25733852029659],[-50.11432417477575,-29.25761778247212],[-50.11548269305757,-29.26228044696189],[-50.10917945338145,-29.2796750166247],[-50.10075597832702,-29.28392379109551],[-50.099591704696,-29.28840117836171],[-50.09198761784956,-29.29392681035246],[-50.09244832892958,-29.2975790389392],[-50.07203652376145,-29.31031378588455],[-50.06413660682837,-29.31083540283596],[-50.05121500114721,-29.32411127322876],[-50.05006878947707,-29.33192249488058],[-50.03369706986471,-29.34984653292657],[-50.04100273501831,-29.35506588704604],[-50.03813103164348,-29.34817429650807],[-50.04677577455561,-29.34035856389538],[-50.05094696363658,-29.33905576549398],[-50.0594681668234,-29.34421709534765],[-50.05621913286743,-29.33896405501898],[-50.06874582719074,-29.34260660710452],[-50.06616502950401,-29.33906506105046],[-50.06048843103554,-29.33853924089592],[-50.06020435982809,-29.33534815857576],[-50.06648140941599,-29.33550957884297],[-50.05815095553928,-29.32925798835597],[-50.07446798507303,-29.32819706124176],[-50.06577266526313,-29.32191759691791],[-50.07361691301546,-29.32477388927263],[-50.07282349781432,-29.32038912219026],[-50.08134239268296,-29.32101524640644],[-50.08774595282491,-29.32432275303024],[-50.08375727814703,-29.31392993943392],[-50.11249399541288,-29.30575223318426],[-50.10523117844364,-29.29936281535026],[-50.11997069715794,-29.29678059314306],[-50.11711099671789,-29.29180434760329],[-50.12370301412614,-29.28716814400994],[-50.1230092175892,-29.28197250653529],[-50.12721746247289,-29.28142533716855],[-50.13012437463307,-29.28575695189583],[-50.12873636980836,-29.3035542498545],[-50.13406697967837,-29.30216252053559],[-50.13293766094134,-29.29948007930474],[-50.13593224275492,-29.2997686269642],[-50.13900956314959,-29.29095018436612],[-50.14493278005292,-29.29359430451559],[-50.14036953034535,-29.28969974628289],[-50.1437339974869,-29.28425211385526],[-50.1396364499677,-29.28195477476414],[-50.14364706347341,-29.28048945583646],[-50.15048204212772,-29.2853039966268],[-50.14345843938111,-29.27581765761757],[-50.14513689784809,-29.26745961247844],[-50.13982632009989,-29.26650030759619],[-50.14618711285097,-29.26174069552659],[-50.14588773412215,-29.25831819900316],[-50.13875310750728,-29.25352459607901],[-50.15002361701703,-29.25415020851906],[-50.15158014296698,-29.24810949059883],[-50.16124594243474,-29.25479308664856],[-50.16210562861166,-29.2524765667734],[-50.15522866056386,-29.24768751356641],[-50.17750912382671,-29.24852129106543],[-50.15185891955608,-29.24322257052255],[-50.14068321130601,-29.23778335987386],[-50.14071401070635,-29.22840949291784],[-50.15123255147128,-29.23015521632029],[-50.15048526649288,-29.22618055942387],[-50.14497340363955,-29.22389955529116],[-50.15066892142897,-29.22457272628455],[-50.14343683953194,-29.21691742961955],[-50.13473655421026,-29.21507171958179],[-50.13705892668877,-29.21206965406951],[-50.13396789750075,-29.20790735008043],[-50.1402538755616,-29.20686410804218],[-50.14276435495034,-29.20142307347371],[-50.16154764383958,-29.20394193186008],[-50.14481929169816,-29.19746433636653],[-50.13964692131195,-29.1922198023124],[-50.13650244314477,-29.19848045115011],[-50.13018470547992,-29.19831508732121],[-50.13006641505692,-29.19599925912405],[-50.12036784558896,-29.19774000056845],[-50.12746214347504,-29.20070275046867],[-50.11281601328918,-29.20522092109042],[-50.11552365254716,-29.20882108498428],[-50.09327532230861,-29.21278078475356],[-50.10169009628698,-29.22547487731353],[-50.11244557860205,-29.22373309246723],[-50.1111380980755,-29.2288439703775],[-50.10601778808877,-29.22941491679756],[-50.11269115557784,-29.24000683940669],[-50.09355195245447,-29.2236787188637],[-50.09240988997505,-29.22676241810367],[-50.09856906116416,-29.23553418901338],[-50.09515663811354,-29.23731420295228],[-50.08413783002426,-29.22712369782151],[-50.08899759505697,-29.22354659419912],[-50.08376651182829,-29.2153817815141],[-50.05166973785501,-29.21440454317754],[-50.04699793597422,-29.21718419057586],[-50.05271703485138,-29.2130902100773],[-50.07571025533021,-29.21586349703275],[-50.08398003177912,-29.2138364286],[-50.09134616537155,-29.21979546320516],[-50.08476798626256,-29.19827536341074],[-50.09035945972056,-29.20127968063476],[-50.09690181503789,-29.20029177997489],[-50.08500675066435,-29.19292343684289],[-50.08878815525637,-29.19150890695038],[-50.09200032947056,-29.19492425132135],[-50.08640214156995,-29.18873616409026],[-50.09123092826134,-29.18735802860299],[-50.08763183386073,-29.18374950184814],[-50.09118122357086,-29.17980308749373],[-50.09838301704627,-29.18109521524969],[-50.09331581133984,-29.17751499612004],[-50.09761835711507,-29.1745539166434],[-50.09632047761459,-29.1717861888012],[-50.10002909085934,-29.17356825016171],[-50.09632215059255,-29.16619626530835],[-50.10193540279777,-29.16435875798518],[-50.09966497422764,-29.15980965184127],[-50.086286534139,-29.16005649986269],[-50.0798216825528,-29.15536477073579],[-50.06260382336206,-29.15536670331057],[-50.06795853957462,-29.15746198096585],[-50.06176755550889,-29.16004776752949],[-50.05715513510584,-29.15794895675549],[-50.06093269100285,-29.16136547715371],[-50.078321626737,-29.1576464280356],[-50.07667923296542,-29.15935994048447],[-50.09342269226354,-29.16791017253055],[-50.09328842641095,-29.1710256663039],[-50.08432658197755,-29.17068466717143],[-50.09007350932609,-29.17509236491863],[-50.07801636111281,-29.17531575580029],[-50.08555551710651,-29.17898574785642],[-50.08106495605096,-29.18224195390947],[-50.07447916403903,-29.18081390174842],[-50.07867656795383,-29.18482949500682],[-50.07532253266144,-29.18835624834004],[-50.0597267397293,-29.17524568716892],[-50.06787350609476,-29.19549301520997],[-50.06284472846706,-29.18591544341128],[-50.05060781670918,-29.17968328796711],[-50.05183141555467,-29.1848464331285],[-50.04336676945753,-29.18373440377397],[-50.03339354958039,-29.17528235444524],[-50.02978285295204,-29.17972131429796],[-50.01747988926571,-29.1818219950588],[-50.01515853668087,-29.18673972752807],[-50.01293179860773,-29.1803859149013],[-50.01979763457425,-29.17973859733421],[-50.02179277565203,-29.1778802060848],[-50.01881049373588,-29.1744788447982],[-50.02875065945295,-29.17187175761397],[-50.02354381672513,-29.16659196173932],[-50.02702069169305,-29.1641918183117],[-50.02329773592985,-29.16390979027134],[-50.02129251830292,-29.16814408098496],[-50.01780355638761,-29.1636082573612],[-50.02106192773424,-29.15100345540464],[-50.00954358767267,-29.15734132720943],[-50.01067854014812,-29.14985267230069],[-50.00587721472153,-29.15041385335935],[-50.00912680089255,-29.14495800846193],[-50.00491220211059,-29.14063713504918],[-50.00954842464104,-29.1393670855532],[-50.00667594333056,-29.1355212596265],[-50.01318810417482,-29.13075950794895],[-50.01341852561684,-29.12681958898782],[-50.00461634225326,-29.1200877774255],[-50.00831574796167,-29.12779700353057],[-50.00165739981711,-29.12713823042534],[-49.99680210179337,-29.13150227642206],[-49.99012856782059,-29.12901877217523],[-49.99126505075495,-29.1368752252234],[-49.98174133248958,-29.13907800134239],[-49.97776318158981,-29.13590775789342],[-49.98431786791662,-29.13670823001339],[-49.98647644453704,-29.12637513248273],[-49.99260464929803,-29.11766491703842],[-49.98344110078806,-29.11653716044122],[-49.98168439085855,-29.11911254787958],[-49.97742960357937,-29.1160325319703],[-49.97782012715849,-29.11890444607748],[-49.96893246887205,-29.11602489887855],[-49.96922157396395,-29.12083830658123],[-49.96260249071467,-29.11748123146084],[-49.96827736301282,-29.11477693906261],[-49.97023190650469,-29.10456276536138],[-49.96975994035247,-29.10057316087743],[-49.96299577033935,-29.09981746014216],[-49.96676272168904,-29.09613051463018],[-49.96825945876395,-29.08422048532065],[-49.9652335258844,-29.08195101735096],[-49.95615513507144,-29.08492497300963],[-49.95477284055733,-29.07625783435818],[-49.96033441023517,-29.07067519060989],[-49.95597390659361,-29.06775761346317],[-49.94879888342708,-29.06877913128494],[-49.95247426001073,-29.06552948628707],[-49.95174397719666,-29.06195487620891],[-49.94325984348754,-29.0635407305801],[-49.94506807910163,-29.06122793804429],[-49.94213258404217,-29.0582178924472],[-49.94618895588268,-29.05636142341616],[-49.9471423065518,-29.0596616039317],[-49.95694254880949,-29.06293737549036],[-49.95745566568909,-29.06656506975665],[-49.96383051446239,-29.06546016491766],[-49.9698235684836,-29.06914747479151],[-49.96808278687561,-29.06518607262556],[-49.98827269252186,-29.06884496797362],[-49.98490407157087,-29.0702353113683],[-49.98602321655932,-29.07279761346975],[-49.9939926585603,-29.06960989554985],[-50.00441304554073,-29.07238159149965],[-49.9934595808388,-29.06434877920541],[-49.97204836644436,-29.0562441870802],[-49.96975978435108,-29.05151087494121],[-49.96099868298345,-29.05080755322556],[-49.96116545928681,-29.04376560250049],[-49.95534639828405,-29.04110224135867],[-49.95628632752493,-29.03518960247935],[-49.94693847334531,-29.03183078741666],[-49.94755104428329,-29.02600860940375],[-49.94070227021707,-29.02232529755414],[-49.94677317668595,-29.02111261793301],[-49.94980665228902,-29.02459422985535],[-49.95046980095906,-29.02068105601464],[-49.96468497248872,-29.02369709925522],[-49.96599112131948,-29.02174629236689],[-49.95585705228719,-29.01156249597573],[-49.95915467954213,-29.01048123304482],[-49.94655801144154,-28.99302265745889],[-49.94297067837513,-28.99427650087542],[-49.94243051483851,-29.00120937639636],[-49.94046347517367,-28.99175248139136],[-49.94465297415758,-28.98916102142336],[-49.94168004463641,-28.98143372689021],[-49.93679840339087,-28.97908296392961],[-49.93442308651836,-28.9856864495226],[-49.93109596170902,-28.98049318694348],[-49.92649183923611,-28.97953224082627],[-49.92404060769699,-28.9830489193633],[-49.92024157418336,-28.97876708062597],[-49.93094709847399,-28.97594992651048],[-49.93190409709384,-28.96315754083664],[-49.93365669903612,-28.96582163905091],[-49.9580268395599,-28.96255148959439],[-49.9546998736604,-28.95213611474678],[-49.95978913895233,-28.93558901777165],[-49.95432603274097,-28.92898393343224],[-49.94956930515163,-28.9356487452066],[-49.95042561724573,-28.92852752688421],[-49.95332269154656,-28.92552778305103],[-49.9650864964573,-28.92552787544456],[-49.96872521145256,-28.92205210027988],[-49.96317958929151,-28.91891885144494],[-49.9583006314577,-28.90242099562603],[-49.949595984895,-28.89796719177793],[-49.95042519966515,-28.88692871929164],[-49.93210813195504,-28.87220286799047],[-49.93834877645668,-28.87262039938971],[-49.95234450713554,-28.88074415241543],[-49.95392290397339,-28.87744193943997],[-49.94948858085596,-28.87571418813295],[-49.95153172400536,-28.87039185825362],[-49.96713522818795,-28.87669247108355],[-49.96989354989483,-28.87530733216949],[-49.9673306572704,-28.86792958002873],[-49.95600607729428,-28.85883479923249],[-49.96239049268231,-28.85241663048059],[-49.95781830835812,-28.82910134559012],[-49.9642547578494,-28.82905963863477],[-49.96614413787205,-28.82132791494904],[-49.96172472765087,-28.80670546830302],[-49.96270241323955,-28.79911043710478],[-49.95055842800091,-28.80211646764212],[-49.95861124530257,-28.79283804624218],[-49.95699431222454,-28.78361071908809],[-49.9620919918438,-28.77936328859509],[-49.95853287655746,-28.77610531484655],[-49.96133285102775,-28.77218040752211],[-49.95111011226284,-28.76666337161265],[-49.9534308758372,-28.75801398062869],[-49.94879137805057,-28.75673633731381],[-49.94954278649948,-28.75241667017874],[-49.9435394397249,-28.7522243118906],[-49.93623865626515,-28.7568631878176],[-49.92759327615627,-28.75376702299778],[-49.92882109343712,-28.74970466661165],[-49.9217437155314,-28.74554258553882],[-49.93112312374288,-28.73837910611212],[-49.92885478950001,-28.73287411097661],[-49.93467784681642,-28.72567649550245],[-49.92604066016158,-28.71831280956185],[-49.91663696688812,-28.7173785928136],[-49.90494573698384,-28.70761344482633],[-49.91365729600795,-28.72447720235476],[-49.90486084236633,-28.71847843831672],[-49.89753613502062,-28.72130927665666],[-49.8965530645609,-28.72597910391977],[-49.88255408777468,-28.71738751716177],[-49.88106349389661,-28.72228787183274],[-49.89105775011542,-28.73820811001214],[-49.89573091305272,-28.73927136813855],[-49.88658455952029,-28.73959614242902],[-49.88838264481814,-28.74666511925042],[-49.87479312842021,-28.74463196286079],[-49.88009867086723,-28.74128944463968],[-49.87821956866304,-28.73675572778717],[-49.88331874973109,-28.73769902992685],[-49.86801984482186,-28.72195851635558],[-49.875034390811,-28.72253392213099],[-49.86896232849185,-28.71604386946015],[-49.87291888598404,-28.7163629193794],[-49.86874393458995,-28.7096560778988],[-49.87180592682247,-28.70298692594561],[-49.86320472091668,-28.70029760397923],[-49.86370105686981,-28.70293119482849],[-49.85211454477482,-28.70388803547622],[-49.85299943748997,-28.70617240947504],[-49.84761430551732,-28.70379021360792],[-49.84738954179053,-28.70914768249389],[-49.84337935479281,-28.70838565482067],[-49.84470007308328,-28.71400489388718],[-49.84203612273964,-28.71416862780784],[-49.8363507070866,-28.70833398829226],[-49.8425669529014,-28.70730073124781],[-49.83486653395316,-28.6939264970561],[-49.821935495622,-28.69322089153771],[-49.81349863510173,-28.68704552335737],[-49.83801059449924,-28.69002617144],[-49.83653856453299,-28.68633239679835],[-49.84029858613572,-28.68587385722295],[-49.83638221310719,-28.67891438437865],[-49.84132627254262,-28.67685971395885],[-49.8381735839606,-28.6716646098713],[-49.83917666158848,-28.66654177093832],[-49.82923179179352,-28.66833125225351],[-49.8245789473894,-28.66574433120535],[-49.82332696069962,-28.65916980024294],[-49.81550536144335,-28.65799366423414],[-49.81009786850743,-28.65196209099303],[-49.82274828827577,-28.65454223692291],[-49.81328531023657,-28.64755678984366],[-49.81650510009658,-28.6471896429298],[-49.81539462049427,-28.64294203915672],[-49.81900217604254,-28.64287200503306],[-49.81661651269201,-28.63814426079071],[-49.80880721822731,-28.63533940964692],[-49.8079800435726,-28.62877812986633],[-49.79819234717917,-28.62401623559121],[-49.79533875187148,-28.61516601294213],[-49.78382798623101,-28.60990755940269],[-49.78130243552377,-28.6120519440662],[-49.78434370106732,-28.62437952607644],[-49.77890392787461,-28.62948024523753],[-49.77201125216293,-28.62746975303759],[-49.76541145837128,-28.61932291156824],[-49.75736355546008,-28.61541385581028],[-49.75503189635168,-28.62338860440177],[-49.75699440458973,-28.62732962049962],[-49.75009541731004,-28.62890968395335],[-49.74499004084872,-28.6243200010199],[-49.72342446728339,-28.62617144211036],[-49.71594684780212,-28.62379249522714],[-49.70548441179917,-28.63034871438495],[-49.69182402318435,-28.62269752594845],[-49.69840567175648,-28.60675724696492],[-49.71019467329248,-28.60434455185044],[-49.70858132957181,-28.59669287290689],[-49.71287721263754,-28.59353836200548],[-49.70796833576023,-28.58222719706583],[-49.71253544743053,-28.57680055380343],[-49.71230789323803,-28.57225369079612],[-49.72063297778298,-28.5769026122514],[-49.72597762825433,-28.5695038838875],[-49.73090122879932,-28.55118296731781],[-49.73768092679639,-28.55064703408019],[-49.73910460300336,-28.54734006163116],[-49.74605621879949,-28.54977575182551],[-49.74918055625214,-28.54647002928726],[-49.74672010848168,-28.53539113086394],[-49.72656650236042,-28.51830099626463],[-49.73623369155781,-28.51334580184345],[-49.73881799141407,-28.50850992334138],[-49.74655915394757,-28.50682500698275],[-49.73926648556226,-28.50033472848098],[-49.7429845401418,-28.49524862557747],[-49.74826153839795,-28.49397253385159],[-49.7639017044328,-28.50137382386389],[-49.77083168148096,-28.49432928048079],[-49.76973307689956,-28.48763753100554],[-49.76489121424338,-28.48346072697296],[-49.76756742645669,-28.47657770424761],[-49.76527949484429,-28.45949229393126],[-49.77107212943908,-28.4621441850934],[-49.77320760275119,-28.46822630931262],[-49.78100711547691,-28.47176771107711],[-49.77804533872348,-28.47725597030729],[-49.78608600999866,-28.4881424003872],[-49.78058045802914,-28.4950596141418],[-49.78225139531185,-28.49665636887471],[-49.79092625783567,-28.49642021863765],[-49.79521171817626,-28.48893948164976],[-49.80256911085869,-28.48572496423229],[-49.80878284766681,-28.4692245362393],[-49.81261108004363,-28.46789129400112],[-49.81726550023887,-28.46986878494314],[-49.81648095761955,-28.478558965191],[-49.81098017351281,-28.48431355503026],[-49.81829977146604,-28.48366606659037],[-49.82604225922305,-28.47844824920849],[-49.82871384446841,-28.48525018010927],[-49.8407893714994,-28.49643835317159],[-49.84538042508528,-28.49309682801607],[-49.84101129273057,-28.48559806196982],[-49.8666498458027,-28.48863230985528],[-49.8693925767738,-28.48178482908352],[-49.86293216019099,-28.47202420486326],[-49.86357291807779,-28.46284596320633],[-49.87775004147293,-28.45515653578624],[-49.87193697742531,-28.45083653358857],[-49.85819911980211,-28.44933112336189],[-49.85498959396616,-28.44401290620409],[-49.87169215577335,-28.44164238011722],[-49.88362738644303,-28.44761863748671],[-49.89290953165457,-28.44029995800768],[-49.89840613211663,-28.44509602981161],[-49.88884574338504,-28.45942032726978],[-49.90164906431572,-28.4648422433952],[-49.92851377579736,-28.45122353445115],[-49.93854666281664,-28.45862421661124],[-49.92982033719726,-28.46546003061638],[-49.92844365108614,-28.47140956155803],[-49.94439283982955,-28.48274118687014],[-49.95135138872875,-28.46693059722965],[-49.95250537256102,-28.45033675894924],[-49.95912545902026,-28.44990282000264],[-49.96722593212324,-28.45591272752734],[-49.97077288389855,-28.4402106950363],[-49.97535477374323,-28.43904694907082],[-49.98863955151213,-28.44525284012014],[-49.98635677691409,-28.45475274284525],[-49.98939305125335,-28.45715465048264],[-50.0024521641053,-28.45803299029851],[-50.01387636528451,-28.45077551124521],[-50.0190042099338,-28.45141970441042],[-50.02391851383872,-28.45936441263403],[-50.02582318405473,-28.47308336446126],[-50.03859668649641,-28.47971301038531],[-50.05793155946265,-28.47582150530864],[-50.07281840981013,-28.48080723546848],[-50.08633792789406,-28.47268520283552],[-50.10099548075152,-28.48633208931094],[-50.10691541474032,-28.47335127843522],[-50.12328278530494,-28.47636032940466],[-50.12618679212061,-28.47452813741866],[-50.12683851350705,-28.46337188218943],[-50.1149206165056,-28.45380696427107],[-50.11135760304656,-28.44447046127462],[-50.11579170651296,-28.43709303304142],[-50.12831127385705,-28.42890811978262],[-50.13035150290247,-28.43094403143617],[-50.12693369333457,-28.43972974938569],[-50.14627786127892,-28.44799274943456],[-50.14826235714715,-28.46092753158423],[-50.1605266697123,-28.45951923585907],[-50.15915165890329,-28.46470289834421],[-50.14557252340944,-28.4775672131109],[-50.13925679351875,-28.49395338191616],[-50.1563447857723,-28.49791383703572],[-50.16262296757252,-28.49532085940106],[-50.16352284837342,-28.4750578130903],[-50.178007407187,-28.45225338758183],[-50.18831107737569,-28.45349060288227],[-50.20323730980643,-28.44358834745648],[-50.2158442897048,-28.46031660859378],[-50.22264868091587,-28.46327212528711],[-50.23570862379972,-28.45702909116025],[-50.24222008850086,-28.4324585984541],[-50.24680023262607,-28.42827051687816],[-50.26445157099,-28.44352884691438],[-50.26226750164426,-28.4462333804307],[-50.25082259043806,-28.44683242134396],[-50.25111338760091,-28.44917847810984],[-50.27291334530393,-28.45707190326837],[-50.29284689929245,-28.45103364760292],[-50.30388993579403,-28.43790103803905],[-50.32961834246266,-28.43423047639325],[-50.34044694086635,-28.44096577225636],[-50.33694511357678,-28.45742106949774],[-50.34584650817184,-28.46355446320325],[-50.35214579092506,-28.45639101427415],[-50.3476044274173,-28.43183551026079],[-50.35097920441718,-28.42485312909812],[-50.35999413122236,-28.41983948957596],[-50.37034614304694,-28.42275933720485],[-50.3764007305392,-28.43309971118619],[-50.37683720437244,-28.44367380836855],[-50.38115406662371,-28.44702791141308],[-50.39038041532046,-28.44300681486192],[-50.39517096563695,-28.43315735215468],[-50.42878056474007,-28.4335410369718],[-50.43590952159234,-28.43099576827832],[-50.44814368146692,-28.42287105620273],[-50.45685729129774,-28.41065136019378],[-50.47044038387391,-28.41490221114707],[-50.499571581347,-28.41296233350067],[-50.51272663610787,-28.40492453025364],[-50.52655391006874,-28.40368101652937],[-50.53149302543177,-28.40688331815692],[-50.52920281446251,-28.42728254584991],[-50.53590438611068,-28.42969171758706],[-50.54320485844947,-28.4280277565032],[-50.54982657328497,-28.42050364520931],[-50.56541425234573,-28.41322347106323],[-50.57057956980819,-28.40138357713671],[-50.59116007614725,-28.38241774615422],[-50.60090524927055,-28.38216060694141],[-50.6115592742722,-28.39326663293724],[-50.62568363869988,-28.39205745295902],[-50.63329016962333,-28.37891603731274],[-50.62845034460046,-28.36459610542202],[-50.65167476551736,-28.34345739078352],[-50.66523063276114,-28.33792459652505],[-50.65880220954921,-28.32349543947413],[-50.6776401397678,-28.30000679221322],[-50.69522397971289,-28.28851945321152],[-50.69659733666938,-28.26784116339262],[-50.7107406022161,-28.26651666544384],[-50.75334524210201,-28.24568444411866],[-50.75297580371615,-28.23208345994766],[-50.76214147573445,-28.19142532599122],[-50.76744315320505,-28.1885517942658],[-50.77326949555888,-28.19713680960385],[-50.78077255858983,-28.20099496253743],[-50.78941005059317,-28.19721832998615],[-50.78918924915099,-28.18918913485338],[-50.78273203314099,-28.17745693696668],[-50.79262665638637,-28.15917080793149],[-50.78465894617769,-28.1465275444347],[-50.78765497077332,-28.14034468654563],[-50.81983557519028,-28.14044846027615],[-50.82593714690303,-28.12171272384627],[-50.83240043044665,-28.11750818814905],[-50.85899103282202,-28.13970553515211],[-50.86552036167045,-28.1407816472625],[-50.87196851481725,-28.1374200423584],[-50.87499815770176,-28.12857697562023],[-50.86879261220583,-28.11145204463746],[-50.87591879713427,-28.09507542684528],[-50.88435342275255,-28.08969858138214],[-50.89935985883159,-28.08965560497488],[-50.90393634825045,-28.08584442061681],[-50.8984813820791,-28.0755159873903],[-50.88747858559316,-28.0725850048263],[-50.88138737068673,-28.06725642515109],[-50.87542885794973,-28.05442333463265],[-50.87539955108879,-28.04019987623756],[-50.89233612500956,-28.02115603163429],[-50.92323842480867,-28.01198777861596],[-50.92060138104454,-28.00062495707703],[-50.9278711684468,-27.99058245763145],[-50.92323356245151,-27.97960593415473],[-50.92568144017429,-27.96938883102257],[-50.94704371487738,-27.9672424791908],[-50.97357765986475,-27.95445931437498],[-50.9842542238024,-27.9403042995871],[-50.993628816826,-27.94600692459367],[-51.0022579671493,-27.96421295385343],[-51.01120670833214,-27.96295399892519],[-51.02140069484473,-27.95126988637845],[-51.01645797957701,-27.9255083919713],[-51.05596623137568,-27.90367043226984],[-51.05827879677111,-27.89683867515282],[-51.05299076752258,-27.86978796124832],[-51.05713825350514,-27.86602813205572],[-51.07859382102888,-27.86159774401417],[-51.07656427392634,-27.8418453694714],[-51.0822298970736,-27.83392644635211],[-51.09827170414655,-27.82741761521326],[-51.12892321636239,-27.83204764425433],[-51.1346064565176,-27.80365708011404],[-51.15779178550683,-27.8028892010505],[-51.1912823029198,-27.77615070953514],[-51.20937660923725,-27.77747002794874],[-51.22231343460295,-27.76982183651299],[-51.23376161068203,-27.77904472123696],[-51.24119826263875,-27.77831287291906],[-51.246862623756,-27.75963383463047],[-51.27409983145938,-27.74991321754553],[-51.27285992105673,-27.72969567187779],[-51.27612804255585,-27.72402421088835],[-51.29369352332557,-27.72548771800493],[-51.31003586769725,-27.71808943703935],[-51.30962653547511,-27.71190960206651],[-51.3020007439263,-27.70255950324773],[-51.3126453982042,-27.6932697449365],[-51.31510604350697,-27.67507006604631],[-51.33087024850715,-27.67093949880655],[-51.35479081326983,-27.68001506007796],[-51.37346640083723,-27.66898689426851],[-51.37793446470705,-27.66002387019318],[-51.37010890449938,-27.63667119700965],[-51.38275891344107,-27.62457158466206],[-51.38924636311479,-27.62381435004693],[-51.40529083124527,-27.63186101863651],[-51.4126477150474,-27.64896183385092],[-51.41915350439761,-27.6546385840078],[-51.43520427235001,-27.65439868179933],[-51.43800077350852,-27.64732724477965],[-51.43660620352463,-27.62984970550876],[-51.45768402110332,-27.60711363254911],[-51.47676425353291,-27.5987746035298],[-51.47779673894581,-27.57102911551043],[-51.48701291819597,-27.56081533957693],[-51.50431413052731,-27.55599170558841],[-51.53297554188764,-27.56257917307294],[-51.54773841176542,-27.55907868794263],[-51.55487604838928,-27.56399172231177],[-51.5598994535585,-27.58225210285972],[-51.5703374925514,-27.58340082877231],[-51.5873827858299,-27.56562678617036],[-51.57781714043905,-27.53190539426936],[-51.57997122397364,-27.52361756863679],[-51.59235951536152,-27.52356989603585],[-51.61026062442048,-27.54279852748919],[-51.6257329934832,-27.54547903782748],[-51.63113173620354,-27.54146312837526],[-51.63218505085787,-27.53489359896476],[-51.61977685459964,-27.50209711522892],[-51.62161560407063,-27.49464503844802],[-51.63257857843755,-27.48860798847351],[-51.64257547484559,-27.49149037037057],[-51.64622259207952,-27.49730968461756],[-51.64743269728805,-27.51633188337752],[-51.65116524265898,-27.51951721189933],[-51.65966341685298,-27.51930094879019],[-51.67750184749007,-27.50489296343994],[-51.67304153580213,-27.49344736916138],[-51.67422865351126,-27.48645934029014],[-51.68421036000684,-27.47954685724215],[-51.69216785278422,-27.47821692355969],[-51.70164959790653,-27.48001214337044],[-51.70972550382784,-27.48779409046994],[-51.71668274064926,-27.51034005920492],[-51.72036043070062,-27.51350636085834],[-51.730389204075,-27.51150199221535],[-51.75352778016803,-27.48719744129983],[-51.79948917589676,-27.49087541699768],[-51.80247545250649,-27.49747424177958],[-51.80077156642104,-27.5060035629572],[-51.78795932727397,-27.51485340647823],[-51.78523514746492,-27.52100907649334],[-51.78569901697995,-27.52821520863096],[-51.79303287815591,-27.5312043927995],[-51.80417283196317,-27.52725981750061],[-51.82178580822896,-27.5127891966801],[-51.82838491721288,-27.5132710539484],[-51.84225097305321,-27.52493636016984],[-51.85148832680808,-27.52461299560369],[-51.85512920493741,-27.51545028892809],[-51.84588401172041,-27.49782430586354],[-51.84362701737814,-27.48313586612685],[-51.85053284081849,-27.47700251595748],[-51.8630693016969,-27.47524043241139],[-51.87403970271278,-27.47979360878141],[-51.87971374500545,-27.48740844125529],[-51.87998560198243,-27.49568212447141],[-51.87391338502753,-27.51149926219153],[-51.87535432838501,-27.51795251367509],[-51.88058954985349,-27.52095690807214],[-51.89227080459599,-27.51970674679055],[-51.90234203341277,-27.49552245065079],[-51.89990177676628,-27.46986580845974],[-51.90249648742627,-27.46110303139759],[-51.90751220190976,-27.45823187322434],[-51.91838450553205,-27.45843443025073],[-51.94499458830263,-27.47309154917953],[-51.95828145529206,-27.47436288023773],[-51.96317575794028,-27.4699285098555],[-51.96379423131315,-27.46313602104349],[-51.93921835999326,-27.44602755860753],[-51.93354838619074,-27.43813249219932],[-51.93577689945165,-27.42874908932454],[-51.96082532929704,-27.41256356256375],[-51.99958227754018,-27.40973903147703],[-52.00779675427943,-27.40389715150385],[-52.00657469119211,-27.39503013214462],[-51.9909426710183,-27.38909246717796],[-51.97869748554817,-27.38890422526568],[-51.95209904267487,-27.39517363201434],[-51.9486071180153,-27.38963178747706],[-51.95208666806709,-27.38024712554415],[-51.97341245787541,-27.37233828102512],[-51.99670824954671,-27.37822886805747],[-52.01713423675746,-27.36783890742225],[-52.02288963250101,-27.36215431831146],[-52.02321686405071,-27.3558802329419],[-52.01083203023656,-27.3466053522494],[-52.0071998251872,-27.33932609664547],[-52.00810910590449,-27.33367608906468],[-52.01500466087203,-27.33089560662791],[-52.04475155069085,-27.34655344624603],[-52.07409320607147,-27.33835320728548],[-52.09376184175186,-27.34806856002635],[-52.10328705041806,-27.3466956455086],[-52.11112148031992,-27.33540296426522],[-52.105740989564,-27.32280987042929],[-52.10568667678944,-27.31335025606331],[-52.11433112710341,-27.305019179014],[-52.12632850077868,-27.30252345357801],[-52.16128920265265,-27.31428775586595],[-52.16800524193654,-27.31227080595186],[-52.16836425500612,-27.30558135484125],[-52.15930545890088,-27.28156356665042],[-52.16194952282178,-27.27488005415025],[-52.16833436210369,-27.27091512296603],[-52.1787300600239,-27.27544165698404],[-52.18777104636666,-27.28617352502161],[-52.20562613530134,-27.32738643857854],[-52.21588418974861,-27.33252864649525],[-52.22717954832722,-27.32900069001563],[-52.23480092037467,-27.31065811215881],[-52.2411373149738,-27.30427085208617],[-52.25053326727319,-27.30214313696005],[-52.27297872438756,-27.30438497301787],[-52.27771929729086,-27.30022432214444],[-52.27789525142146,-27.29492240507816],[-52.26799112664536,-27.2832486410929],[-52.24177254456972,-27.27606552683806],[-52.23460709355695,-27.27062231321174],[-52.23697857314533,-27.26306751306288],[-52.25454354069106,-27.2563589836563],[-52.27825453956779,-27.26118082016223],[-52.29395665015468,-27.25665086957035],[-52.30467072984001,-27.26263036853434],[-52.30470252103715,-27.27669232044144],[-52.29104628051258,-27.30683353802154],[-52.29210935007015,-27.31428288764851],[-52.2964927113435,-27.318090946067],[-52.3048621686338,-27.31805344735953],[-52.31308426537917,-27.30926574836038],[-52.32913747419029,-27.30216486590401],[-52.34525937031707,-27.28827766089402],[-52.35538699676616,-27.29121289238929],[-52.36748035554984,-27.30451951080986],[-52.37496288924432,-27.30508957552922],[-52.381498224335,-27.29467178856174],[-52.38113872410813,-27.26081797127311],[-52.38577181947194,-27.25351550524361],[-52.39295217571849,-27.25143879113348],[-52.39969036523546,-27.25656962062832],[-52.39365915663946,-27.28514633132752],[-52.39806050511776,-27.29257599330578],[-52.41560885486745,-27.28525813884941],[-52.43908531462068,-27.26440486258281],[-52.44207484431911,-27.25051291630834],[-52.43013136073078,-27.22244958459215],[-52.43254323021209,-27.21784115283646],[-52.44047761711629,-27.21623961491089],[-52.47981490815368,-27.23554276382145],[-52.48156692221629,-27.2466275460013],[-52.4763924208159,-27.2605781502682],[-52.48173574723997,-27.26691664337743],[-52.53464428772786,-27.26103554517063],[-52.54386020493742,-27.24108470641449],[-52.54981308334693,-27.23833762191729],[-52.56360008099786,-27.24891608560372],[-52.58749943764403,-27.24689013864478],[-52.61128489640033,-27.2640693898739],[-52.63321983803365,-27.26548052133609],[-52.6461956314111,-27.26061214290887],[-52.65370857993361,-27.24361813818689],[-52.66378313081254,-27.23705726405282],[-52.67639950042881,-27.24573593848406],[-52.67743787478612,-27.26282627397314],[-52.68187550106002,-27.27557914333466],[-52.68941947662821,-27.28385805887537],[-52.69495858465489,-27.28433197247573],[-52.70659732849052,-27.27467629790824],[-52.70631060267189,-27.25611942011067],[-52.71623603801978,-27.23604562590624],[-52.73031389170794,-27.23808371036203],[-52.74336862727632,-27.25824716258889],[-52.75048130047691,-27.25995635988371],[-52.75756130368183,-27.25749176555911],[-52.76390820222808,-27.24296229235824],[-52.75772722837276,-27.21720535702219],[-52.7635597014302,-27.21123326883368],[-52.80751526642849,-27.20237207792966],[-52.81834484774991,-27.20282406816217],[-52.83399142981427,-27.21129215086889],[-52.84346810708576,-27.20957790648699],[-52.84669160951687,-27.20233351221662],[-52.84307850349666,-27.17852552688295],[-52.84854454134538,-27.17118703839746],[-52.85608848616342,-27.16969068564076],[-52.86671216289709,-27.17275678200832],[-52.88348819011369,-27.18145517179021],[-52.90190616254888,-27.19842000722296],[-52.92931144270376,-27.20407635094599],[-52.93760119525788,-27.19835451416078],[-52.93606693270865,-27.17803642660194],[-52.93832146788571,-27.17080511510624],[-52.94669786636892,-27.16398659128754],[-52.95669226069544,-27.16325784437258],[-52.96612971250306,-27.18070470043595],[-52.96982474777772,-27.21621889000831],[-52.98436630309342,-27.22147227559753],[-52.9957304010986,-27.21316744200401],[-53.00256437371969,-27.19762271122914],[-53.00050431529248,-27.18515218742869],[-52.98285327346908,-27.16499480119433],[-52.98372565154621,-27.15650296866263],[-52.99166362250916,-27.14096666330477],[-52.99663327951586,-27.136093510286],[-53.00300566105208,-27.13561462440692],[-53.02124290013673,-27.15550924025604],[-53.0318343729632,-27.1594721868746]]]]}},{"type":"Feature","properties":{"name":"Mata Atl\u00e2ntica","area":8.016544608128015},"geometry":{"type":"MultiPolygon","coordinates":[[[[-49.86020252038161,-29.23101259468224],[-49.86923544641579,-29.22443882390045],[-49.87748840471048,-29.22503755531761],[-49.87840398951428,-29.2214221886263],[-49.89062067643632,-29.21934793826211],[-49.89803533302013,-29.21411627837779],[-49.90300722623206,-29.21487733729934],[-49.91286602551187,-29.20794281677476],[-49.93543401448621,-29.20828151053492],[-49.94532726272667,-29.2015090293992],[-49.96273414965655,-29.19885462078945],[-49.97055502056125,-29.20296703659932],[-49.96967913555987,-29.21213757634016],[-49.99658523354951,-29.22826226329639],[-50.00993222046336,-29.225409539574],[-50.03482557244897,-29.23280891210943],[-50.03654670797422,-29.23784623989163],[-50.04178743203263,-29.24042568100856],[-50.0629722614723,-29.24214653161846],[-50.06534009262241,-29.24958038685806],[-50.06847998459077,-29.24540884591996],[-50.0878739985454,-29.25401487186641],[-50.09473502034098,-29.25138162547958],[-50.1013705230319,-29.2558626679041],[-50.10764868328842,-29.25349912695473],[-50.10747031534863,-29.25733852029659],[-50.11432417477575,-29.25761778247212],[-50.11548269305757,-29.26228044696189],[-50.10917945338145,-29.2796750166247],[-50.10075597832702,-29.28392379109551],[-50.099591704696,-29.28840117836171],[-50.09198761784956,-29.29392681035246],[-50.09244832892958,-29.2975790389392],[-50.07203652376145,-29.31031378588455],[-50.06413660682837,-29.31083540283596],[-50.05121500114721,-29.32411127322876],[-50.05006878947707,-29.33192249488058],[-50.03369706986471,-29.34984653292657],[-50.04100273501831,-29.35506588704604],[-50.03813103164348,-29.34817429650807],[-50.04677577455561,-29.34035856389538],[-50.05094696363658,-29.33905576549398],[-50.0594681668234,-29.34421709534765],[-50.05621913286743,-29.33896405501898],[-50.06874582719074,-29.34260660710452],[-50.06616502950401,-29.33906506105046],[-50.06048843103554,-29.33853924089592],[-50.06020435982809,-29.33534815857576],[-50.06648140941599,-29.33550957884297],[-50.05815095553928,-29.32925798835597],[-50.07446798507303,-29.32819706124176],[-50.06577266526313,-29.32191759691791],[-50.07361691301546,-29.32477388927263],[-50.07282349781432,-29.32038912219026],[-50.08134239268296,-29.32101524640644],[-50.08774595282491,-29.32432275303024],[-50.08375727814703,-29.31392993943392],[-50.11249399541288,-29.30575223318426],[-50.10523117844364,-29.29936281535026],[-50.11997069715794,-29.29678059314306],[-50.11711099671789,-29.29180434760329],[-50.12370301412614,-29.28716814400994],[-50.1230092175892,-29.28197250653529],[-50.12721746247289,-29.28142533716855],[-50.13012437463307,-29.28575695189583],[-50.12873636980836,-29.3035542498545],[-50.13406697967837,-29.30216252053559],[-50.13293766094134,-29.29948007930474],[-50.13593224275492,-29.2997686269642],[-50.13900956314959,-29.29095018436612],[-50.14493278005292,-29.29359430451559],[-50.14036953034535,-29.28969974628289],[-50.1437339974869,-29.28425211385526],[-50.1396364499677,-29.28195477476414],[-50.14364706347341,-29.28048945583646],[-50.15048204212772,-29.2853039966268],[-50.14345843938111,-29.27581765761757],[-50.14513689784809,-29.26745961247844],[-50.13982632009989,-29.26650030759619],[-50.14618711285097,-29.26174069552659],[-50.14588773412215,-29.25831819900316],[-50.13875310750728,-29.25352459607901],[-50.15002361701703,-29.25415020851906],[-50.15158014296698,-29.24810949059883],[-50.16124594243474,-29.25479308664856],[-50.16210562861166,-29.2524765667734],[-50.15522866056386,-29.24768751356641],[-50.17750912382671,-29.24852129106543],[-50.15185891955608,-29.24322257052255],[-50.14068321130601,-29.23778335987386],[-50.14071401070635,-29.22840949291784],[-50.15123255147128,-29.23015521632029],[-50.15048526649288,-29.22618055942387],[-50.14497340363955,-29.22389955529116],[-50.15066892142897,-29.22457272628455],[-50.14343683953194,-29.21691742961955],[-50.13473655421026,-29.21507171958179],[-50.13705892668877,-29.21206965406951],[-50.13396789750075,-29.20790735008043],[-50.1402538755616,-29.20686410804218],[-50.14276435495034,-29.20142307347371],[-50.16154764383958,-29.20394193186008],[-50.14481929169816,-29.19746433636653],[-50.13964692131195,-29.1922198023124],[-50.13650244314477,-29.19848045115011],[-50.13018470547992,-29.19831508732121],[-50.13006641505692,-29.19599925912405],[-50.12036784558896,-29.19774000056845],[-50.12746214347504,-29.20070275046867],[-50.11281601328918,-29.20522092109042],[-50.11552365254716,-29.20882108498428],[-50.09327532230861,-29.21278078475356],[-50.10169009628698,-29.22547487731353],[-50.11244557860205,-29.22373309246723],[-50.1111380980755,-29.2288439703775],[-50.10601778808877,-29.22941491679756],[-50.11269115557784,-29.24000683940669],[-50.09355195245447,-29.2236787188637],[-50.09240988997505,-29.22676241810367],[-50.09856906116416,-29.23553418901338],[-50.09515663811354,-29.23731420295228],[-50.08413783002426,-29.22712369782151],[-50.08899759505697,-29.22354659419912],[-50.08376651182829,-29.2153817815141],[-50.05166973785501,-29.21440454317754],[-50.04699793597422,-29.21718419057586],[-50.05271703485138,-29.2130902100773],[-50.07571025533021,-29.21586349703275],[-50.08398003177912,-29.2138364286],[-50.09134616537155,-29.21979546320516],[-50.08476798626256,-29.19827536341074],[-50.09035945972056,-29.20127968063476],[-50.09690181503789,-29.20029177997489],[-50.08500675066435,-29.19292343684289],[-50.08878815525637,-29.19150890695038],[-50.09200032947056,-29.19492425132135],[-50.08640214156995,-29.18873616409026],[-50.09123092826134,-29.18735802860299],[-50.08763183386073,-29.18374950184814],[-50.09118122357086,-29.17980308749373],[-50.09838301704627,-29.18109521524969],[-50.09331581133984,-29.17751499612004],[-50.09761835711507,-29.1745539166434],[-50.09632047761459,-29.1717861888012],[-50.10002909085934,-29.17356825016171],[-50.09632215059255,-29.16619626530835],[-50.10193540279777,-29.16435875798518],[-50.09966497422764,-29.15980965184127],[-50.086286534139,-29.16005649986269],[-50.0798216825528,-29.15536477073579],[-50.06260382336206,-29.15536670331057],[-50.06795853957462,-29.15746198096585],[-50.06176755550889,-29.16004776752949],[-50.05715513510584,-29.15794895675549],[-50.06093269100285,-29.16136547715371],[-50.078321626737,-29.1576464280356],[-50.07667923296542,-29.15935994048447],[-50.09342269226354,-29.16791017253055],[-50.09328842641095,-29.1710256663039],[-50.08432658197755,-29.17068466717143],[-50.09007350932609,-29.17509236491863],[-50.07801636111281,-29.17531575580029],[-50.08555551710651,-29.17898574785642],[-50.08106495605096,-29.18224195390947],[-50.07447916403903,-29.18081390174842],[-50.07867656795383,-29.18482949500682],[-50.07532253266144,-29.18835624834004],[-50.0597267397293,-29.17524568716892],[-50.06787350609476,-29.19549301520997],[-50.06284472846706,-29.18591544341128],[-50.05060781670918,-29.17968328796711],[-50.05183141555467,-29.1848464331285],[-50.04336676945753,-29.18373440377397],[-50.03339354958039,-29.17528235444524],[-50.02978285295204,-29.17972131429796],[-50.01747988926571,-29.1818219950588],[-50.01515853668087,-29.18673972752807],[-50.01293179860773,-29.1803859149013],[-50.01979763457425,-29.17973859733421],[-50.02179277565203,-29.1778802060848],[-50.01881049373588,-29.1744788447982],[-50.02875065945295,-29.17187175761397],[-50.02354381672513,-29.16659196173932],[-50.02702069169305,-29.1641918183117],[-50.02329773592985,-29.16390979027134],[-50.02129251830292,-29.16814408098496],[-50.01780355638761,-29.1636082573612],[-50.02106192773424,-29.15100345540464],[-50.00954358767267,-29.15734132720943],[-50.01067854014812,-29.14985267230069],[-50.00587721472153,-29.15041385335935],[-50.00912680089255,-29.14495800846193],[-50.00491220211059,-29.14063713504918],[-50.00954842464104,-29.1393670855532],[-50.00667594333056,-29.1355212596265],[-50.01318810417482,-29.13075950794895],[-50.01341852561684,-29.12681958898782],[-50.00461634225326,-29.1200877774255],[-50.00831574796167,-29.12779700353057],[-50.00165739981711,-29.12713823042534],[-49.99680210179337,-29.13150227642206],[-49.99012856782059,-29.12901877217523],[-49.99126505075495,-29.1368752252234],[-49.98174133248958,-29.13907800134239],[-49.97776318158981,-29.13590775789342],[-49.98431786791662,-29.13670823001339],[-49.98647644453704,-29.12637513248273],[-49.99260464929803,-29.11766491703842],[-49.98344110078806,-29.11653716044122],[-49.98168439085855,-29.11911254787958],[-49.97742960357937,-29.1160325319703],[-49.97782012715849,-29.11890444607748],[-49.96893246887205,-29.11602489887855],[-49.96922157396395,-29.12083830658123],[-49.96260249071467,-29.11748123146084],[-49.96827736301282,-29.11477693906261],[-49.97023190650469,-29.10456276536138],[-49.96975994035247,-29.10057316087743],[-49.96299577033935,-29.09981746014216],[-49.96676272168904,-29.09613051463018],[-49.96825945876395,-29.08422048532065],[-49.9652335258844,-29.08195101735096],[-49.95615513507144,-29.08492497300963],[-49.95477284055733,-29.07625783435818],[-49.96033441023517,-29.07067519060989],[-49.95597390659361,-29.06775761346317],[-49.94879888342708,-29.06877913128494],[-49.95247426001073,-29.06552948628707],[-49.95174397719666,-29.06195487620891],[-49.94325984348754,-29.0635407305801],[-49.94506807910163,-29.06122793804429],[-49.94213258404217,-29.0582178924472],[-49.94618895588268,-29.05636142341616],[-49.9471423065518,-29.0596616039317],[-49.95694254880949,-29.06293737549036],[-49.95745566568909,-29.06656506975665],[-49.96383051446239,-29.06546016491766],[-49.9698235684836,-29.06914747479151],[-49.96808278687561,-29.06518607262556],[-49.98827269252186,-29.06884496797362],[-49.98490407157087,-29.0702353113683],[-49.98602321655932,-29.07279761346975],[-49.9939926585603,-29.06960989554985],[-50.00441304554073,-29.07238159149965],[-49.9934595808388,-29.06434877920541],[-49.97204836644436,-29.0562441870802],[-49.96975978435108,-29.05151087494121],[-49.96099868298345,-29.05080755322556],[-49.96116545928681,-29.04376560250049],[-49.95534639828405,-29.04110224135867],[-49.95628632752493,-29.03518960247935],[-49.94693847334531,-29.03183078741666],[-49.94755104428329,-29.02600860940375],[-49.94070227021707,-29.02232529755414],[-49.94677317668595,-29.02111261793301],[-49.94980665228902,-29.02459422985535],[-49.95046980095906,-29.02068105601464],[-49.96468497248872,-29.02369709925522],[-49.96599112131948,-29.02174629236689],[-49.95585705228719,-29.01156249597573],[-49.95915467954213,-29.01048123304482],[-49.94655801144154,-28.99302265745889],[-49.94297067837513,-28.99427650087542],[-49.94243051483851,-29.00120937639636],[-49.94046347517367,-28.99175248139136],[-49.94465297415758,-28.98916102142336],[-49.94168004463641,-28.98143372689021],[-49.93679840339087,-28.97908296392961],[-49.93442308651836,-28.9856864495226],[-49.93109596170902,-28.98049318694348],[-49.92649183923611,-28.97953224082627],[-49.92404060769699,-28.9830489193633],[-49.92024157418336,-28.97876708062597],[-49.93094709847399,-28.97594992651048],[-49.93190409709384,-28.96315754083664],[-49.93365669903612,-28.96582163905091],[-49.9580268395599,-28.96255148959439],[-49.9546998736604,-28.95213611474678],[-49.95978913895233,-28.93558901777165],[-49.95432603274097,-28.92898393343224],[-49.94956930515163,-28.9356487452066],[-49.95042561724573,-28.92852752688421],[-49.95332269154656,-28.92552778305103],[-49.9650864964573,-28.92552787544456],[-49.96872521145256,-28.92205210027988],[-49.96317958929151,-28.91891885144494],[-49.9583006314577,-28.90242099562603],[-49.949595984895,-28.89796719177793],[-49.95042519966515,-28.88692871929164],[-49.93210813195504,-28.87220286799047],[-49.93834877645668,-28.87262039938971],[-49.95234450713554,-28.88074415241543],[-49.95392290397339,-28.87744193943997],[-49.94948858085596,-28.87571418813295],[-49.95153172400536,-28.87039185825362],[-49.96713522818795,-28.87669247108355],[-49.96989354989483,-28.87530733216949],[-49.9673306572704,-28.86792958002873],[-49.95600607729428,-28.85883479923249],[-49.96239049268231,-28.85241663048059],[-49.95781830835812,-28.82910134559012],[-49.9642547578494,-28.82905963863477],[-49.96614413787205,-28.82132791494904],[-49.96172472765087,-28.80670546830302],[-49.96270241323955,-28.79911043710478],[-49.95055842800091,-28.80211646764212],[-49.95861124530257,-28.79283804624218],[-49.95699431222454,-28.78361071908809],[-49.9620919918438,-28.77936328859509],[-49.95853287655746,-28.77610531484655],[-49.96133285102775,-28.77218040752211],[-49.95111011226284,-28.76666337161265],[-49.9534308758372,-28.75801398062869],[-49.94879137805057,-28.75673633731381],[-49.94954278649948,-28.75241667017874],[-49.9435394397249,-28.7522243118906],[-49.93623865626515,-28.7568631878176],[-49.92759327615627,-28.75376702299778],[-49.92882109343712,-28.74970466661165],[-49.9217437155314,-28.74554258553882],[-49.93112312374288,-28.73837910611212],[-49.92885478950001,-28.73287411097661],[-49.93467784681642,-28.72567649550245],[-49.92604066016158,-28.71831280956185],[-49.91663696688812,-28.7173785928136],[-49.90494573698384,-28.70761344482633],[-49.91365729600795,-28.72447720235476],[-49.90486084236633,-28.71847843831672],[-49.89753613502062,-28.72130927665666],[-49.8965530645609,-28.72597910391977],[-49.88255408777468,-28.71738751716177],[-49.88106349389661,-28.72228787183274],[-49.89105775011542,-28.73820811001214],[-49.89573091305272,-28.73927136813855],[-49.88658455952029,-28.73959614242902],[-49.88838264481814,-28.74666511925042],[-49.87479312842021,-28.74463196286079],[-49.88009867086723,-28.74128944463968],[-49.87821956866304,-28.73675572778717],[-49.88331874973109,-28.73769902992685],[-49.86801984482186,-28.72195851635558],[-49.875034390811,-28.72253392213099],[-49.86896232849185,-28.71604386946015],[-49.87291888598404,-28.7163629193794],[-49.86874393458995,-28.7096560778988],[-49.87180592682247,-28.70298692594561],[-49.86320472091668,-28.70029760397923],[-49.86370105686981,-28.70293119482849],[-49.85211454477482,-28.70388803547622],[-49.85299943748997,-28.70617240947504],[-49.84761430551732,-28.70379021360792],[-49.84738954179053,-28.70914768249389],[-49.84337935479281,-28.70838565482067],[-49.84470007308328,-28.71400489388718],[-49.84203612273964,-28.71416862780784],[-49.8363507070866,-28.70833398829226],[-49.8425669529014,-28.70730073124781],[-49.83486653395316,-28.6939264970561],[-49.821935495622,-28.69322089153771],[-49.81349863510173,-28.68704552335737],[-49.83801059449924,-28.69002617144],[-49.83653856453299,-28.68633239679835],[-49.84029858613572,-28.68587385722295],[-49.83638221310719,-28.67891438437865],[-49.84132627254262,-28.67685971395885],[-49.8381735839606,-28.6716646098713],[-49.83917666158848,-28.66654177093832],[-49.82923179179352,-28.66833125225351],[-49.8245789473894,-28.66574433120535],[-49.82332696069962,-28.65916980024294],[-49.81550536144335,-28.65799366423414],[-49.81009786850743,-28.65196209099303],[-49.82274828827577,-28.65454223692291],[-49.81328531023657,-28.64755678984366],[-49.81650510009658,-28.6471896429298],[-49.81539462049427,-28.64294203915672],[-49.81900217604254,-28.64287200503306],[-49.81661651269201,-28.63814426079071],[-49.80880721822731,-28.63533940964692],[-49.8079800435726,-28.62877812986633],[-49.79819234717917,-28.62401623559121],[-49.79533875187148,-28.61516601294213],[-49.78382798623101,-28.60990755940269],[-49.78130243552377,-28.6120519440662],[-49.78434370106732,-28.62437952607644],[-49.77890392787461,-28.62948024523753],[-49.77201125216293,-28.62746975303759],[-49.76541145837128,-28.61932291156824],[-49.75736355546008,-28.61541385581028],[-49.75503189635168,-28.62338860440177],[-49.75699440458973,-28.62732962049962],[-49.75009541731004,-28.62890968395335],[-49.74499004084872,-28.6243200010199],[-49.72342446728339,-28.62617144211036],[-49.71594684780212,-28.62379249522714],[-49.70548441179917,-28.63034871438495],[-49.69182402318435,-28.62269752594845],[-49.69840567175648,-28.60675724696492],[-49.71019467329248,-28.60434455185044],[-49.70858132957181,-28.59669287290689],[-49.71287721263754,-28.59353836200548],[-49.70796833576023,-28.58222719706583],[-49.71253544743053,-28.57680055380343],[-49.71230789323803,-28.57225369079612],[-49.72063297778298,-28.5769026122514],[-49.72597762825433,-28.5695038838875],[-49.73090122879932,-28.55118296731781],[-49.73768092679639,-28.55064703408019],[-49.73910460300336,-28.54734006163116],[-49.74605621879949,-28.54977575182551],[-49.74918055625214,-28.54647002928726],[-49.74672010848168,-28.53539113086394],[-49.72656650236042,-28.51830099626463],[-49.73623369155781,-28.51334580184345],[-49.73881799141407,-28.50850992334138],[-49.74655915394757,-28.50682500698275],[-49.73926648556226,-28.50033472848098],[-49.7429845401418,-28.49524862557747],[-49.74826153839795,-28.49397253385159],[-49.7639017044328,-28.50137382386389],[-49.77083168148096,-28.49432928048079],[-49.76973307689956,-28.48763753100554],[-49.76489121424338,-28.48346072697296],[-49.76756742645669,-28.47657770424761],[-49.76527949484429,-28.45949229393126],[-49.77107212943908,-28.4621441850934],[-49.77320760275119,-28.46822630931262],[-49.78100711547691,-28.47176771107711],[-49.77804533872348,-28.47725597030729],[-49.78608600999866,-28.4881424003872],[-49.78058045802914,-28.4950596141418],[-49.78225139531185,-28.49665636887471],[-49.79092625783567,-28.49642021863765],[-49.79521171817626,-28.48893948164976],[-49.80256911085869,-28.48572496423229],[-49.80878284766681,-28.4692245362393],[-49.81261108004363,-28.46789129400112],[-49.81726550023887,-28.46986878494314],[-49.81648095761955,-28.478558965191],[-49.81098017351281,-28.48431355503026],[-49.81829977146604,-28.48366606659037],[-49.82604225922305,-28.47844824920849],[-49.82871384446841,-28.48525018010927],[-49.8407893714994,-28.49643835317159],[-49.84538042508528,-28.49309682801607],[-49.84101129273057,-28.48559806196982],[-49.8666498458027,-28.48863230985528],[-49.8693925767738,-28.48178482908352],[-49.86293216019099,-28.47202420486326],[-49.86357291807779,-28.46284596320633],[-49.87775004147293,-28.45515653578624],[-49.87193697742531,-28.45083653358857],[-49.85819911980211,-28.44933112336189],[-49.85498959396616,-28.44401290620409],[-49.87169215577335,-28.44164238011722],[-49.88362738644303,-28.44761863748671],[-49.89290953165457,-28.44029995800768],[-49.89840613211663,-28.44509602981161],[-49.88884574338504,-28.45942032726978],[-49.90164906431572,-28.4648422433952],[-49.92851377579736,-28.45122353445115],[-49.93854666281664,-28.45862421661124],[-49.92982033719726,-28.46546003061638],[-49.92844365108614,-28.47140956155803],[-49.94439283982955,-28.48274118687014],[-49.95135138872875,-28.46693059722965],[-49.95250537256102,-28.45033675894924],[-49.95912545902026,-28.44990282000264],[-49.96722593212324,-28.45591272752734],[-49.97077288389855,-28.4402106950363],[-49.97535477374323,-28.43904694907082],[-49.98863955151213,-28.44525284012014],[-49.98635677691409,-28.45475274284525],[-49.98939305125335,-28.45715465048264],[-50.0024521641053,-28.45803299029851],[-50.01387636528451,-28.45077551124521],[-50.0190042099338,-28.45141970441042],[-50.02391851383872,-28.45936441263403],[-50.02582318405473,-28.47308336446126],[-50.03859668649641,-28.47971301038531],[-50.05793155946265,-28.47582150530864],[-50.07281840981013,-28.48080723546848],[-50.08633792789406,-28.47268520283552],[-50.10099548075152,-28.48633208931094],[-50.10691541474032,-28.47335127843522],[-50.12328278530494,-28.47636032940466],[-50.12618679212061,-28.47452813741866],[-50.12683851350705,-28.46337188218943],[-50.1149206165056,-28.45380696427107],[-50.11135760304656,-28.44447046127462],[-50.11579170651296,-28.43709303304142],[-50.12831127385705,-28.42890811978262],[-50.13035150290247,-28.43094403143617],[-50.12693369333457,-28.43972974938569],[-50.14627786127892,-28.44799274943456],[-50.14826235714715,-28.46092753158423],[-50.1605266697123,-28.45951923585907],[-50.15915165890329,-28.46470289834421],[-50.14557252340944,-28.4775672131109],[-50.13925679351875,-28.49395338191616],[-50.1563447857723,-28.49791383703572],[-50.16262296757252,-28.49532085940106],[-50.16352284837342,-28.4750578130903],[-50.178007407187,-28.45225338758183],[-50.18831107737569,-28.45349060288227],[-50.20323730980643,-28.44358834745648],[-50.2158442897048,-28.46031660859378],[-50.22264868091587,-28.46327212528711],[-50.23570862379972,-28.45702909116025],[-50.24222008850086,-28.4324585984541],[-50.24680023262607,-28.42827051687816],[-50.26445157099,-28.44352884691438],[-50.26226750164426,-28.4462333804307],[-50.25082259043806,-28.44683242134396],[-50.25111338760091,-28.44917847810984],[-50.27291334530393,-28.45707190326837],[-50.29284689929245,-28.45103364760292],[-50.30388993579403,-28.43790103803905],[-50.32961834246266,-28.43423047639325],[-50.34044694086635,-28.44096577225636],[-50.33694511357678,-28.45742106949774],[-50.34584650817184,-28.46355446320325],[-50.35214579092506,-28.45639101427415],[-50.3476044274173,-28.43183551026079],[-50.35097920441718,-28.42485312909812],[-50.35999413122236,-28.41983948957596],[-50.37034614304694,-28.42275933720485],[-50.3764007305392,-28.43309971118619],[-50.37683720437244,-28.44367380836855],[-50.38198214667855,-28.44698927741019],[-50.39038041532046,-28.44300681486192],[-50.39517096563695,-28.43315735215468],[-50.42878056474007,-28.4335410369718],[-50.43590952159234,-28.43099576827832],[-50.44814368146692,-28.42287105620273],[-50.45685729129774,-28.41065136019378],[-50.47044038387391,-28.41490221114707],[-50.49851697786577,-28.41306408158441],[-50.51272663610787,-28.40492453025364],[-50.52749660481648,-28.40389462226092],[-50.53159395201146,-28.40781063762045],[-50.52859357199361,-28.42621478906915],[-50.53700153076318,-28.42972263659511],[-50.56443358116232,-28.41412033206494],[-50.57654079209146,-28.39425982165811],[-50.59226694498376,-28.38194585355931],[-50.60090524927055,-28.38216060694141],[-50.6115592742722,-28.39326663293724],[-50.62495147587379,-28.39258831061068],[-50.63329016962333,-28.37891603731274],[-50.62845034460046,-28.36459610542202],[-50.65167476551736,-28.34345739078352],[-50.66523063276114,-28.33792459652505],[-50.65880220954921,-28.32349543947413],[-50.6776401397678,-28.30000679221322],[-50.69522397971289,-28.28851945321152],[-50.69659733666938,-28.26784116339262],[-50.7107406022161,-28.26651666544384],[-50.75334524210201,-28.24568444411866],[-50.75297580371615,-28.23208345994766],[-50.76439507640944,-28.18923271259488],[-50.76820145892825,-28.18896283651163],[-50.77749922352259,-28.20004787035081],[-50.78882206765662,-28.19833504580777],[-50.78918924915099,-28.18918913485338],[-50.78281595595416,-28.17598303893094],[-50.79050899791402,-28.16639152683535],[-50.79270765945648,-28.15784682111761],[-50.78465894617769,-28.1465275444347],[-50.7861050927736,-28.14172473661644],[-50.79407608149035,-28.13864042433597],[-50.81983557519028,-28.14044846027615],[-50.82593714690303,-28.12171272384627],[-50.83240043044665,-28.11750818814905],[-50.85899103282202,-28.13970553515211],[-50.86552036167045,-28.1407816472625],[-50.87196851481725,-28.1374200423584],[-50.87499815770176,-28.12857697562023],[-50.86879261220583,-28.11145204463746],[-50.87591879713427,-28.09507542684528],[-50.88435342275255,-28.08969858138214],[-50.89935985883159,-28.08965560497488],[-50.90393634825045,-28.08584442061681],[-50.8984813820791,-28.0755159873903],[-50.88747858559316,-28.0725850048263],[-50.88138737068673,-28.06725642515109],[-50.87542885794973,-28.05442333463265],[-50.87539955108879,-28.04019987623756],[-50.89233612500956,-28.02115603163429],[-50.92323842480867,-28.01198777861596],[-50.92060138104454,-28.00062495707703],[-50.9278711684468,-27.99058245763145],[-50.92323356245151,-27.97960593415473],[-50.92568144017429,-27.96938883102257],[-50.94704371487738,-27.9672424791908],[-50.97357765986475,-27.95445931437498],[-50.9842542238024,-27.9403042995871],[-50.993628816826,-27.94600692459367],[-51.0022579671493,-27.96421295385343],[-51.00918955684876,-27.96444214126367],[-51.01895572057781,-27.95704803348323],[-51.02161814644075,-27.94521730380238],[-51.01627258808455,-27.93328553242337],[-51.01645797957701,-27.9255083919713],[-51.05596623137568,-27.90367043226984],[-51.05827879677111,-27.89683867515282],[-51.05299076752258,-27.86978796124832],[-51.05713825350514,-27.86602813205572],[-51.07859382102888,-27.86159774401417],[-51.07656427392634,-27.8418453694714],[-51.0822298970736,-27.83392644635211],[-51.09827170414655,-27.82741761521326],[-51.12892321636239,-27.83204764425433],[-51.1346064565176,-27.80365708011404],[-51.15779178550683,-27.8028892010505],[-51.1912823029198,-27.77615070953514],[-51.20937660923725,-27.77747002794874],[-51.22231343460295,-27.76982183651299],[-51.23376161068203,-27.77904472123696],[-51.24119826263875,-27.77831287291906],[-51.246862623756,-27.75963383463047],[-51.27409983145938,-27.74991321754553],[-51.27285992105673,-27.72969567187779],[-51.27612804255585,-27.72402421088835],[-51.29369352332557,-27.72548771800493],[-51.31003586769725,-27.71808943703935],[-51.30962653547511,-27.71190960206651],[-51.3020007439263,-27.70255950324773],[-51.3126453982042,-27.6932697449365],[-51.31510604350697,-27.67507006604631],[-51.33087024850715,-27.67093949880655],[-51.35479081326983,-27.68001506007796],[-51.37346640083723,-27.66898689426851],[-51.37793446470705,-27.66002387019318],[-51.37010890449938,-27.63667119700965],[-51.38275891344107,-27.62457158466206],[-51.38924636311479,-27.62381435004693],[-51.40529083124527,-27.63186101863651],[-51.4126477150474,-27.64896183385092],[-51.41915350439761,-27.6546385840078],[-51.43520427235001,-27.65439868179933],[-51.43800077350852,-27.64732724477965],[-51.43660620352463,-27.62984970550876],[-51.45768402110332,-27.60711363254911],[-51.47676425353291,-27.5987746035298],[-51.47779673894581,-27.57102911551043],[-51.48701291819597,-27.56081533957693],[-51.50431413052731,-27.55599170558841],[-51.53297554188764,-27.56257917307294],[-51.54773841176542,-27.55907868794263],[-51.55487604838928,-27.56399172231177],[-51.5598994535585,-27.58225210285972],[-51.57170928941807,-27.58262410963424],[-51.5873827858299,-27.56562678617036],[-51.57781714043905,-27.53190539426936],[-51.57997122397364,-27.52361756863679],[-51.59392102886736,-27.5244055910113],[-51.61498373730349,-27.54538905994804],[-51.62349349201719,-27.54606445162214],[-51.63113173620354,-27.54146312837526],[-51.63067393569465,-27.52746378426498],[-51.61949351431961,-27.50028236419636],[-51.62161560407063,-27.49464503844802],[-51.63040952087353,-27.48914149551612],[-51.63720396448263,-27.48881183495176],[-51.64364263504593,-27.49255635812382],[-51.64743269728805,-27.51633188337752],[-51.65559006564727,-27.51980490111686],[-51.66471791659875,-27.51726666306049],[-51.67557552500372,-27.50828405978966],[-51.67757799097062,-27.50298057600715],[-51.67324781532184,-27.48804566704739],[-51.68656118893219,-27.47901172297381],[-51.69964983937815,-27.47906420882651],[-51.70630388482513,-27.48374020747994],[-51.72036043070062,-27.51350636085834],[-51.730389204075,-27.51150199221535],[-51.75352778016803,-27.48719744129983],[-51.78259775077318,-27.49139211145514],[-51.79690584788374,-27.48996768636838],[-51.80178812617257,-27.49396256561356],[-51.80169941935553,-27.50381189949518],[-51.79843369533769,-27.50943176084525],[-51.78795932727397,-27.51485340647823],[-51.78523514746492,-27.52100907649334],[-51.78569901697995,-27.52821520863096],[-51.79303287815591,-27.5312043927995],[-51.80417283196317,-27.52725981750061],[-51.82178580822896,-27.5127891966801],[-51.82838491721288,-27.5132710539484],[-51.84225097305321,-27.52493636016984],[-51.85148832680808,-27.52461299560369],[-51.85512920493741,-27.51545028892809],[-51.84588401172041,-27.49782430586354],[-51.84362701737814,-27.48313586612685],[-51.85053284081849,-27.47700251595748],[-51.8630693016969,-27.47524043241139],[-51.87403970271278,-27.47979360878141],[-51.87971374500545,-27.48740844125529],[-51.87998560198243,-27.49568212447141],[-51.87391338502753,-27.51149926219153],[-51.87535432838501,-27.51795251367509],[-51.88058954985349,-27.52095690807214],[-51.89227080459599,-27.51970674679055],[-51.90234203341277,-27.49552245065079],[-51.89990177676628,-27.46986580845974],[-51.90249648742627,-27.46110303139759],[-51.90751220190976,-27.45823187322434],[-51.91838450553205,-27.45843443025073],[-51.94499458830263,-27.47309154917953],[-51.95828145529206,-27.47436288023773],[-51.96317575794028,-27.4699285098555],[-51.96379423131315,-27.46313602104349],[-51.93921835999326,-27.44602755860753],[-51.93354838619074,-27.43813249219932],[-51.93577689945165,-27.42874908932454],[-51.96082532929704,-27.41256356256375],[-51.99958227754018,-27.40973903147703],[-52.00779675427943,-27.40389715150385],[-52.00657469119211,-27.39503013214462],[-51.9909426710183,-27.38909246717796],[-51.97869748554817,-27.38890422526568],[-51.95209904267487,-27.39517363201434],[-51.9486071180153,-27.38963178747706],[-51.95208666806709,-27.38024712554415],[-51.97341245787541,-27.37233828102512],[-51.99670824954671,-27.37822886805747],[-52.01713423675746,-27.36783890742225],[-52.02288963250101,-27.36215431831146],[-52.02321686405071,-27.3558802329419],[-52.01083203023656,-27.3466053522494],[-52.0071998251872,-27.33932609664547],[-52.00810910590449,-27.33367608906468],[-52.01500466087203,-27.33089560662791],[-52.04475155069085,-27.34655344624603],[-52.07409320607147,-27.33835320728548],[-52.09376184175186,-27.34806856002635],[-52.10328705041806,-27.3466956455086],[-52.11112148031992,-27.33540296426522],[-52.105740989564,-27.32280987042929],[-52.10568667678944,-27.31335025606331],[-52.11433112710341,-27.305019179014],[-52.12632850077868,-27.30252345357801],[-52.16128920265265,-27.31428775586595],[-52.16800524193654,-27.31227080595186],[-52.16836425500612,-27.30558135484125],[-52.15930545890088,-27.28156356665042],[-52.16194952282178,-27.27488005415025],[-52.16833436210369,-27.27091512296603],[-52.1787300600239,-27.27544165698404],[-52.18777104636666,-27.28617352502161],[-52.20562613530134,-27.32738643857854],[-52.21588418974861,-27.33252864649525],[-52.22717954832722,-27.32900069001563],[-52.23480092037467,-27.31065811215881],[-52.2411373149738,-27.30427085208617],[-52.25053326727319,-27.30214313696005],[-52.27297872438756,-27.30438497301787],[-52.27771929729086,-27.30022432214444],[-52.27789525142146,-27.29492240507816],[-52.26799112664536,-27.2832486410929],[-52.23685661694267,-27.27376922467906],[-52.23390496055711,-27.26761582197866],[-52.23853151196096,-27.26208367819635],[-52.25714934889248,-27.25620129049662],[-52.27598976408595,-27.26108852318074],[-52.29395665015468,-27.25665086957035],[-52.30192714637172,-27.25980036950917],[-52.30609166646053,-27.26572299345244],[-52.305315676243,-27.27468078199626],[-52.29104628051258,-27.30683353802154],[-52.29210935007015,-27.31428288764851],[-52.2964927113435,-27.318090946067],[-52.3048621686338,-27.31805344735953],[-52.31308426537917,-27.30926574836038],[-52.32913747419029,-27.30216486590401],[-52.34525937031707,-27.28827766089402],[-52.35538699676616,-27.29121289238929],[-52.36748035554984,-27.30451951080986],[-52.37496288924432,-27.30508957552922],[-52.381498224335,-27.29467178856174],[-52.38113872410813,-27.26081797127311],[-52.38577181947194,-27.25351550524361],[-52.39295217571849,-27.25143879113348],[-52.39969036523546,-27.25656962062832],[-52.39365915663946,-27.28514633132752],[-52.39806050511776,-27.29257599330578],[-52.41560885486745,-27.28525813884941],[-52.43908531462068,-27.26440486258281],[-52.44173995888452,-27.24898504862847],[-52.43016486583036,-27.22372496127899],[-52.43254323021209,-27.21784115283646],[-52.43762828405039,-27.21623229065586],[-52.44621013648213,-27.21741195167789],[-52.46245210265606,-27.22920957517848],[-52.47981490815368,-27.23554276382145],[-52.48156692221629,-27.2466275460013],[-52.4763924208159,-27.2605781502682],[-52.4832075944194,-27.26720530651388],[-52.53464428772786,-27.26103554517063],[-52.54386020493742,-27.24108470641449],[-52.54981308334693,-27.23833762191729],[-52.56360008099786,-27.24891608560372],[-52.58749943764403,-27.24689013864478],[-52.61128489640033,-27.2640693898739],[-52.63321983803365,-27.26548052133609],[-52.6461956314111,-27.26061214290887],[-52.657457413078,-27.23953452089289],[-52.66757556787112,-27.23784951324956],[-52.67673830005025,-27.24660881019314],[-52.6809898090506,-27.27405142749275],[-52.69195614123851,-27.2845479913034],[-52.70007738780363,-27.28207018237588],[-52.7060865833219,-27.27574819724307],[-52.70631060267189,-27.25611942011067],[-52.71623603801978,-27.23604562590624],[-52.73031389170794,-27.23808371036203],[-52.74336862727632,-27.25824716258889],[-52.75048130047691,-27.25995635988371],[-52.75756130368183,-27.25749176555911],[-52.76390820222808,-27.24296229235824],[-52.75772722837276,-27.21720535702219],[-52.7635597014302,-27.21123326883368],[-52.80751526642849,-27.20237207792966],[-52.81834484774991,-27.20282406816217],[-52.83399142981427,-27.21129215086889],[-52.84258155987845,-27.21021581929833],[-52.84669160951687,-27.20233351221662],[-52.84307850349666,-27.17852552688295],[-52.84707375854617,-27.17211044257553],[-52.85250484837321,-27.1699270669736],[-52.87703282784515,-27.17739955355313],[-52.90335963451471,-27.19909019928833],[-52.92931144270376,-27.20407635094599],[-52.93760119525788,-27.19835451416078],[-52.93606693270865,-27.17803642660194],[-52.93832146788571,-27.17080511510624],[-52.94669786636892,-27.16398659128754],[-52.95669226069544,-27.16325784437258],[-52.96612971250306,-27.18070470043595],[-52.96982474777772,-27.21621889000831],[-52.98436630309342,-27.22147227559753],[-52.9957304010986,-27.21316744200401],[-53.00256437371969,-27.19762271122914],[-53.00050431529248,-27.18515218742869],[-52.98285327346908,-27.16499480119433],[-52.98372565154621,-27.15650296866263],[-52.99166362250916,-27.14096666330477],[-52.99663327951586,-27.136093510286],[-53.00300566105208,-27.13561462440692],[-53.01931584394657,-27.15381743964329],[-53.02990739615357,-27.15950572912779],[-53.03755013239928,-27.15774789633677],[-53.04260608259844,-27.14985137196443],[-53.04504883776584,-27.13733173216418],[-53.04139386529799,-27.12490551692322],[-53.0175492178443,-27.09900739162856],[-53.02043941182934,-27.08752268533123],[-53.03209513573601,-27.08230201933878],[-53.0482135041163,-27.0836503932926],[-53.05904226873638,-27.08824536462713],[-53.07670000452615,-27.10784464691365],[-53.07904528676713,-27.11847355066782],[-53.07176978286208,-27.13454894483226],[-53.06971804918308,-27.15155428322974],[-53.07747875499687,-27.16311583667324],[-53.10741973113954,-27.17028613538978],[-53.13218309765666,-27.18022869985038],[-53.1403447045894,-27.17441937914742],[-53.15028470959745,-27.14378231233492],[-53.15459286239571,-27.14061687220251],[-53.16239891583013,-27.14069762090665],[-53.17236217580694,-27.14802092826357],[-53.17663085231015,-27.17792032015645],[-53.18467357397348,-27.19090950339689],[-53.19721636051215,-27.1926527224795],[-53.23208570322182,-27.17111165889205],[-53.24165919627558,-27.17163567765945],[-53.26247289406324,-27.18474193026764],[-53.29306698266981,-27.1969193430846],[-53.30784924238205,-27.21654171414542],[-53.3132010221334,-27.21908967324575],[-53.32202421033157,-27.21336873926205],[-53.32072702654904,-27.19823827789702],[-53.30901725833902,-27.18161096247988],[-53.29598289946351,-27.15153754846932],[-53.29425221479695,-27.13555297051532],[-53.31224080886785,-27.11968799457377],[-53.34814078855362,-27.1200225303796],[-53.36498235812829,-27.09434788379754],[-53.37063944123332,-27.09110310428822],[-53.37761778691983,-27.0919807719036],[-53.38713297330825,-27.10064701705006],[-53.39435621495845,-27.11056058831522],[-53.40119859666402,-27.12950119402452],[-53.41169851850077,-27.14138419214244],[-53.43396681342977,-27.14694041767746],[-53.45255551182878,-27.15613506398975],[-53.46416628645185,-27.15504041900377],[-53.47633931540388,-27.13890833857148],[-53.48445472967202,-27.13393566960081],[-53.4928228818639,-27.13237823116594],[-53.50436421049969,-27.13564148161349],[-53.50825624351215,-27.14576544315985],[-53.50514961459217,-27.16145008010909],[-53.48890073129336,-27.18350420481546],[-53.48833303688163,-27.1954471284771],[-53.49308063191341,-27.20347846656164],[-53.51824902372348,-27.20217781478691],[-53.53074060152175,-27.19454664260789],[-53.54819363974823,-27.17606160350346],[-53.56173115456016,-27.17241484367784],[-53.59144179257932,-27.1874726971369],[-53.61823194001256,-27.18733644114596],[-53.63072581073595,-27.21337862018177],[-53.64211488627971,-27.21980511981994],[-53.65081923382468,-27.2155073785414],[-53.64791912099916,-27.19130848355576],[-53.65012579440307,-27.17882211125015],[-53.66779230020062,-27.16201947449091],[-53.68621906568455,-27.1636014635126],[-53.72738640311165,-27.18777134381208],[-53.74514496380029,-27.19250287483053],[-53.75105792671741,-27.18902310687255],[-53.7620333137052,-27.15712367396788],[-53.77032644054207,-27.14866762082604],[-53.77786559052154,-27.14814577548738],[-53.80900336251361,-27.17275975351549],[-53.81965485599412,-27.17565358429793],[-53.84159652906649,-27.16561146679744],[-53.86127824701457,-27.12848138565285],[-53.87515211949773,-27.12587842955736],[-53.88351992601978,-27.13186377150817],[-53.88827864126101,-27.1544912455001],[-53.90170389349956,-27.17386305892684],[-53.91689848252016,-27.17475236852062],[-53.92903656462038,-27.15896783237745],[-53.94658453214834,-27.15125927980863],[-53.95309968449576,-27.152939447802],[-53.95984735249529,-27.16013791879733],[-53.95558290909015,-27.1837170374188],[-53.96328724927517,-27.19774049263283],[-53.9921296541708,-27.19593799932324],[-54.00801728671264,-27.19839464278921],[-54.01498040647922,-27.20811040797399],[-54.01590906258275,-27.23300738814874],[-54.02438974566419,-27.2516543090123],[-54.05640133504989,-27.26507657791537],[-54.07227808570416,-27.29095445823565],[-54.08235989386414,-27.29894404831208],[-54.10104693514092,-27.3032629569842],[-54.15489505223065,-27.2968585199746],[-54.15994279932129,-27.29153682893309],[-54.15536579058525,-27.27648419960664],[-54.15732828900668,-27.26320573091451],[-54.1654856636228,-27.25407827344753],[-54.17418862413305,-27.254911066026],[-54.18655739665493,-27.26490931534662],[-54.1890437506547,-27.27161688249469],[-54.19419769539543,-27.29232621403228],[-54.19333962814642,-27.30846019850903],[-54.20862630289132,-27.33595592584597],[-54.21331149577755,-27.35124441724259],[-54.21443616605243,-27.38157810830899],[-54.22795639814233,-27.39208156985029],[-54.25357793984934,-27.39445062232185],[-54.26397379586025,-27.39933334889838],[-54.27066132643873,-27.41873425000377],[-54.26829310135732,-27.43626361280087],[-54.2829592602175,-27.44777823199928],[-54.29422481578803,-27.4459100969208],[-54.3106418225338,-27.42196231921704],[-54.33348003132235,-27.40351142949893],[-54.33890494370681,-27.40322079111384],[-54.34154200066578,-27.40435169639699],[-54.34283204182547,-27.41280713814607],[-54.33506606265304,-27.45129462901117],[-54.34038964849432,-27.46335601205734],[-54.35155063845182,-27.46704841115085],[-54.3697684600474,-27.45258285793136],[-54.3923381771823,-27.41810521465876],[-54.41140427870589,-27.40528599150865],[-54.43911988411122,-27.42474864599011],[-54.45664593068356,-27.42215965400926],[-54.46992506247064,-27.42583675010365],[-54.4720566033866,-27.43445949986132],[-54.46992448946233,-27.43802815379647],[-54.44399114335138,-27.45996166258649],[-54.44263268536143,-27.46492185379989],[-54.44579561044781,-27.47213725164487],[-54.46306733155289,-27.47971023320714],[-54.50619777217995,-27.48234908780339],[-54.52492354993118,-27.50617157653561],[-54.53441675417859,-27.50566179525179],[-54.53712709918242,-27.50281325203849],[-54.54246684356777,-27.48667122073403],[-54.56136696512257,-27.4624988582293],[-54.57335122801434,-27.45361009852801],[-54.58097101958597,-27.45325740923896],[-54.58939427392714,-27.45818447518234],[-54.59495002772938,-27.4873672403622],[-54.60954050688113,-27.51042047799055],[-54.61579206222885,-27.53224096021242],[-54.62689746247312,-27.54402223879961],[-54.64240188865666,-27.54480287737397],[-54.64802510464241,-27.54023437008886],[-54.66007884862189,-27.50859815452323],[-54.67547571436541,-27.50578126737202],[-54.67943237762976,-27.51285083201448],[-54.68011597658721,-27.52664102436923],[-54.67166483629943,-27.56641670823482],[-54.68085625646248,-27.57450141002761],[-54.73852618303852,-27.56093903054294],[-54.74486070954399,-27.56264135118284],[-54.75872508246094,-27.58150346292932],[-54.76630857059292,-27.58486046287138],[-54.77812739330932,-27.58371664886574],[-54.7845525915198,-27.57869433355991],[-54.78771886309434,-27.57017807768194],[-54.79518662390498,-27.53498285017193],[-54.80978712153336,-27.53004742324445],[-54.81714415552344,-27.53555958906603],[-54.8265534771427,-27.554025650922],[-54.83970750029681,-27.60522831679418],[-54.84772220175925,-27.62131306141048],[-54.8607649684926,-27.62944067036137],[-54.88850515486095,-27.62661209720608],[-54.89524875095123,-27.62922143583753],[-54.90659557679473,-27.6418764152088],[-54.90248673495937,-27.7155686263464],[-54.90663861200122,-27.72978694007385],[-54.92145685761604,-27.74556772223835],[-54.937407400689,-27.77045222394579],[-54.94942417738392,-27.77928455027],[-54.96094936617283,-27.77847995785942],[-54.97766215628469,-27.77086004593264],[-54.98876623401487,-27.77224366443351],[-54.99304244659006,-27.77554867296724],[-55.00026617630659,-27.79235657190599],[-55.01420491057591,-27.79702777889466],[-55.02431288736059,-27.79419978550802],[-55.0509131592285,-27.76875510506427],[-55.05791229479573,-27.76808582846144],[-55.08022441257792,-27.77827691280279],[-55.08386899912009,-27.78412844685471],[-55.08271059300536,-27.79685831691521],[-55.02762752401916,-27.83024576546518],[-55.02441435871575,-27.84222763408466],[-55.02983283651756,-27.85461966790545],[-55.03638351799768,-27.8577803295816],[-55.08530926416196,-27.84309574442914],[-55.11383254024832,-27.84899125539369],[-55.12627616423357,-27.85981842499508],[-55.1240060232437,-27.88148635451744],[-55.12820667583978,-27.89388839914379],[-55.1331247315696,-27.89610877349474],[-55.13931235082294,-27.89506543838166],[-55.15343422255933,-27.88261849136619],[-55.17156036000857,-27.86127603759981],[-55.19139370159849,-27.85540824055757],[-55.20268269845597,-27.85785919500922],[-55.23226715005907,-27.88406866488538],[-55.25012188568752,-27.91421363138681],[-55.26646173783,-27.92978954490525],[-55.27527826108586,-27.93311301047278],[-55.28580092312257,-27.93228425942845],[-55.30015342537841,-27.92586345191721],[-55.30580774260968,-27.93521767883858],[-55.29731623227092,-27.944403234667],[-55.28973029600356,-27.93894879197771],[-55.27068342843589,-27.94147076014857],[-55.25905302039408,-27.93657251859091],[-55.24626611897146,-27.93787144092882],[-55.24513652675437,-27.94399437119729],[-55.2544806914109,-27.95613830664973],[-55.25381410518789,-27.95998452390041],[-55.23997941158801,-27.96335899929296],[-55.23022033002231,-27.97964944935082],[-55.21471179384383,-27.97648034986851],[-55.2045558707956,-27.98427648127608],[-55.18078181378758,-27.9939449882134],[-55.17262336576557,-28.00673991689569],[-55.15519318559974,-28.00338953343045],[-55.14164451827613,-28.00549370505712],[-55.13080792933204,-28.01155473659838],[-55.11656247048766,-28.0082396963772],[-55.11145274902938,-28.00259522862703],[-55.10195829228236,-28.00331768578464],[-55.09715045530704,-28.00873660122021],[-55.09817285578836,-28.01862752811001],[-55.08949425620483,-28.02771428653186],[-55.07814027229213,-28.03378122562434],[-55.07447564002087,-28.04012666145166],[-55.0672928744024,-28.04029622293626],[-55.05865578809878,-28.03259056060166],[-55.05110990514035,-28.03753625833111],[-55.03455087553498,-28.03884465230902],[-55.01930339499771,-28.06557536855518],[-55.00757716514364,-28.07186442543544],[-55.00445125893338,-28.07893145511962],[-54.99464797028683,-28.08612254717927],[-54.98297487563284,-28.09084589805867],[-54.98237481262625,-28.09651675428392],[-54.9877238737602,-28.10559377296532],[-54.97574974070073,-28.1201836078459],[-54.9748062980217,-28.12622928699835],[-54.98392080506511,-28.13270165533169],[-54.99720868360325,-28.13045965458505],[-55.01116168623903,-28.12103821904225],[-55.01132334212098,-28.11324941306729],[-55.01733760265618,-28.10695508155463],[-55.01581342068276,-28.09584997721585],[-55.02022415179071,-28.08938705040235],[-55.03373997859934,-28.08628371757885],[-55.0370454584543,-28.08272814484675],[-55.03588793339168,-28.07217720359153],[-55.06779774181183,-28.07276462722984],[-55.07921747363481,-28.06521436023154],[-55.08321085889681,-28.0550473013272],[-55.09152555509665,-28.05492487463808],[-55.09819296901074,-28.05030187379016],[-55.11027862027306,-28.05542254741404],[-55.11367825091951,-28.0441768112798],[-55.12615085833258,-28.04771345808128],[-55.13672407469904,-28.03587637584229],[-55.14779038657205,-28.03484831099507],[-55.15082203103435,-28.02813042387613],[-55.16204464065484,-28.0246903163411],[-55.16674755229285,-28.018584275433],[-55.18983770287156,-28.00997975012512],[-55.21769966332425,-28.02098486807102],[-55.22372449824836,-28.02758643728578],[-55.24748768484397,-28.02305278228064],[-55.25610667320433,-28.0388045479454],[-55.26417459157076,-28.04482888216205],[-55.27376415802375,-28.07056225193714],[-55.28866139012263,-28.08905416312267],[-55.28607198999956,-28.10488340915737],[-55.27918054960269,-28.11141436499926],[-55.26384741347076,-28.11177088677378],[-55.24087983193743,-28.09857436577831],[-55.23273498069373,-28.1083428004766],[-55.21272557059103,-28.1157410401419],[-55.20876940700134,-28.12157924852861],[-55.19922673936316,-28.1265998524128],[-55.19500915290738,-28.13426688217285],[-55.17653523471612,-28.13113740788708],[-55.16117847130599,-28.11825348032901],[-55.14531716783726,-28.12170177016996],[-55.14006176719722,-28.13895288282096],[-55.13299062842302,-28.14269187405601],[-55.12394401174867,-28.14276872279302],[-55.12136293611619,-28.14926281489145],[-55.12545020181439,-28.1542528942269],[-55.13397325949466,-28.1504498109956],[-55.13791894001373,-28.15178589786704],[-55.15061828524213,-28.17272342356308],[-55.15606284883732,-28.17642517834863],[-55.1562788742374,-28.18404900522908],[-55.16182281769646,-28.19217670490727],[-55.15162784418661,-28.1989679939202],[-55.15055218780345,-28.20629589930472],[-55.14182877492846,-28.2109866959873],[-55.14399944409022,-28.22104839105622],[-55.13923458810182,-28.22752947437964],[-55.12580526574135,-28.2313800500219],[-55.12020874474243,-28.23848084184463],[-55.11031319346672,-28.23790323151895],[-55.10296283684846,-28.25518301114748],[-55.08467905788359,-28.26261670020219],[-55.08821927572266,-28.2772284130109],[-55.06294640212252,-28.2789573116187],[-55.02945628469549,-28.29673074160398],[-55.0242149744608,-28.30489962737038],[-55.04161413803305,-28.33015433222025],[-55.03154237336319,-28.33384604684876],[-55.02355832891806,-28.3424480305889],[-55.01643977303535,-28.3430083000471],[-55.01159145836373,-28.34953299853836],[-54.98117033272523,-28.33875511304963],[-54.96704426567597,-28.34275027054665],[-54.95740575013757,-28.33642158932946],[-54.94824269103017,-28.33624541505391],[-54.93539447949675,-28.32361017159823],[-54.92698896030655,-28.30204948958047],[-54.92633264316873,-28.29200214558458],[-54.91960425163933,-28.28412675454232],[-54.90458277175122,-28.28182097439624],[-54.89901144690108,-28.28379965279223],[-54.89498695296525,-28.29064233164463],[-54.88509863085999,-28.28738590426113],[-54.87145026737936,-28.29663460347225],[-54.86690092065651,-28.29630024550114],[-54.86415889725359,-28.29273212905856],[-54.86366075486269,-28.27943152400912],[-54.87465740815589,-28.27132602355615],[-54.86632484898286,-28.26054913205511],[-54.87277238132589,-28.24382595361543],[-54.86467319658534,-28.23486329193968],[-54.8559920811003,-28.23685297728741],[-54.84799156481859,-28.24939702365018],[-54.84133077498019,-28.2438365815583],[-54.82642408850571,-28.24572949529681],[-54.80055394182501,-28.23718492602286],[-54.78506526271111,-28.24179832751121],[-54.78188354567387,-28.23874061690992],[-54.78382572157045,-28.23138295641031],[-54.77609476071324,-28.22702199792401],[-54.76933464045761,-28.21790515729293],[-54.76243095763476,-28.21445190000323],[-54.75516932280326,-28.2168552539583],[-54.74786819903443,-28.21474918249152],[-54.73588048781156,-28.21969153788543],[-54.73947125602841,-28.23089697512422],[-54.73735798018068,-28.23430865952782],[-54.71636640669333,-28.23763403100394],[-54.70835530929111,-28.2344250011356],[-54.70146904515567,-28.23759539490255],[-54.69217918327218,-28.23689162301368],[-54.67604950263521,-28.24914847937983],[-54.67345184171233,-28.26400678003018],[-54.66316983294087,-28.27458837245882],[-54.66426364467183,-28.30004680842119],[-54.67719665078002,-28.31210280515025],[-54.66960650316172,-28.31630145353787],[-54.64996259694681,-28.31968097588048],[-54.63591831630234,-28.34238046024149],[-54.63902575568445,-28.38192085750313],[-54.61572356647532,-28.38043252204908],[-54.61358225129044,-28.37723140631458],[-54.61698751971834,-28.37109162030873],[-54.61516429107249,-28.36695373788843],[-54.60366420002544,-28.36552902277522],[-54.59093154647538,-28.3565035372191],[-54.58226455754277,-28.36440109053576],[-54.57669426050447,-28.37535145795635],[-54.56476795321846,-28.36987872087074],[-54.55374474098484,-28.37807634384713],[-54.56366201978891,-28.39612738591828],[-54.55932963452618,-28.40288096564884],[-54.56086906360716,-28.40922732522999],[-54.55626657258508,-28.41494240207207],[-54.56218010105204,-28.42362173377145],[-54.56413022647529,-28.43992888927878],[-54.55437120784105,-28.44520149389103],[-54.55600797090527,-28.45647026056726],[-54.55308208076316,-28.46222875460596],[-54.54848110361515,-28.46146830536662],[-54.53799854781748,-28.45067228084663],[-54.54099999166223,-28.43369863762485],[-54.535438723913,-28.42559565262896],[-54.51798050133124,-28.43549737576554],[-54.51053355846869,-28.45084349077144],[-54.4926925604008,-28.44967772240522],[-54.48994753937443,-28.4468796640131],[-54.49458181187647,-28.41998819243625],[-54.49985389863625,-28.41892191777296],[-54.50920823548719,-28.4239101615637],[-54.51515493207046,-28.42249947701048],[-54.52888864387983,-28.40467124518701],[-54.52462780944894,-28.39250014535262],[-54.51472848083052,-28.39130873621378],[-54.51246496071789,-28.38786133705412],[-54.52167399868145,-28.37493879606828],[-54.53685665721575,-28.36269342732091],[-54.53082605057281,-28.34846555527502],[-54.53337792958592,-28.34209364285624],[-54.52974311451091,-28.33497918415677],[-54.53625822246171,-28.32904899979631],[-54.53191224768953,-28.32254012963141],[-54.51433744458468,-28.32860213483293],[-54.51324119237205,-28.34516236108331],[-54.50573047512079,-28.35107407588663],[-54.51265207998759,-28.37146746905271],[-54.51093226783902,-28.37486535624632],[-54.50103761178643,-28.37326477642447],[-54.49528884225449,-28.377502789908],[-54.48758894471481,-28.37679767637146],[-54.48372913562991,-28.37077901741734],[-54.48314382997377,-28.36035688704975],[-54.48014789880742,-28.35828263236487],[-54.4594141808845,-28.36646992140728],[-54.4603156775268,-28.38979109439894],[-54.464568067401,-28.39721151486833],[-54.45873499773268,-28.4025877950424],[-54.45809341421065,-28.4117220109325],[-54.45087809220308,-28.41205258162118],[-54.44236663776628,-28.40028451508211],[-54.43169734128006,-28.40476693115403],[-54.42169173940254,-28.40213124317976],[-54.41210377162503,-28.38933738803507],[-54.4124220140846,-28.38241027248073],[-54.40554053661467,-28.3770378202003],[-54.40052284937756,-28.37996921378586],[-54.39775060051139,-28.39208688526631],[-54.39350866305129,-28.39621264859706],[-54.39513672165404,-28.40472165089061],[-54.37389922841025,-28.41519224927628],[-54.36504034279019,-28.40952191439337],[-54.36072157145676,-28.39110246464239],[-54.35510690898708,-28.39217312695225],[-54.35106677170235,-28.40183613624513],[-54.33734295940707,-28.39481193992268],[-54.32864751344454,-28.40232010615355],[-54.31655374913855,-28.40168280396995],[-54.3184057242222,-28.42846491107009],[-54.3128057195343,-28.43466462152739],[-54.31563154779887,-28.4420724485095],[-54.3047535003144,-28.44831246239324],[-54.30048582614349,-28.45513358161729],[-54.2902365978223,-28.45297454507773],[-54.27573748222351,-28.4576829546251],[-54.2729737324204,-28.45407567178183],[-54.27646683328457,-28.44409009025466],[-54.26177620232763,-28.44439785150128],[-54.26215811767383,-28.43706177946667],[-54.27187684642795,-28.43485679398879],[-54.27983587471368,-28.41930819705606],[-54.27826624783818,-28.41580767743975],[-54.27064744488471,-28.41324013387333],[-54.2631353815903,-28.41991415044011],[-54.25482955549822,-28.41954166632177],[-54.24333850443928,-28.42409311411872],[-54.22449801591444,-28.42233839940913],[-54.20617508086846,-28.43808257400666],[-54.19532259164265,-28.43674963058222],[-54.18873099997214,-28.44097210357638],[-54.17869263731384,-28.43673858381407],[-54.17376577679413,-28.42458545748637],[-54.15820238548459,-28.42981320056641],[-54.14880502376317,-28.43725171303485],[-54.13851484535566,-28.43937197662146],[-54.13123155820102,-28.43422178414229],[-54.13704194101688,-28.42179271015187],[-54.13477262720637,-28.41736512114745],[-54.12620597962589,-28.41806356485657],[-54.1205715125263,-28.42690388317233],[-54.11251508660684,-28.42566049250314],[-54.10369367378192,-28.41743437337026],[-54.09355764739521,-28.42466706805916],[-54.08780877690705,-28.42002598318856],[-54.07542676155778,-28.41994186492638],[-54.05611692915836,-28.40778831297313],[-54.04481151649608,-28.41424543042979],[-54.04391165725043,-28.42189180341593],[-54.03561863384698,-28.43211593886883],[-54.02526536305498,-28.4282707990214],[-54.0185197713195,-28.43830515699591],[-54.00473817468258,-28.43592299222572],[-53.99752705077367,-28.45053904981682],[-53.98760100192273,-28.45615663788934],[-53.9817623049079,-28.46406726564109],[-53.98080386785549,-28.47492701785296],[-53.97053813081181,-28.48307921041641],[-53.98967399578266,-28.52513520237224],[-53.98802247126606,-28.52963870364399],[-53.97698995533649,-28.53582951962734],[-53.9778868263334,-28.54305665609453],[-53.97328877109283,-28.55036283323069],[-53.97709111885817,-28.55304692663629],[-53.99260793047286,-28.55121989701613],[-53.99330475813576,-28.55722231394198],[-53.98665991511276,-28.56392699993035],[-53.99551353660996,-28.57506621531583],[-53.98707886289785,-28.5802466810049],[-53.98522527338023,-28.58686699677668],[-53.97792234064914,-28.58779457544713],[-53.97586951063877,-28.59138398910297],[-53.99047703398668,-28.60266903097764],[-53.99094576300537,-28.60701419153522],[-53.98467372587842,-28.61550125547377],[-53.97792583026127,-28.61707263107348],[-53.96424926706768,-28.62747828726868],[-53.95663122392074,-28.62753705383283],[-53.94895668246533,-28.6364234468498],[-53.93735720174813,-28.63634150818004],[-53.92438131886568,-28.64539927083675],[-53.91036420416334,-28.64500332808862],[-53.90847942675412,-28.65856525877521],[-53.91324819083086,-28.66504023381384],[-53.91080048060751,-28.66921145053741],[-53.90305807243389,-28.66746731839102],[-53.87587727851439,-28.62352320020593],[-53.85781351059958,-28.62530387794087],[-53.85447594236342,-28.62774424231174],[-53.85409366191679,-28.63524616482174],[-53.84456161433787,-28.63875553299857],[-53.82491860836181,-28.62939128210378],[-53.81845672420471,-28.6335305807852],[-53.82182073251438,-28.64214769045716],[-53.81802602576825,-28.64805642378073],[-53.80533640245196,-28.65330721085805],[-53.80116936953818,-28.65133105634097],[-53.80214073751173,-28.64507268308618],[-53.7984982811497,-28.64163818412018],[-53.78775630454813,-28.64328804986288],[-53.77555446647779,-28.63857927307765],[-53.76457676249372,-28.63892554384913],[-53.75941674199832,-28.64083367727107],[-53.75390101308319,-28.6513826532251],[-53.74560857534949,-28.65692936751899],[-53.74046532230649,-28.66817815027571],[-53.72825801809364,-28.67207898839493],[-53.72122579284231,-28.66760791920474],[-53.71207495574921,-28.67080856840107],[-53.69790359398852,-28.66785712721489],[-53.68338824948622,-28.674744307405],[-53.67841423090437,-28.66993429797622],[-53.66817346316255,-28.66693580918477],[-53.66663189720992,-28.65382492744748],[-53.64573949710754,-28.65683066946612],[-53.63350244482059,-28.64717740744999],[-53.63367912754824,-28.63696232063542],[-53.62866335101899,-28.63115599713205],[-53.63547247127719,-28.62175449788077],[-53.63053739514702,-28.61700896015391],[-53.63111986787443,-28.60921755942513],[-53.62436783220738,-28.6058613298158],[-53.62207265761673,-28.60093783297054],[-53.62522735779377,-28.59687464936998],[-53.64350686884054,-28.59777501898269],[-53.65734325798265,-28.58456458590963],[-53.65720289916841,-28.57679682389712],[-53.64858439259697,-28.56310635161275],[-53.65742647733716,-28.55082451295982],[-53.65648570924434,-28.54687226426239],[-53.64122859028501,-28.54470621521238],[-53.63099189994894,-28.55092143006249],[-53.62386049381724,-28.55092481853446],[-53.61351543770062,-28.56472710910347],[-53.59660912208544,-28.57639425745914],[-53.59083491006007,-28.57142851297482],[-53.59614077296249,-28.56422184450678],[-53.60861082100534,-28.55639750150804],[-53.61096615133152,-28.54643800912575],[-53.60803716788607,-28.54249396992206],[-53.60140103993047,-28.54220996847068],[-53.59232931417601,-28.53642330787356],[-53.57214842594231,-28.53855760209133],[-53.56366940210955,-28.55179489612508],[-53.55199341081439,-28.55699153480612],[-53.54439526147708,-28.55535900738843],[-53.53618997430523,-28.56029291503082],[-53.53279349462919,-28.55805461041729],[-53.53234353305454,-28.55171825705517],[-53.52563719351708,-28.54867787678527],[-53.52416811374605,-28.5412990929461],[-53.51111414650934,-28.53884183928018],[-53.5099787858136,-28.53074400798832],[-53.51424558907112,-28.52651212982551],[-53.53406843758787,-28.53407275805507],[-53.54064922077453,-28.53302758708016],[-53.54352317055725,-28.51150569841784],[-53.53398913296032,-28.50855648603971],[-53.53210334979894,-28.50512180533167],[-53.53458209452262,-28.4965721835028],[-53.54605873816402,-28.49090033839913],[-53.55065335793849,-28.49184766058724],[-53.55909556933729,-28.50418234323697],[-53.57055790527863,-28.50920452862862],[-53.58521755250931,-28.50520229140875],[-53.59085331943756,-28.49955497802838],[-53.62250365912703,-28.50520377542101],[-53.65578757561926,-28.49153006510916],[-53.65808363859286,-28.48406874633288],[-53.66728153193119,-28.48321695764029],[-53.6735451698511,-28.47420181480201],[-53.68781177287838,-28.47648445048102],[-53.70278991724058,-28.47332416198504],[-53.71367901650762,-28.46308512900875],[-53.71542761406967,-28.45691190989353],[-53.71150201747563,-28.45020330393566],[-53.69706475940972,-28.45189227728291],[-53.68895632403073,-28.44695045888573],[-53.67297837984472,-28.4564446180619],[-53.65704501733855,-28.45879595809754],[-53.65355707765781,-28.45627638065156],[-53.65331313904706,-28.44648190178561],[-53.64952397949495,-28.4447445430892],[-53.63221412622764,-28.45599669094288],[-53.61194513669609,-28.43612488694476],[-53.59691198437033,-28.44055024414744],[-53.59738912032545,-28.42083630922934],[-53.58634555755809,-28.41812714406585],[-53.57682970475999,-28.42144904497336],[-53.57681916293942,-28.42818352258108],[-53.56966726477732,-28.43241254994576],[-53.56928093372859,-28.43834548823331],[-53.56299537527891,-28.4468593248129],[-53.55437735211787,-28.44728982439587],[-53.53473225823184,-28.43894100129986],[-53.52565773512912,-28.44543383759763],[-53.51466898361101,-28.43811059803873],[-53.50835525145334,-28.44432401288358],[-53.5017803474907,-28.44391180624323],[-53.48641775111304,-28.45101955327517],[-53.47858405103143,-28.44818073583096],[-53.47155844488824,-28.45151803197821],[-53.46124822025142,-28.44878383216744],[-53.45979084517963,-28.43940830997308],[-53.44667053929365,-28.43328450527601],[-53.44315494786154,-28.4258016128287],[-53.43333265572229,-28.42725280824584],[-53.42655840550513,-28.42017220958499],[-53.42279934554053,-28.42197428400776],[-53.41735263658465,-28.43336882386708],[-53.40986928552128,-28.43584481740341],[-53.40507346275774,-28.43143235230945],[-53.40887967183116,-28.42285846861994],[-53.40026164089183,-28.41297199663277],[-53.39997373341529,-28.40739480949523],[-53.41306748050484,-28.40439956496012],[-53.41194278249757,-28.3941490641461],[-53.42299178514529,-28.39156268553939],[-53.4255056216382,-28.38307373733695],[-53.42339155067952,-28.37938523508538],[-53.4130702513864,-28.37635390608101],[-53.40481171216362,-28.37938964320461],[-53.39567112033556,-28.37581976709005],[-53.39591382819497,-28.37069680990042],[-53.40369000786237,-28.36546726577075],[-53.39931268516944,-28.34998211853324],[-53.40328754758859,-28.34356007008457],[-53.40101158798441,-28.33507808239716],[-53.38777001862641,-28.32811454531178],[-53.36843847759891,-28.32845397544724],[-53.3665141747083,-28.31530076989552],[-53.35574000575643,-28.31152852425965],[-53.344438784814,-28.31942360612917],[-53.32989617566014,-28.32048504025551],[-53.3266356233819,-28.33213247539181],[-53.3092244809655,-28.33787136712367],[-53.30315409726371,-28.3353358845763],[-53.30181808159625,-28.32619751629681],[-53.30957299243527,-28.3223972012425],[-53.31095047126171,-28.31648622545545],[-53.30327060577369,-28.31231464261887],[-53.29604904640789,-28.30031257145132],[-53.31083799645988,-28.2937557056257],[-53.31221215287635,-28.29042144579468],[-53.30566250758789,-28.28323695847835],[-53.29137398680732,-28.28200233314725],[-53.28761001668413,-28.27225634783907],[-53.29286979858689,-28.26555383113677],[-53.30653680435264,-28.26599651837001],[-53.31489431377802,-28.27076870459243],[-53.32189550327851,-28.26264215712677],[-53.33149551095262,-28.26841157660373],[-53.34030043814229,-28.2643277191336],[-53.34508549131928,-28.26755701804133],[-53.34437305005827,-28.2748237554268],[-53.3538252483285,-28.27810488928878],[-53.36248291658642,-28.27074283457086],[-53.37376255137567,-28.27727579761348],[-53.38303301736771,-28.27359755329124],[-53.3881813453125,-28.28787292891702],[-53.38581669907898,-28.29590045990122],[-53.39038769882787,-28.29910153490428],[-53.39774188609292,-28.29400988923369],[-53.40111574419966,-28.28237081539393],[-53.41781522960209,-28.29476225928099],[-53.42132887410295,-28.2921491144098],[-53.42113915911373,-28.28494482538888],[-53.42696077178685,-28.28102461531752],[-53.42965645746726,-28.26640220764575],[-53.42146078103677,-28.2537208327959],[-53.41052098405983,-28.25473132395247],[-53.39956741593281,-28.2498059632782],[-53.39355393708146,-28.2533112132991],[-53.38547999019945,-28.25300017984321],[-53.37770994638521,-28.24904693477835],[-53.37912924238395,-28.24416496992262],[-53.39392628965058,-28.23754870184042],[-53.37840348605162,-28.22688645301612],[-53.37831694759404,-28.22024015890845],[-53.39132079093176,-28.21974598128086],[-53.40087589891632,-28.22616687287954],[-53.40763268431603,-28.22426369639299],[-53.41884162007045,-28.22675086780389],[-53.42781185541103,-28.21146869698107],[-53.42554274233652,-28.20760019393352],[-53.41713388267625,-28.20615335707293],[-53.41544345889118,-28.19791571720473],[-53.40829452627491,-28.19614523127202],[-53.39823128994042,-28.18698234048891],[-53.39997909796957,-28.17658518202369],[-53.37375022549329,-28.16366619827306],[-53.37568304869796,-28.15751951383669],[-53.38917605713145,-28.15848872549787],[-53.3987879537983,-28.15518122948715],[-53.41632238754198,-28.16741201354357],[-53.43138171629898,-28.15578392741953],[-53.44635453960309,-28.18463021337882],[-53.45125587430533,-28.18437525935222],[-53.46183960580557,-28.17537191158141],[-53.46954030201172,-28.18590511819835],[-53.48016061050309,-28.18091089050299],[-53.48673952832211,-28.18636625419851],[-53.50665810719227,-28.19270280434464],[-53.51118643362332,-28.18483627932232],[-53.49994750934849,-28.16878590230231],[-53.492789799448,-28.1640642472857],[-53.48872703218662,-28.14811245288718],[-53.49012552854646,-28.14049324082086],[-53.48340862350675,-28.12448297143318],[-53.49199825431135,-28.12177977861049],[-53.49885010557482,-28.1303530668332],[-53.50592667223874,-28.13209011214551],[-53.51329910293413,-28.11860071447308],[-53.51565016469578,-28.10557111418493],[-53.52057498166863,-28.10265610640175],[-53.52935437867994,-28.11260092686843],[-53.52874699669512,-28.13136261326118],[-53.53916646311734,-28.13694328253502],[-53.54130149598011,-28.15213540728896],[-53.54677527058936,-28.15514852714688],[-53.55422469900232,-28.15085347110077],[-53.55848220089458,-28.15418287305057],[-53.5619251482488,-28.16615263690834],[-53.55887140311622,-28.17657114845735],[-53.56496331228343,-28.18369695165353],[-53.5777790785729,-28.18728985096826],[-53.58394480671367,-28.19645024829691],[-53.60924183067364,-28.19171311980837],[-53.61574865760235,-28.1957857525912],[-53.63019908340315,-28.19707238162635],[-53.63479403569718,-28.1925077435663],[-53.6439130030116,-28.19076125483016],[-53.63939899494911,-28.17756554592901],[-53.65246671892523,-28.16376008916998],[-53.65425720673298,-28.15542432981628],[-53.65996441849502,-28.15052116176788],[-53.64335820607429,-28.13510023627436],[-53.65590651920475,-28.11809191714704],[-53.66377596349184,-28.1193036576149],[-53.68525393199495,-28.13766107563371],[-53.7032633632092,-28.13792736297579],[-53.71278442278255,-28.1270663672045],[-53.71189880822873,-28.12302917057707],[-53.70336333682783,-28.11861899549569],[-53.70211957307477,-28.11043424616538],[-53.68105220783595,-28.10304355811837],[-53.67509540649728,-28.09798873435682],[-53.6766672889352,-28.09140123380648],[-53.6857754796845,-28.08649556366346],[-53.67700426335068,-28.07394803426438],[-53.6741743913526,-28.05483727807787],[-53.67882568095102,-28.05141713020419],[-53.7003193299889,-28.07420468976874],[-53.71410473340421,-28.07448514645866],[-53.72253325599601,-28.06785614280561],[-53.74699430337798,-28.08434014446372],[-53.74696261761819,-28.08930495698842],[-53.73230215130856,-28.09216587623346],[-53.73061672387057,-28.09708829656353],[-53.73818386835364,-28.10336998554977],[-53.75782024812856,-28.10337340243417],[-53.76570648640695,-28.10674151752007],[-53.76780843958569,-28.12086420863776],[-53.77487664366908,-28.12887916892146],[-53.77528154019355,-28.13501290622014],[-53.79138357655271,-28.14738762127367],[-53.80038773866813,-28.1595706294603],[-53.80738050479677,-28.15948506294402],[-53.81788765234446,-28.15216155518066],[-53.81658448085449,-28.13729717455096],[-53.82620198907708,-28.13741958625037],[-53.83480641291715,-28.13022825464131],[-53.83912328461969,-28.13451460663972],[-53.83685664961894,-28.14050131151157],[-53.84053730091963,-28.14782320386989],[-53.83744470831437,-28.15650606940271],[-53.84216890654547,-28.16355170020472],[-53.86096464208103,-28.15657683189594],[-53.86617352734231,-28.17497302677924],[-53.87539912679328,-28.18206738250164],[-53.88850292861467,-28.18504663036783],[-53.90714536588234,-28.1950469854451],[-53.91561497695578,-28.18864141358665],[-53.92628327854153,-28.19028739440475],[-53.94171348100698,-28.19777777235521],[-53.95388375785759,-28.20910572818549],[-53.96110938859496,-28.20833153055619],[-53.96709227577485,-28.19569554906986],[-53.98737766685827,-28.20044074520547],[-53.99386887057872,-28.19589051511804],[-53.98639410724874,-28.18453818819936],[-53.9605894185343,-28.16077929687076],[-53.95849125402625,-28.14415905497694],[-53.96139645314861,-28.13942805004372],[-53.97137473816287,-28.14387069644097],[-53.97720948272755,-28.15126790203532],[-53.9905665729858,-28.15288692541203],[-53.99509325599234,-28.15058805503478],[-53.99742474195084,-28.14177880661175],[-54.01060735588141,-28.14521111179671],[-54.01544154716205,-28.13937238687913],[-54.02362089034558,-28.13987844744074],[-54.02904825970944,-28.13344420553523],[-54.03745435105656,-28.13577616616644],[-54.04253857092793,-28.12781610039673],[-54.0497617878918,-28.12715053789957],[-54.05994379346816,-28.13487307582144],[-54.06104940950511,-28.14468183089319],[-54.07081623423031,-28.14498080948402],[-54.0745222275404,-28.15316423486136],[-54.08079892496934,-28.15439209995166],[-54.08671258683383,-28.14352901183294],[-54.07959790551346,-28.13243674862077],[-54.08371912002467,-28.12832851517038],[-54.09953654839549,-28.13490130847196],[-54.1021462937564,-28.14146445487372],[-54.11041184065682,-28.14364696450338],[-54.11145992686184,-28.15074376756128],[-54.11932480069854,-28.15398922253748],[-54.12497898727241,-28.15273095815696],[-54.13030099615999,-28.14406976927042],[-54.14009489713521,-28.14536138353218],[-54.14444592391943,-28.15300756980913],[-54.15639492045576,-28.15096851296421],[-54.1589916974682,-28.15647840791505],[-54.14373702921864,-28.17312120512615],[-54.14641933977708,-28.17922866023313],[-54.14511020827505,-28.19070957202485],[-54.1320278994944,-28.19577325044217],[-54.12953089107749,-28.19994316856731],[-54.12958145666794,-28.20651625194904],[-54.13549408751771,-28.21087484504125],[-54.13505822175943,-28.21532093377851],[-54.12464412438868,-28.2191594212333],[-54.11727544515402,-28.22855822249287],[-54.12127387698656,-28.23508280303646],[-54.12713730495404,-28.23771098706152],[-54.13060096047136,-28.2467447721414],[-54.14357629359614,-28.25284491108339],[-54.1413347217004,-28.25699553362566],[-54.12847067768305,-28.25923143528279],[-54.12550973222039,-28.26924354194581],[-54.12826488628369,-28.27329429177755],[-54.13752240443637,-28.2752200854578],[-54.1387737015372,-28.30041436097603],[-54.14481587733836,-28.30395681496359],[-54.15309353481653,-28.30124997300847],[-54.1664753467059,-28.31538648136739],[-54.17663062383549,-28.31230334793088],[-54.17951678804565,-28.30524745177402],[-54.18420332805878,-28.30412944394801],[-54.19330990805935,-28.31691202051621],[-54.19765425702862,-28.31765344288757],[-54.21015054619484,-28.30759700224518],[-54.20581657356268,-28.2938850773157],[-54.21301090078914,-28.28254803447463],[-54.2188628956716,-28.28335855291439],[-54.22418238386324,-28.29536373451992],[-54.23169626235857,-28.29463740305531],[-54.23508677965981,-28.28610997492764],[-54.24442111528442,-28.2854772907946],[-54.25230429741047,-28.27673517560314],[-54.26614138583456,-28.277399559248],[-54.27149260576434,-28.27252778704597],[-54.26969969167697,-28.26539843711815],[-54.27651855788139,-28.25105486021059],[-54.28851634285257,-28.2501991331334],[-54.29689549331045,-28.25941679029267],[-54.28959171885956,-28.27246153803271],[-54.28986255894158,-28.28402065893868],[-54.30034450887587,-28.28970315064801],[-54.30235213277834,-28.29835860309461],[-54.30828905434347,-28.29801418331748],[-54.30995994813917,-28.28524766061427],[-54.3153758416944,-28.2833431364554],[-54.32304507787951,-28.29499530516908],[-54.32179268835593,-28.30911270099113],[-54.33733928582399,-28.30443610229836],[-54.3510355328957,-28.32015454239726],[-54.3527044715457,-28.32838686507882],[-54.36053498999568,-28.32807159140886],[-54.36616137551056,-28.33207405215297],[-54.37755437004525,-28.33070238410081],[-54.38147237245704,-28.32838730485081],[-54.3814595099898,-28.3223047250544],[-54.37285945664618,-28.31183587140951],[-54.37498810891704,-28.2994358178478],[-54.38440705784621,-28.30169621028025],[-54.39135589402016,-28.29412823153869],[-54.39757035642087,-28.29398344534303],[-54.40948304294334,-28.30856462132517],[-54.43453891552392,-28.30507100431692],[-54.4375131141073,-28.3005871142382],[-54.43493900838087,-28.29537366293373],[-54.42345828083317,-28.29615687289627],[-54.36704609550332,-28.26896362535895],[-54.36740609707043,-28.26413516888064],[-54.38282285650575,-28.2535807368314],[-54.37330371473431,-28.24744605060519],[-54.36881552809776,-28.23748270596928],[-54.37049054752489,-28.23383367856335],[-54.37895069350402,-28.23273910234083],[-54.38802316837751,-28.23923680548961],[-54.39899073095651,-28.24096790679153],[-54.41448968750408,-28.27097838247449],[-54.42115832907257,-28.2757922852261],[-54.43182896080985,-28.27087045525013],[-54.4389378575377,-28.27848816510433],[-54.45006565343711,-28.28298031748202],[-54.45482787125312,-28.27933068493059],[-54.4482577053529,-28.26816216403803],[-54.45074636090345,-28.26424363681584],[-54.47146663490525,-28.27264434617097],[-54.47629606037994,-28.27895015894722],[-54.48521619466197,-28.27469856362449],[-54.48629524940534,-28.27015913099021],[-54.4772886409859,-28.2538380360682],[-54.46825778602521,-28.25402846706691],[-54.46061342940112,-28.25094379757558],[-54.45261119247438,-28.24228310884511],[-54.43730861039582,-28.24085972732459],[-54.43129376530744,-28.23625403422374],[-54.40517194217684,-28.2288199364244],[-54.38743527224949,-28.2095729853981],[-54.39186043449013,-28.19571318934503],[-54.38308909724691,-28.19001024286846],[-54.38244123419201,-28.18582248301525],[-54.39124386048871,-28.18320053777697],[-54.40200680472525,-28.17209770711193],[-54.41801013614578,-28.16714476718417],[-54.41735032722402,-28.16103093546383],[-54.4072681801302,-28.15752386645255],[-54.38809234461043,-28.17023757390306],[-54.38127747386133,-28.16593286382538],[-54.37455304932208,-28.16759935145483],[-54.35819436085604,-28.16373359101371],[-54.3527749270698,-28.16483731805807],[-54.34616688942648,-28.17216045447493],[-54.32553257312046,-28.16744651743163],[-54.31534062986082,-28.16157602966554],[-54.31842322856907,-28.15249739935242],[-54.30465965135054,-28.13559418927514],[-54.28124204472763,-28.12714054927029],[-54.28299558049432,-28.11914431037567],[-54.29837398620247,-28.12252213425775],[-54.30828686335457,-28.11726111799155],[-54.31508057608183,-28.12658052046925],[-54.32703978194534,-28.12192659222544],[-54.32947669049546,-28.12518376294035],[-54.32697662142922,-28.13595759853447],[-54.34104578663965,-28.14401049165203],[-54.34828189815368,-28.14467820904723],[-54.35040470257059,-28.1417244753925],[-54.34704583377322,-28.13563803890184],[-54.3486794387005,-28.13190812081953],[-54.3724188340574,-28.13018928535858],[-54.37544265037887,-28.12724907920288],[-54.37406201349701,-28.12346308383719],[-54.36542622579351,-28.12257736356947],[-54.36131614795247,-28.11690958577847],[-54.35040130817643,-28.11591883656584],[-54.35092357725181,-28.10662977342483],[-54.3407822368069,-28.09971924955086],[-54.34377775658388,-28.0895980111124],[-54.35131733791253,-28.08865074595453],[-54.35733582260436,-28.08400320037094],[-54.36149124542248,-28.08753230641318],[-54.35715937071081,-28.09559245547977],[-54.35834155053966,-28.09919851948162],[-54.3624912147398,-28.09977448093801],[-54.36959968435715,-28.09301460218304],[-54.37397637621851,-28.09280395121693],[-54.3947675725226,-28.11905306735361],[-54.40648037814774,-28.12335169750239],[-54.4086456021066,-28.1193674141917],[-54.40195317022738,-28.1125718878545],[-54.39598984191498,-28.08647042293971],[-54.40256437317566,-28.08442375596997],[-54.41172761251976,-28.09142595756407],[-54.41809061029512,-28.10671672021556],[-54.4270794753532,-28.10301081899648],[-54.42825065186182,-28.09137658757262],[-54.43380128975761,-28.09080540932777],[-54.44362162595731,-28.0955328495855],[-54.45053384421639,-28.08030773537091],[-54.45760786513696,-28.07352829397103],[-54.44986413203938,-28.06406794192385],[-54.44088905057168,-28.06331799084935],[-54.43317187962177,-28.05330573246843],[-54.43714413302285,-28.04985957548318],[-54.45822726249297,-28.04734246893294],[-54.46504007757764,-28.05295543895068],[-54.47455675096055,-28.0514330498312],[-54.48651828838298,-28.05661305097996],[-54.4937106984974,-28.06865611798384],[-54.50223631046088,-28.07147985165759],[-54.50077753289285,-28.07881440521463],[-54.50676660261563,-28.08875213393425],[-54.52105588966121,-28.09861162782589],[-54.51913823389481,-28.10961099481636],[-54.53007308975938,-28.11439050393689],[-54.54619959469066,-28.10848719538843],[-54.5559559435368,-28.11041629858535],[-54.56165785621027,-28.10180503214148],[-54.57761152432252,-28.10549960818883],[-54.59160296171604,-28.09414285025511],[-54.6009745786229,-28.09463322850986],[-54.60427594235137,-28.08907459192178],[-54.59758448600849,-28.08178868703196],[-54.60039304607023,-28.07671646399827],[-54.62591389283219,-28.08766170617401],[-54.63321704754085,-28.08726057488598],[-54.63643980028021,-28.08380622341583],[-54.63477302837897,-28.07429796154209],[-54.6539523942301,-28.07177397255156],[-54.65584584748005,-28.06687666804713],[-54.63975802772355,-28.06202832284035],[-54.62057844640248,-28.06455358408004],[-54.61864360341824,-28.06157015200958],[-54.62252997501303,-28.05516025895813],[-54.62105854299998,-28.04948855080309],[-54.60344093729269,-28.04925300183755],[-54.60551205525089,-28.039388430303],[-54.59553450240639,-28.03506307235129],[-54.59517811238407,-28.03020959086687],[-54.60815307571386,-28.02707830795983],[-54.61311256287588,-28.03344304500951],[-54.62167918939924,-28.03446527260922],[-54.62748236186975,-28.04028980906515],[-54.63409093400429,-28.0412133389271],[-54.64400635392413,-28.0529394428482],[-54.65100400339145,-28.05340170916935],[-54.65528741113643,-28.03977163817053],[-54.6665304065282,-28.0316757018274],[-54.6653966154804,-28.02739254490529],[-54.65620494432331,-28.02020980434669],[-54.66639100980266,-28.01044236323129],[-54.68114001108938,-28.01158495725532],[-54.68854463677494,-28.01531683052071],[-54.70001412078509,-28.01050184529285],[-54.71486719492587,-28.00913039155126],[-54.72042678623522,-27.99849944786467],[-54.73193576804029,-27.99824356930918],[-54.74198932470907,-27.99411943725675],[-54.73999536065752,-27.98746119166783],[-54.72881691193801,-27.99017268551241],[-54.72496296055897,-27.9868565815534],[-54.73173677145133,-27.97598932819077],[-54.74006909148559,-27.97277991326735],[-54.73994408159368,-27.96126645997846],[-54.74920470916167,-27.96193202836689],[-54.75531356253629,-27.97230746223124],[-54.76043553975558,-27.97445512882864],[-54.76791154793477,-27.97083588409168],[-54.77155569281493,-27.96019281150421],[-54.77956282677874,-27.95732575109049],[-54.78054530073279,-27.95278137997703],[-54.77382899106887,-27.94655417462225],[-54.76582461452891,-27.94557688186655],[-54.75278992816305,-27.93772775358771],[-54.74597366460153,-27.92363600944129],[-54.73807482988031,-27.920448948371],[-54.68174492489865,-27.92228512533523],[-54.65877289169335,-27.93142219351691],[-54.64377617974443,-27.92300684183759],[-54.63402591295298,-27.93712569634172],[-54.61918573555702,-27.93870965335088],[-54.61483229063113,-27.93037431256719],[-54.6040144338306,-27.92955501620325],[-54.60101059744443,-27.92144420776589],[-54.60234666564376,-27.91773915509969],[-54.61105636955586,-27.91522260880972],[-54.60950702015217,-27.90433879710401],[-54.60391115340811,-27.90340670180116],[-54.58871537139291,-27.90891945582268],[-54.58637687787146,-27.91641766658849],[-54.58279037302435,-27.91816551140082],[-54.56697428650852,-27.90319519930127],[-54.55855574516172,-27.90663208587521],[-54.54309944337699,-27.92877556023441],[-54.53079892338332,-27.92954317520717],[-54.5215158013567,-27.93379648651843],[-54.5082161510338,-27.95145161629703],[-54.4874494540347,-27.96814457810482],[-54.48158847090484,-27.98131820811582],[-54.46209676387915,-27.98965338978052],[-54.45397717060306,-27.97873537821237],[-54.43523410478334,-27.96890547448352],[-54.43615606239388,-27.9622247770458],[-54.4522424390763,-27.95581273398231],[-54.45089498758622,-27.94284457514301],[-54.44520135782781,-27.93716503681462],[-54.42077516964251,-27.94595108379459],[-54.41020101213461,-27.96073390513573],[-54.39508879813574,-27.9694251844945],[-54.37873500380265,-27.94962053637498],[-54.3700889585859,-27.94619394332119],[-54.36356431257933,-27.93726398637846],[-54.35110529076741,-27.9355077930241],[-54.33465571324552,-27.94087303295857],[-54.33160281836071,-27.93611477902698],[-54.33702777480541,-27.92095327977289],[-54.33496423870221,-27.91258637214384],[-54.31625180047413,-27.90997105062453],[-54.31463295563412,-27.89768210124124],[-54.32169128022569,-27.88565444165959],[-54.3099874357663,-27.87569992442521],[-54.30776953107281,-27.86684673331957],[-54.31280089757951,-27.85968136006212],[-54.31222995418663,-27.85083190998775],[-54.31862240055821,-27.84310091394846],[-54.31173422388916,-27.82816849895046],[-54.31429861732783,-27.80985579514143],[-54.31760463909064,-27.80530826266374],[-54.33078144438939,-27.80169126554717],[-54.33212421945687,-27.78975729202546],[-54.34446246156409,-27.78328101838681],[-54.34722630552955,-27.77429857098191],[-54.34502815959021,-27.76905669245964],[-54.33054065602951,-27.76196429206635],[-54.34048774818902,-27.75354250561691],[-54.34111131258604,-27.74615351589953],[-54.31772614256915,-27.73949354005189],[-54.31251702058118,-27.73079707395139],[-54.32880366513847,-27.71931148736267],[-54.34729272689595,-27.71466089260097],[-54.34954838789152,-27.71120185338845],[-54.33902805731733,-27.69708042407931],[-54.30941355438976,-27.6873646814985],[-54.28713867195311,-27.68884952816381],[-54.2743250385293,-27.6983415590119],[-54.26965661246101,-27.71086218840174],[-54.23777439643393,-27.71764340685107],[-54.21992483157354,-27.73128301865784],[-54.20871911916319,-27.72711019349251],[-54.19295945164081,-27.72985776018587],[-54.19050593745821,-27.74545959291874],[-54.20800926910967,-27.75348867157054],[-54.21385981203883,-27.76734912054496],[-54.20594081350823,-27.78048871958802],[-54.19618262390147,-27.77609215952126],[-54.18827297046844,-27.78219791693376],[-54.18144947426373,-27.77995636981336],[-54.16897858602749,-27.78220378193024],[-54.17424932767683,-27.80762783416612],[-54.17075317051091,-27.81902380893794],[-54.15968484131151,-27.83542665511905],[-54.17010151863982,-27.8460825750297],[-54.17105093295314,-27.85455457723937],[-54.16586857089234,-27.86474052719999],[-54.14695301859887,-27.87157510038596],[-54.15205432727281,-27.88931585216605],[-54.1221383159053,-27.8921572477785],[-54.11812805289988,-27.90006004618415],[-54.10681759681337,-27.90734781978759],[-54.10006195116809,-27.91678570985976],[-54.10252577876764,-27.92944191686892],[-54.09795179226526,-27.93611339628787],[-54.08427959317979,-27.94701819480304],[-54.07443524520598,-27.94892630785851],[-54.06769692463322,-27.95687105942033],[-54.05652884366351,-27.95489874523994],[-54.05464706098783,-27.9656959642797],[-54.0455350365802,-27.97654489064272],[-54.04158231033423,-27.97730526463222],[-54.03326400543214,-27.96612739636016],[-54.03571276579292,-27.95779172183368],[-54.02969902262855,-27.95381607684362],[-54.02023245728095,-27.95544210961417],[-54.01039788088753,-27.96409840657449],[-54.00593720448913,-27.96304188724486],[-54.00756189984314,-27.951293680339],[-54.00390361859102,-27.93679026427428],[-54.00734998674652,-27.93442753394817],[-54.01784602773456,-27.93551363485327],[-54.02341034310964,-27.9262446475414],[-54.032731042557,-27.92818788845195],[-54.04061186462089,-27.92588049358492],[-54.05150695038837,-27.93403790282728],[-54.06154005062586,-27.93448701605253],[-54.06604923694876,-27.92480486881637],[-54.06251186665229,-27.91898231794135],[-54.06390436219981,-27.90897508315682],[-54.07675541138239,-27.90756370833389],[-54.08371421811277,-27.90260621182743],[-54.07876192340748,-27.88905521778572],[-54.08766229552491,-27.88207396535541],[-54.0842576792401,-27.87526769215169],[-54.08613671499387,-27.86623782764369],[-54.07566741412901,-27.858095468331],[-54.06754922445311,-27.86985960129402],[-54.05947233257115,-27.87366994247477],[-54.0465751032679,-27.87181088416116],[-54.03995294834888,-27.88008386437395],[-54.032433519712,-27.88107673962997],[-54.01677030024056,-27.89033300016608],[-54.00970216008867,-27.88383290538968],[-54.01016968791735,-27.87953074606028],[-54.04640928624928,-27.85583327253702],[-54.05126726722155,-27.85111910980722],[-54.0516518886409,-27.84549164190798],[-54.04645938162498,-27.83292720682967],[-54.04123890913856,-27.83187200310986],[-54.02939936056793,-27.84350726154057],[-54.01721861654176,-27.86529480720548],[-54.01291665908807,-27.86677048244588],[-54.00931611730496,-27.86003481213203],[-54.02171775749359,-27.83893956650382],[-54.01675394478096,-27.83639238639078],[-54.00649610087598,-27.8421765740928],[-54.00285983170317,-27.8385567243467],[-54.01529355189928,-27.82066027244139],[-54.02281997507023,-27.81652745451661],[-54.02309867521402,-27.80903062420424],[-54.0286004911496,-27.80442721720089],[-54.02837656117809,-27.79714771620754],[-54.04745506773355,-27.79418251722575],[-54.04682254895448,-27.78120455042113],[-54.05454670924526,-27.77546067697438],[-54.05226594333657,-27.76850491381951],[-54.03125585665542,-27.76603621278018],[-54.02364557736807,-27.77061469362511],[-54.02328616886467,-27.7809103483293],[-54.01862090049507,-27.78553356647939],[-54.0141700922423,-27.78346640628786],[-54.00894874107362,-27.77087856432227],[-53.99325206487603,-27.77370676202261],[-53.99093819641185,-27.78211051660167],[-53.97832705447522,-27.78707955528053],[-53.97936818798406,-27.79407406560188],[-53.97324118200886,-27.80486527790407],[-53.9596328160987,-27.80948789702023],[-53.96579561644525,-27.81662348114062],[-53.96540465144152,-27.82598707846171],[-53.95393998047975,-27.83399748395229],[-53.95442482055587,-27.85330995083025],[-53.94740922954013,-27.85572371555861],[-53.93754238527247,-27.86735645447909],[-53.92438184610624,-27.86963054743148],[-53.92104608967914,-27.87976962040519],[-53.90993462531139,-27.88455918932736],[-53.90092006122283,-27.89595667738287],[-53.88335352932932,-27.89165376112499],[-53.85607019895227,-27.89855284796077],[-53.8348361712143,-27.89550287640427],[-53.82269280637425,-27.90021157690568],[-53.80771610226053,-27.8869052992514],[-53.8001150356757,-27.88497812739533],[-53.78628637410446,-27.89306865419073],[-53.78160880377175,-27.89275056525954],[-53.77863372029682,-27.88893849300339],[-53.7791309645077,-27.8805884215321],[-53.76800889163032,-27.87565247824622],[-53.75633766768009,-27.84930652381578],[-53.74238520490955,-27.83831178432139],[-53.73544510772966,-27.84405212213983],[-53.73665564507584,-27.85132812918935],[-53.7292534017464,-27.85518733006249],[-53.72780701797505,-27.8632344778263],[-53.71873773269994,-27.86272832608386],[-53.71403601634513,-27.86821937810208],[-53.70841024604645,-27.86817109944873],[-53.70611183112561,-27.86402889180799],[-53.71500075418729,-27.8497880014988],[-53.70644179808637,-27.84053587836675],[-53.71460769658403,-27.83567489194943],[-53.71555329911814,-27.8283721344538],[-53.68852474907634,-27.8183617396573],[-53.69154833825576,-27.80794804420181],[-53.68393766578492,-27.79323492832097],[-53.66895019070207,-27.79592837048573],[-53.66669519599194,-27.80471813951847],[-53.65446695200693,-27.8058932109971],[-53.64054547884054,-27.82173898896929],[-53.63323753560395,-27.8149465798795],[-53.61751869857093,-27.8164174457728],[-53.61632889271206,-27.81266846649247],[-53.62243313203326,-27.80460629903251],[-53.60908687524506,-27.79791175655638],[-53.60956090959686,-27.78558235559775],[-53.61596024114058,-27.77839156734821],[-53.63601246978676,-27.78250598403385],[-53.64685799675282,-27.77627483192844],[-53.65632488197631,-27.78135565244584],[-53.6712998174351,-27.77637429341023],[-53.66928589212063,-27.7656930357801],[-53.64680761431318,-27.76533463694173],[-53.64288859221238,-27.76285370797831],[-53.64913635269937,-27.7373937071297],[-53.63273378350359,-27.72170343840961],[-53.63823341725676,-27.69139042218062],[-53.63612401545728,-27.68525991863284],[-53.62789039521953,-27.67777293359713],[-53.62367700949064,-27.6666612582886],[-53.61445980746148,-27.65973652880865],[-53.60608881347352,-27.66325464256709],[-53.5972800751316,-27.65839190822765],[-53.59265415739282,-27.65949555244034],[-53.59157304942765,-27.66300268556448],[-53.59727125240444,-27.67234315464975],[-53.59053044392316,-27.67970430245873],[-53.59977320532408,-27.68846781835702],[-53.59111289954699,-27.69952697511835],[-53.59635577741495,-27.71619453904619],[-53.59106758011529,-27.71929579462879],[-53.58256729072265,-27.71407826860653],[-53.57645900866213,-27.72409630908558],[-53.56743227225832,-27.72205258709228],[-53.56640248394904,-27.71827085108703],[-53.57095951118806,-27.71261183953562],[-53.56975361419315,-27.70599425420641],[-53.57881058146161,-27.69789431851186],[-53.57624867837617,-27.6936940840565],[-53.56980107767117,-27.69219423615246],[-53.56715976836071,-27.68681395455365],[-53.57352253649615,-27.68010132938646],[-53.5736836932672,-27.67574410687206],[-53.561344704883,-27.67104736987751],[-53.55292462349498,-27.67920058017882],[-53.54169218773944,-27.67980787878223],[-53.53672341952153,-27.67716344915186],[-53.53663333430718,-27.67345104045334],[-53.54386078931118,-27.66785630154161],[-53.56017791589646,-27.66126824396993],[-53.56312897061465,-27.65167544751426],[-53.55544058020411,-27.64843652709502],[-53.54777013986549,-27.65520102309362],[-53.53299217030078,-27.65492378656815],[-53.52729772488464,-27.64577642993896],[-53.53347188269606,-27.63463319393838],[-53.52613691211581,-27.63076377577664],[-53.52131952247068,-27.62332479925385],[-53.52364635249615,-27.60960951242369],[-53.51959746149872,-27.60652025838366],[-53.51536175388749,-27.60813136063919],[-53.51005167966738,-27.63145867387782],[-53.49501454326865,-27.64544220443719],[-53.49102479244151,-27.64499133120411],[-53.4886722009867,-27.63761133710835],[-53.48047253152605,-27.63577802204101],[-53.47658608149936,-27.6302859330513],[-53.47766349789416,-27.62607196483676],[-53.48634551050687,-27.62477970757158],[-53.48882750901884,-27.6205862409324],[-53.48073996176173,-27.60421417359801],[-53.49511777712941,-27.59697944722049],[-53.49700345212194,-27.59086476600178],[-53.4823523474367,-27.58225440546226],[-53.48216451125246,-27.56822678149492],[-53.48844335823665,-27.56347868215456],[-53.49088550845262,-27.55104693344192],[-53.47346918275304,-27.5479729872364],[-53.44051495484877,-27.56216837695072],[-53.41972386702435,-27.5567607796131],[-53.41810922927365,-27.56458348711048],[-53.41011356817795,-27.57157761916842],[-53.41187828923953,-27.58100312636346],[-53.39129050457513,-27.58711543091794],[-53.38855562574665,-27.59937354506998],[-53.38263692340402,-27.60334584158469],[-53.37774383299657,-27.6027457591988],[-53.37017994847587,-27.59587025013129],[-53.35680480211148,-27.60438081839164],[-53.33375639379091,-27.60939281502817],[-53.32714163713761,-27.61450996303583],[-53.31579019489076,-27.60796158293795],[-53.30910781456766,-27.60943041998866],[-53.31043029518673,-27.6182952056382],[-53.31743738901086,-27.62491741962548],[-53.3127343020326,-27.63346844037946],[-53.32148578920623,-27.64253521692294],[-53.31495462276283,-27.64926646984063],[-53.31707505398799,-27.65661448152185],[-53.31413191376605,-27.66239936707239],[-53.29845775953297,-27.68075145754606],[-53.30211787014063,-27.70703102106652],[-53.27975538381997,-27.73951414477391],[-53.27071543501204,-27.7450689485396],[-53.27086672108376,-27.78600690420159],[-53.26404325355377,-27.80033072332861],[-53.26697074081457,-27.80925244141641],[-53.26208656839654,-27.85158580495848],[-53.26808079265489,-27.85994497865213],[-53.26892754129898,-27.89092371458244],[-53.27848606301403,-27.89710334614807],[-53.28080579840427,-27.90946351363004],[-53.25866590170824,-27.92732761728465],[-53.25957927741811,-27.93470293754247],[-53.25624624757258,-27.94316854903709],[-53.28592253560005,-27.96497775247359],[-53.26801705819009,-27.98350418987464],[-53.25892095927338,-27.98562129864206],[-53.25158069574584,-27.97578716479582],[-53.24503038718171,-27.97422407639354],[-53.23441853530632,-27.98077932357618],[-53.22934155710842,-27.98060741278764],[-53.22003614126069,-27.97054343277015],[-53.20976899662245,-27.97364066254428],[-53.19624369382252,-27.96374998738979],[-53.19265947739414,-27.96727098043216],[-53.19801585134362,-27.97838085337462],[-53.19778539118913,-27.98551119300014],[-53.19149705427217,-27.9915986025928],[-53.1787411232603,-27.97402518094663],[-53.17373655276933,-27.9732249573932],[-53.17048209511218,-27.98819227013485],[-53.16004623817774,-27.98992754677522],[-53.1512255456001,-27.98705077793671],[-53.14712575784225,-27.99261155061517],[-53.13646678989017,-27.99627418413366],[-53.13609949834131,-28.00636581414733],[-53.12775256654574,-28.00735475180023],[-53.12435719455317,-28.01400651043192],[-53.1149772071654,-28.0168516832608],[-53.11696398704913,-28.02697826597628],[-53.12522317642188,-28.03609565147985],[-53.13564272002422,-28.03797318239488],[-53.13865850729649,-28.05002828500432],[-53.1316265760714,-28.05707141616883],[-53.12018373899711,-28.04908693619011],[-53.10983231388003,-28.0506978653124],[-53.10955753642138,-28.05515574990336],[-53.1204403836346,-28.06331028835822],[-53.11158745435895,-28.07673861613595],[-53.10500699750914,-28.07515367127866],[-53.09623763494206,-28.06468284149651],[-53.09073692205385,-28.07095049121291],[-53.08381075880527,-28.07327449124226],[-53.08370380582213,-28.07957682808716],[-53.09831763449811,-28.084011572886],[-53.10452825721819,-28.09029578630703],[-53.10384600729839,-28.09409679242946],[-53.08951971757147,-28.09995321156437],[-53.08384265856788,-28.09139635914631],[-53.07394769832284,-28.08775149280931],[-53.06545789751884,-28.09416874805341],[-53.05527622143499,-28.09203366905631],[-53.0540099027799,-28.08816231099151],[-53.06050413681376,-28.08072181827355],[-53.05676336953009,-28.07295504412598],[-53.05814114826205,-28.06723841948126],[-53.04905933029062,-28.05950407001135],[-53.04642584394256,-28.05182587819596],[-53.04228059402423,-28.05085210142421],[-53.03520368813193,-28.07184557126223],[-53.02126866313356,-28.07569536554195],[-53.02000339173379,-28.08150442508398],[-53.02433110205315,-28.08671904526899],[-53.02521276223288,-28.1049275658743],[-53.01332025310953,-28.12662560090966],[-52.9945969879666,-28.11830166503529],[-52.99189694427512,-28.11048201412886],[-52.99594042025725,-28.10529095423419],[-52.99622018412639,-28.09654949128846],[-52.98918941518539,-28.08651325511225],[-52.98012916154517,-28.08523752402605],[-52.97495361002399,-28.0803658317649],[-52.97440166853753,-28.07137554121276],[-52.97938878463742,-28.06596394009352],[-52.97785779096186,-28.0564942386475],[-52.96728280905869,-28.05365497061417],[-52.95700967311868,-28.05761910308531],[-52.93853209564315,-28.05869932049934],[-52.93897867202724,-28.07118182824551],[-52.93505885937653,-28.07474466163108],[-52.9257016318418,-28.06473589123736],[-52.91104336520235,-28.07142182787855],[-52.9039708793082,-28.06999952227201],[-52.88695151627324,-28.07601578201941],[-52.87857613299769,-28.0713260684286],[-52.87268740114637,-28.07268778009434],[-52.87092372623714,-28.08121957717687],[-52.87573847221928,-28.09114887465871],[-52.86659447877283,-28.09878354251459],[-52.8680605420881,-28.11015495294322],[-52.8656260604683,-28.11323782394212],[-52.85554974996106,-28.11010435922596],[-52.83550099137396,-28.11848810844696],[-52.8281356783842,-28.11671899834691],[-52.81576202038907,-28.12020547927999],[-52.802523128068,-28.12702816214158],[-52.79459694469195,-28.1376594451555],[-52.78307928226636,-28.14160632212976],[-52.77243697398671,-28.13614926427256],[-52.75279398036282,-28.13468023487355],[-52.73173082295783,-28.12343484586629],[-52.72974452798418,-28.11755184976717],[-52.71939620555584,-28.11123375125162],[-52.7142754570861,-28.09985740518814],[-52.6962390988113,-28.07903358436535],[-52.69696481319615,-28.07301496922712],[-52.7122602564919,-28.06919176432936],[-52.72397839877523,-28.05819654163006],[-52.74184270351991,-28.04856396695623],[-52.73954954867797,-28.04142324230077],[-52.72303372442698,-28.03787687599418],[-52.71980001133286,-28.032438607456],[-52.72126489450482,-28.02873250910443],[-52.75791549557172,-28.03371977730655],[-52.78563134539078,-28.04853374851031],[-52.81370938323867,-28.04824904103272],[-52.83283550590922,-28.03880898103946],[-52.84776044703853,-28.05335848556349],[-52.86075156680328,-28.05514800060106],[-52.86959227336578,-28.05153013810531],[-52.87913078200226,-28.05720056813187],[-52.89780615828027,-28.0510215241019],[-52.90402812137838,-28.04525880290016],[-52.91703858934496,-28.05499672540924],[-52.92073652952545,-28.05258502895156],[-52.92121016664309,-28.04535689844674],[-52.92979189646007,-28.04185574837381],[-52.9245450040091,-28.02813283061431],[-52.93110526796143,-28.02330178464879],[-52.93229458922264,-28.01782232241706],[-52.93941731403251,-28.01578973917612],[-52.94351472063832,-28.00988272250433],[-52.95133217901364,-28.0110001930299],[-52.95559930377491,-28.00615784941203],[-52.96207793602651,-28.00518428057643],[-52.96512013414917,-27.99845481336734],[-52.94754075995138,-27.98757454999754],[-52.93661518582764,-27.99114932644552],[-52.9292887854099,-27.98416453710908],[-52.91393543054515,-27.9797770944239],[-52.91185735162038,-27.96325341895396],[-52.88988497370636,-27.96527616861101],[-52.88241873006065,-27.95795752538416],[-52.88595384495136,-27.95123362895383],[-52.88412315797029,-27.94493448833603],[-52.87481937510981,-27.94001568597116],[-52.88446460032051,-27.92973262961986],[-52.87426966454915,-27.92197962462425],[-52.86240404474765,-27.91884714218876],[-52.85144160751734,-27.92815434623661],[-52.84347287604915,-27.92919896404328],[-52.82604902483494,-27.92330581641965],[-52.81502212611333,-27.91106282693677],[-52.81747895603517,-27.8971857992297],[-52.84006035727447,-27.88494111992771],[-52.8413590866063,-27.87771212435347],[-52.84976227194373,-27.871206305527],[-52.84478127667159,-27.86008868558972],[-52.83401841258175,-27.86593675805839],[-52.82687807474336,-27.86567250654524],[-52.82348406511195,-27.84960078759645],[-52.81635546393542,-27.84355332209895],[-52.82011640571474,-27.83599781015402],[-52.81411344482741,-27.82743187397191],[-52.82056088468787,-27.822263729454],[-52.81927992057661,-27.81514489797211],[-52.83075712844763,-27.81002041313262],[-52.8260387439533,-27.79349462213799],[-52.84434150057643,-27.77924686435429],[-52.85704724320783,-27.77543401280281],[-52.87403486751165,-27.7864209951111],[-52.87855144199091,-27.78618315128926],[-52.87998019119362,-27.77500196003266],[-52.88440545254628,-27.7676822926404],[-52.88474646641169,-27.76093933333888],[-52.88129776396725,-27.75789055231784],[-52.86307008008302,-27.75869934430731],[-52.84904828967617,-27.76517391658392],[-52.82725364650695,-27.75815781441881],[-52.82604954024461,-27.75209068183379],[-52.8317718982667,-27.73366965438501],[-52.8308010537298,-27.72070087345919],[-52.8337322733411,-27.71457561100426],[-52.8405617093746,-27.71066455092177],[-52.86792189856558,-27.70854293993735],[-52.88603062231961,-27.71457585524127],[-52.89264222376792,-27.71064761233256],[-52.88578540722686,-27.69993899412862],[-52.87738337030014,-27.69692515211609],[-52.8695861192549,-27.68748056181741],[-52.8562416587192,-27.68894257311015],[-52.84847183411891,-27.68566418251227],[-52.84394922020545,-27.67226095461319],[-52.83370724398791,-27.65915450360098],[-52.84111140184071,-27.64516486296029],[-52.83942075649549,-27.63206496060464],[-52.84173231094769,-27.62813152694945],[-52.85193385586036,-27.62522904496206],[-52.84900676551515,-27.61762574614272],[-52.85745849919079,-27.60827779209213],[-52.85607855375415,-27.60215777718862],[-52.85928700508614,-27.59401113125811],[-52.87577669920602,-27.58416730256258],[-52.88367551212174,-27.58670725806729],[-52.89176517924599,-27.5827574036116],[-52.88426715177575,-27.57075243416247],[-52.88819518111083,-27.56590770199332],[-52.88741772201559,-27.55841621953766],[-52.89231832882748,-27.55381326164241],[-52.89351156607399,-27.53650130707114],[-52.90147588967124,-27.53138218477858],[-52.90433621275673,-27.52209572248151],[-52.89769313297952,-27.51374770325702],[-52.89508602368934,-27.50325449221509],[-52.88436512656317,-27.49699066499009],[-52.88717416993103,-27.48610108353808],[-52.87452714867288,-27.4671539577874],[-52.85795368264942,-27.46359780751709],[-52.83742719002479,-27.46590886580329],[-52.82729852293374,-27.46159941460041],[-52.80292532693684,-27.48265533309702],[-52.80302077656278,-27.48978399122172],[-52.81190083025808,-27.50062193379039],[-52.80342541820641,-27.50740558397766],[-52.79061385675561,-27.50265355203318],[-52.79410375650331,-27.49544976745882],[-52.79262460639685,-27.49143436452028],[-52.7717923476672,-27.48605514653325],[-52.76076168323622,-27.49186442213076],[-52.74951388219994,-27.48830228095171],[-52.73615075965201,-27.49538879051919],[-52.72974516791329,-27.49280895390106],[-52.72012356360852,-27.49422592123462],[-52.71830694072394,-27.49889974111513],[-52.72210368548459,-27.50841191101605],[-52.71650039467278,-27.51162738703947],[-52.7141129831539,-27.51731643244763],[-52.70556508684278,-27.51875580933445],[-52.70218749157584,-27.52517918324479],[-52.70986854823201,-27.53132369942848],[-52.71017788158264,-27.53632507587261],[-52.70194708036544,-27.54122896201774],[-52.68149713583874,-27.54394768352188],[-52.67308367677364,-27.55934514348576],[-52.67962384609537,-27.57130602156505],[-52.67872243165309,-27.57703368157942],[-52.67093160966734,-27.57950232501924],[-52.66301315841653,-27.58822590582879],[-52.64963193728925,-27.58923219014125],[-52.63983700275358,-27.59515332034207],[-52.63710952460099,-27.60120002743266],[-52.62683631818757,-27.6082557580664],[-52.62523750514136,-27.62838456697935],[-52.61178277832741,-27.64933795122289],[-52.5914626204606,-27.65977874040439],[-52.58462428337732,-27.66608958353256],[-52.5826369958792,-27.67630416347451],[-52.57546297896349,-27.67814054448424],[-52.56098697259547,-27.69446609058346],[-52.5524647259522,-27.69622793600959],[-52.55265853136066,-27.70476465525195],[-52.55641692853187,-27.71039448861407],[-52.56865587810719,-27.71412307525156],[-52.57283027213196,-27.73206599019101],[-52.58364271341394,-27.73429377586059],[-52.58325125196261,-27.74389379186022],[-52.58965162708369,-27.74407850008595],[-52.59700538671161,-27.73631421934273],[-52.60907289267089,-27.73596553695622],[-52.61527234430538,-27.74206803682646],[-52.62440493405298,-27.74310941509588],[-52.62813724950217,-27.74936063794633],[-52.62584674073632,-27.75715095521894],[-52.61175371455612,-27.76893244607771],[-52.60357075345766,-27.7690440280639],[-52.58908862653348,-27.76267550418535],[-52.58032927886398,-27.76449653818361],[-52.57842622650465,-27.78644286379],[-52.56817449987395,-27.78409524249107],[-52.56164369586476,-27.77809445201827],[-52.55458996650209,-27.77763970754009],[-52.54612626262193,-27.78130300852174],[-52.54521712878994,-27.7929507301638],[-52.54010315593669,-27.79491893087628],[-52.52979993029691,-27.78236701283307],[-52.51430142597648,-27.7771070781231],[-52.50670448336458,-27.77849621524676],[-52.50281643250282,-27.76901300921257],[-52.49503521033558,-27.76902317335953],[-52.48839841948416,-27.76453268425636],[-52.47585117855946,-27.76840930527982],[-52.46741062894715,-27.78100187701849],[-52.46058988565036,-27.7812433835388],[-52.45534475178601,-27.78597805349421],[-52.44711941055922,-27.78402533878056],[-52.44362908291409,-27.78959421398721],[-52.43429175514981,-27.794839371019],[-52.42803804971366,-27.77978372958834],[-52.43252412665559,-27.77180738027576],[-52.44418653892386,-27.77197981212333],[-52.44805693515969,-27.76367195158426],[-52.44017911152541,-27.75354052435484],[-52.40577864515209,-27.78198022585908],[-52.4007243601487,-27.78239499794394],[-52.39528289024538,-27.77232499619743],[-52.40413110687872,-27.76583470105384],[-52.4151765801715,-27.74979294393045],[-52.42041822099246,-27.73914509903014],[-52.41871288728065,-27.73149908747903],[-52.42429480359914,-27.72435088229941],[-52.42030982879781,-27.71277041757836],[-52.41655014615748,-27.71032380052962],[-52.4001752119441,-27.71966063728117],[-52.39007171623629,-27.71911705947622],[-52.38717866984355,-27.7330296771647],[-52.37422193008084,-27.73073637009665],[-52.37582531189543,-27.74469675940694],[-52.372755792216,-27.74781090059723],[-52.36854490009478,-27.74621810717159],[-52.36129324584987,-27.73132056226249],[-52.35859466928851,-27.71102416392922],[-52.35551831254372,-27.70852674698592],[-52.34115125214878,-27.71176842521649],[-52.33326408260918,-27.70829486802955],[-52.32041471686273,-27.71371645443223],[-52.31828933622575,-27.71716858442104],[-52.32077256442918,-27.72479539201327],[-52.31502915759744,-27.72906847310393],[-52.31315674465993,-27.73535156693423],[-52.28855486326037,-27.73802714705622],[-52.29019509396803,-27.75534208939515],[-52.28014222338144,-27.76965147963697],[-52.2756630673041,-27.78626069220963],[-52.2642805405775,-27.80516566804957],[-52.26525172249887,-27.81322787420654],[-52.27192933225387,-27.82244883486924],[-52.28340644417169,-27.82214208797567],[-52.29767776927809,-27.83801844923351],[-52.29593456317352,-27.84376235031251],[-52.28581525147299,-27.84978580194547],[-52.28004838279449,-27.85908441507503],[-52.28115836355405,-27.87231687977598],[-52.27748731119809,-27.87903192330641],[-52.29058660209042,-27.88892225291985],[-52.27895320756901,-27.90553054601065],[-52.29110546203255,-27.91558022456197],[-52.29208060451383,-27.92676425677459],[-52.30135938416687,-27.92678395157535],[-52.30540945503199,-27.9318514159133],[-52.31208977951052,-27.93233354996567],[-52.31643506808923,-27.93724787024691],[-52.33048290110449,-27.94320605080593],[-52.33887654874272,-27.95652812749145],[-52.33694767409429,-27.97830691964887],[-52.32923721025917,-27.98158217120569],[-52.31614183074088,-27.97089774179408],[-52.31099557129416,-27.97309325257731],[-52.30630635941223,-27.98317314929707],[-52.29601289444618,-27.97564108011848],[-52.27884003461278,-27.97862180896766],[-52.27470840327383,-27.98274684240267],[-52.2734877608673,-27.99441532977619],[-52.25756860485568,-27.9968609376062],[-52.24992489594884,-28.0019837247712],[-52.24947102381791,-28.01096905678972],[-52.2574819302537,-28.01166215489412],[-52.2651934082879,-28.01716289484693],[-52.25594135000635,-28.02448822903963],[-52.25667285162184,-28.03475858835271],[-52.2496935124046,-28.04398648844567],[-52.25469595112703,-28.04757754842809],[-52.26122214571546,-28.04551743900941],[-52.26479956476803,-28.0475343325695],[-52.26673783024801,-28.05487471659789],[-52.26053209159631,-28.06018347919137],[-52.26209206211332,-28.06652833455868],[-52.27642726825546,-28.06530323961996],[-52.28703289978372,-28.0758480164213],[-52.2843053620629,-28.07964213422251],[-52.27062233616099,-28.08073003061913],[-52.27248609093144,-28.0875155568123],[-52.28088495064969,-28.08806125354517],[-52.28364357651235,-28.09171284521619],[-52.28017312080774,-28.10295891851618],[-52.27564929372384,-28.10701248614209],[-52.27633266923977,-28.11325990655146],[-52.26837242336529,-28.11654201524864],[-52.26635552169545,-28.12399934228788],[-52.26182118819239,-28.12465721237117],[-52.25630082808175,-28.1199652504138],[-52.24769482403835,-28.12083209617089],[-52.2348505091154,-28.13505441703079],[-52.22175034823205,-28.1289393028821],[-52.21935825392465,-28.12185371978603],[-52.21284512124016,-28.11696062266608],[-52.20664764236336,-28.11666884392916],[-52.20481801217834,-28.12042615294028],[-52.21114434458687,-28.13086874855557],[-52.20866667425857,-28.14590045498731],[-52.19949459044126,-28.15579362437248],[-52.18713393426245,-28.16197473415903],[-52.17011392870619,-28.1557320769044],[-52.17057888439739,-28.13845066648705],[-52.16330168351961,-28.13173343885552],[-52.14420557989399,-28.13850892178968],[-52.13056387712164,-28.13775730703194],[-52.118270110643,-28.15572342006871],[-52.11837684522887,-28.16416616817284],[-52.10066684474315,-28.17654544705496],[-52.10289298213707,-28.18150255223959],[-52.11452197860767,-28.18442840119979],[-52.13703099843651,-28.21356842855451],[-52.14775116339587,-28.21364275253262],[-52.15222454106583,-28.2030949820006],[-52.16924632098671,-28.20078762934558],[-52.17340772758774,-28.20335418802274],[-52.17533222646507,-28.21450040913199],[-52.19478090544309,-28.21609553921164],[-52.19610210454822,-28.22601738250041],[-52.18177982060605,-28.23280357003959],[-52.17439718565901,-28.24265516707091],[-52.17464004015827,-28.2480251898377],[-52.21146019881319,-28.26854158621121],[-52.23037942664952,-28.29043787826499],[-52.23789821401949,-28.29033643914664],[-52.24416433892539,-28.29571067801086],[-52.25186976659325,-28.29685676675899],[-52.25531191948559,-28.3040853960227],[-52.24174453930072,-28.31958416081024],[-52.25374492834182,-28.32817329827542],[-52.27144191037677,-28.3224517271254],[-52.29146122753692,-28.33126930705642],[-52.3053088604385,-28.32847136596418],[-52.30770580416785,-28.31996543390513],[-52.30552864102707,-28.30788024786666],[-52.31172770442285,-28.30264185628483],[-52.32533407466027,-28.3133665048459],[-52.32756097746554,-28.32307570337524],[-52.33556977310582,-28.32111947804641],[-52.33487450315047,-28.31243539582317],[-52.34096387440626,-28.30756347503268],[-52.34298970104741,-28.29398550105838],[-52.35017623223755,-28.29142789749137],[-52.35573578344819,-28.28412117784117],[-52.3652283888376,-28.28149202409823],[-52.37216130530161,-28.27264752049008],[-52.3714785148334,-28.26382515956331],[-52.3643914824294,-28.25702890777691],[-52.36886312574003,-28.24919450825684],[-52.36803065070752,-28.24249488809802],[-52.36347823883079,-28.23750390104576],[-52.36559477084699,-28.22389684115957],[-52.37018101991897,-28.22392323003089],[-52.37658620689709,-28.22956134146169],[-52.38559767225541,-28.22675298244738],[-52.39759266569013,-28.23255801283118],[-52.40349417666001,-28.24211382317667],[-52.41840428358535,-28.24530424442978],[-52.42502700948806,-28.23724353526161],[-52.43535034290354,-28.231319170214],[-52.44253694504394,-28.23271118204455],[-52.44587156196422,-28.25711692129645],[-52.45514349436178,-28.25817400331196],[-52.46377822533941,-28.26498426731143],[-52.46637258417088,-28.27142057907251],[-52.47579215111748,-28.27366190024134],[-52.48352603908471,-28.28016362987663],[-52.4807217862211,-28.29522901160519],[-52.47474178656236,-28.29825286935255],[-52.46630312076945,-28.29422175616592],[-52.44612632198108,-28.31216973802893],[-52.43026861142265,-28.31474536824915],[-52.4277343730404,-28.32716322663979],[-52.43621117089396,-28.33653057694692],[-52.42034809932824,-28.33872703812824],[-52.41083784941105,-28.35077051589667],[-52.40795473011659,-28.36791632654579],[-52.39253501648948,-28.37029925412758],[-52.39005186562723,-28.3624148318024],[-52.38560552348354,-28.35983801080103],[-52.37509027046658,-28.37201821123612],[-52.38962423308257,-28.38450339651935],[-52.39986024145733,-28.38576144280608],[-52.40705656208464,-28.39194079409026],[-52.41534451883572,-28.38780935712825],[-52.42258476882737,-28.39227351397601],[-52.43451534744712,-28.39007191256032],[-52.44283960277676,-28.37775791787444],[-52.44823584739773,-28.3771990582783],[-52.45193334202522,-28.38392843705705],[-52.44631136229795,-28.3897452011661],[-52.44380519125906,-28.39992845760612],[-52.45193509876758,-28.40258860659655],[-52.45400736906151,-28.41010272593233],[-52.46259095329285,-28.41197737238959],[-52.46787019347462,-28.4201714364228],[-52.47913310757853,-28.41939451724182],[-52.48339140460201,-28.42477659655693],[-52.48178082227385,-28.43285998176423],[-52.4907113698646,-28.43698175944128],[-52.49311121843446,-28.45158727020323],[-52.50135516540389,-28.45685218101472],[-52.50750477691073,-28.4524181782635],[-52.50966484556975,-28.44547996117167],[-52.50860845829624,-28.42765881752423],[-52.50388507234509,-28.42225556947787],[-52.50253759009664,-28.40693991566239],[-52.50918429397436,-28.40185597688601],[-52.51892776193582,-28.40198993317026],[-52.52464400112128,-28.41409358950409],[-52.53386641796642,-28.41144623253784],[-52.54207943031807,-28.41659761995108],[-52.55020589462426,-28.41639743698288],[-52.55081523853649,-28.42212097228405],[-52.53606123329721,-28.42462612108947],[-52.52348106319412,-28.43715246732696],[-52.53282296054557,-28.44574188483936],[-52.52586514263397,-28.45371587913876],[-52.5329146482082,-28.46090783646384],[-52.53124892234902,-28.46611828693271],[-52.52442646520529,-28.4701163824937],[-52.52968389274184,-28.4794076269855],[-52.53737754245847,-28.47658848201773],[-52.55701604895427,-28.47777272409246],[-52.56476225861763,-28.46925441527503],[-52.57431886449878,-28.47147150753981],[-52.57899830622509,-28.4769076121984],[-52.58650377133682,-28.47535405947183],[-52.58366218833395,-28.46539398201228],[-52.57528942292697,-28.46194928262918],[-52.57592972156478,-28.45440867642169],[-52.56643659440618,-28.44242104297137],[-52.5817031702627,-28.43969054746926],[-52.57898245411671,-28.42601482300074],[-52.58605862301081,-28.42257846440253],[-52.58895693373622,-28.41732497697193],[-52.60216080737329,-28.42153885219442],[-52.60932649283963,-28.41706067107987],[-52.60309432170026,-28.399324548384],[-52.6093418220833,-28.39589890957841],[-52.61068963061695,-28.38862506504312],[-52.61900842695984,-28.38809923830593],[-52.63709273151693,-28.37494214860403],[-52.63392749514323,-28.36930515977279],[-52.61880672357593,-28.36905725059748],[-52.61109995507998,-28.36440893678076],[-52.61256484805504,-28.35889066364733],[-52.6203960980112,-28.35712164582075],[-52.62506536338452,-28.34988455559794],[-52.64045777280558,-28.35364978291749],[-52.64477272221084,-28.36585361018092],[-52.65170788837407,-28.37027458993168],[-52.65990286182522,-28.3671458557644],[-52.66857924631916,-28.36938355522254],[-52.66785990825222,-28.37393767809924],[-52.65129879932663,-28.3817718021167],[-52.64461908743689,-28.3928928824876],[-52.64489788623951,-28.40232479245837],[-52.64945957675768,-28.40620413991563],[-52.65809233637035,-28.40358747996132],[-52.66199697541757,-28.40933174598318],[-52.66943333176786,-28.40978598211513],[-52.67522770288071,-28.41515822382374],[-52.68297256471541,-28.40986355803788],[-52.68984043319261,-28.411736094928],[-52.69862067993033,-28.40925071963283],[-52.7069822859218,-28.39287775597009],[-52.70202340558003,-28.3785884517607],[-52.70677841830785,-28.37284662715724],[-52.71546101895829,-28.37133365256145],[-52.72717528727667,-28.35426495365136],[-52.74497843873729,-28.35525206843913],[-52.743485488248,-28.36201519924758],[-52.73178730023256,-28.36444353707668],[-52.72745122032646,-28.37644894149056],[-52.71668519542892,-28.38400599982153],[-52.71972564996224,-28.39368467715025],[-52.73373590526413,-28.39457712790505],[-52.73844879568225,-28.40267559090676],[-52.74894902448699,-28.40219810843025],[-52.74895017027514,-28.40943859654238],[-52.74356968207974,-28.41603917747945],[-52.74463714413037,-28.42205096495157],[-52.73939827248311,-28.42741123383525],[-52.739816069635,-28.4396649045102],[-52.74423884204487,-28.44200086601698],[-52.75025699963491,-28.44034490941908],[-52.75564660237891,-28.43227059538343],[-52.76319787284692,-28.43215861985148],[-52.77140857043103,-28.42714570784671],[-52.77185032827108,-28.41187270964977],[-52.7828823513626,-28.40719168331007],[-52.7817794524435,-28.39847982780459],[-52.78458234441761,-28.39530498142087],[-52.78889830011489,-28.39606410476516],[-52.79252967919281,-28.40244169635497],[-52.80088274565231,-28.40247442684613],[-52.80937182951606,-28.41050455935112],[-52.81741087861305,-28.40599150930285],[-52.82923528792144,-28.4098516321414],[-52.83598100356478,-28.40674873217642],[-52.83592927412226,-28.40240665624478],[-52.82467245723338,-28.39598183331292],[-52.82478817079405,-28.38836403203496],[-52.81368071438621,-28.38425222857849],[-52.81034497553608,-28.37906790465433],[-52.81373682477037,-28.37564847908189],[-52.82744139940591,-28.37744183910906],[-52.83903900126094,-28.37123703632177],[-52.83879667007556,-28.36710402336304],[-52.82832708826454,-28.35959302290135],[-52.83057093547252,-28.3557478949146],[-52.83897205972801,-28.35612844299352],[-52.8421602762169,-28.35325190713151],[-52.84043169961087,-28.34310847720587],[-52.83179699850365,-28.33683372590103],[-52.83794229932258,-28.33108940912126],[-52.84485169094079,-28.33021818333926],[-52.84953177929135,-28.323713804211],[-52.85429404971281,-28.32510406258402],[-52.85548302275611,-28.33301673542713],[-52.86294246918938,-28.33970452945118],[-52.85439289880068,-28.34645616197261],[-52.85638282637483,-28.37049159327163],[-52.86038593968599,-28.37264018254292],[-52.86708276337471,-28.36957440679657],[-52.87229399300652,-28.37235971350523],[-52.87270042670898,-28.38072365312401],[-52.8806098299841,-28.38540679783967],[-52.87855416083131,-28.39239504433903],[-52.88084016062163,-28.39985843307078],[-52.88724844512636,-28.4039946704001],[-52.89699951018405,-28.40401021058455],[-52.89639223212374,-28.39564264642173],[-52.89946362421581,-28.39127192830125],[-52.9083370314953,-28.39027648182918],[-52.91364136722442,-28.38434856005926],[-52.91091779816209,-28.38111366503728],[-52.89989723375822,-28.37959474745864],[-52.89953422037486,-28.37595203736781],[-52.90507466861474,-28.36989320346113],[-52.89555970122282,-28.36287653611489],[-52.89479694922463,-28.35883080925186],[-52.9050337674983,-28.35440672324038],[-52.920934977469,-28.36800425279242],[-52.93087724776697,-28.36622940859806],[-52.93235279712155,-28.36121407518708],[-52.92688338324504,-28.35506997138253],[-52.93334343488439,-28.34287004542827],[-52.9412911606254,-28.33922936791205],[-52.93988499511068,-28.32954650812432],[-52.94427005416055,-28.32353070301907],[-52.93904740563121,-28.31045464652431],[-52.94529976382953,-28.3042307169478],[-52.94911627881054,-28.30603910741489],[-52.95283370295411,-28.31734233652382],[-52.96091554577076,-28.32127084648213],[-52.95860617316935,-28.32801839290531],[-52.96250241448566,-28.33383099051244],[-52.95154804717519,-28.34029107964466],[-52.95427835101172,-28.3476168418735],[-52.9635068313172,-28.35579180314175],[-52.95187936032894,-28.36140887128116],[-52.95378121849688,-28.36813220315202],[-52.96193294273307,-28.37278383463973],[-52.95703002241921,-28.38029021082158],[-52.95032924056981,-28.38394895591071],[-52.95218160896236,-28.39437652806606],[-52.96908093957492,-28.40115415390069],[-52.96831301742008,-28.40831035859022],[-52.97210868564466,-28.41728094146357],[-52.96455334408232,-28.42189724039945],[-52.96458735352395,-28.42749211955694],[-52.98144577332582,-28.43034097205165],[-52.9872671053301,-28.41540426590297],[-52.98120576503386,-28.39895675619497],[-52.98201831757599,-28.38926135743025],[-52.99056700854592,-28.38864940136903],[-52.99191405760988,-28.3978961097564],[-53.00738500959253,-28.41122588597736],[-53.01599841431324,-28.39782573640248],[-53.04133426776858,-28.38737407981388],[-53.03907454371215,-28.38279427112743],[-53.02261296497024,-28.37955921725505],[-53.02118355145459,-28.3714362924151],[-53.02591818014336,-28.36705611431706],[-53.02690011580525,-28.36049106401076],[-53.02003186580946,-28.35588060522749],[-53.01738144262401,-28.34812869136197],[-53.02388951515504,-28.33879934325057],[-53.03038708013393,-28.33979300043457],[-53.03069482195197,-28.34723067145663],[-53.03706269014466,-28.3529746943705],[-53.03938433421019,-28.35996137795218],[-53.05196077368866,-28.35828401993688],[-53.05393974143907,-28.36584101094504],[-53.0577967080165,-28.36771270906246],[-53.06904009248021,-28.36435539731594],[-53.07114318245788,-28.36004675619089],[-53.06914752366083,-28.3542813059458],[-53.07363827007197,-28.3486626738956],[-53.09887193145023,-28.33410207136321],[-53.09951325081939,-28.32412629984682],[-53.08861168825078,-28.32048524527351],[-53.08261865110812,-28.31269255998941],[-53.08460805249276,-28.30730948118468],[-53.10004063733224,-28.29679735941093],[-53.0986009626165,-28.28595243517615],[-53.08033835456461,-28.27718570022889],[-53.06094568240632,-28.30297918486435],[-53.05620257455936,-28.30422732841219],[-53.04426695824135,-28.29413649421333],[-53.0333784320325,-28.28959295284005],[-53.02664136650969,-28.2813143369601],[-53.02706334157848,-28.27557957578146],[-53.05206455880154,-28.27201356886391],[-53.06712959770134,-28.26009637645947],[-53.06495367949316,-28.25196729518483],[-53.06736050814461,-28.24888690259344],[-53.08541468811262,-28.25421819226709],[-53.11266236859445,-28.24547278451878],[-53.11356248733069,-28.23775540258216],[-53.10896375265613,-28.23318402532777],[-53.11010983363402,-28.22636091281968],[-53.10111298810973,-28.20709574132971],[-53.1046464960079,-28.19098471944029],[-53.11182538487109,-28.19495629048854],[-53.12333632039909,-28.21858512786154],[-53.13746132318488,-28.22721547582654],[-53.15908812747013,-28.21619229155468],[-53.16577817998917,-28.2169066112554],[-53.16636626483311,-28.22056246261076],[-53.15490620822602,-28.24013175589677],[-53.13920524962859,-28.25214611585345],[-53.14273443903161,-28.26038107105234],[-53.1384360031396,-28.26895808926568],[-53.1508380215339,-28.2735886766418],[-53.15304071436689,-28.27743450784144],[-53.13527745363577,-28.29381819905258],[-53.12986361242534,-28.30731574765837],[-53.13423959791223,-28.31526077759421],[-53.14446830508652,-28.32158335518263],[-53.14622435112399,-28.32891423012628],[-53.151942814744,-28.33404225413041],[-53.16119859449991,-28.33930013751048],[-53.17706644135526,-28.34015378349878],[-53.18139323038915,-28.36100071250785],[-53.1786079552416,-28.3682395876575],[-53.18580349135239,-28.37508947592849],[-53.18570721658916,-28.38401308193208],[-53.1905767211212,-28.39503310748627],[-53.17655783832524,-28.41161537046046],[-53.17707081604048,-28.42409606480255],[-53.16966750430877,-28.42946335760567],[-53.17639079481199,-28.43780829941791],[-53.17593717283158,-28.44267379463276],[-53.16837702477515,-28.44907684450029],[-53.17426251174498,-28.45864673706865],[-53.19581230022786,-28.45649455143851],[-53.20198597360431,-28.46488633916969],[-53.19404494613536,-28.47643909401967],[-53.19585442633794,-28.48388952112356],[-53.18546661078859,-28.49447123640464],[-53.19188929589016,-28.5054851371713],[-53.1783943333103,-28.51393482861543],[-53.17664275584537,-28.52546357091915],[-53.18343437560245,-28.53092068163987],[-53.18406357643357,-28.53613330514555],[-53.17729317183399,-28.5441831629531],[-53.17649319604324,-28.55066849015117],[-53.20227260127908,-28.57034023413769],[-53.22325485589982,-28.5693116455038],[-53.22797947201447,-28.57247000059005],[-53.22915155919331,-28.5793850251234],[-53.22634498169759,-28.5996681417656],[-53.21548069785361,-28.61353440140197],[-53.21971754232928,-28.6257970328016],[-53.19325640766294,-28.64708688537519],[-53.18780414605993,-28.66727845760852],[-53.17797249949648,-28.6812425864534],[-53.17984039711742,-28.68928235312223],[-53.17653385287371,-28.70168423854399],[-53.18164211555546,-28.70913018713825],[-53.2003760619089,-28.7003866950353],[-53.22033673734652,-28.69927974726581],[-53.22358724095735,-28.70356596605779],[-53.21616516728874,-28.71617929515559],[-53.21819272107055,-28.72696629785684],[-53.21445226734102,-28.74328224844726],[-53.2017465743486,-28.74886613894229],[-53.20175998011481,-28.76469681327897],[-53.20533994260097,-28.77290694916924],[-53.2003612269475,-28.78241165236354],[-53.18917331349044,-28.78533725320113],[-53.18006761703784,-28.7811185210493],[-53.17830190897919,-28.77397440789261],[-53.16939952619661,-28.76930586207051],[-53.14836723613396,-28.76771080075832],[-53.13712497406653,-28.77690270018268],[-53.13390779947204,-28.79976328864646],[-53.10942325849286,-28.80262382553269],[-53.10570196708206,-28.81512392411373],[-53.11236450257857,-28.82124439240557],[-53.10943313547577,-28.83364214689294],[-53.11483052922883,-28.84186073675682],[-53.10715450059666,-28.85417595253271],[-53.10644267088961,-28.86955492957792],[-53.10994896797702,-28.87708414083122],[-53.11075896726089,-28.89269285814394],[-53.10797457523663,-28.89753526202048],[-53.09487339277135,-28.90543869849887],[-53.07769386959286,-28.90817398627244],[-53.0775008027404,-28.91665074008612],[-53.08357091268122,-28.92009710151466],[-53.08693971178773,-28.9267872016079],[-53.08231978491644,-28.94110860695114],[-53.06889145035691,-28.95687527904454],[-53.05255954383964,-28.96183705895145],[-53.05441150888365,-28.96891532760491],[-53.07357411179653,-28.97185213503383],[-53.07081136384816,-28.97992434638022],[-53.07505318933954,-28.98921608855668],[-53.06862533118529,-29.00240216060617],[-53.05868714885236,-29.01321448522091],[-53.06083702159676,-29.02833901285789],[-53.07101373763942,-29.04088624332487],[-53.05928509926331,-29.05236049244298],[-53.05258377849427,-29.06585951544997],[-53.05961297889004,-29.0732982477989],[-53.08369897351652,-29.07478219317706],[-53.07935914770639,-29.08545424947366],[-53.07930767224117,-29.09816374257619],[-53.08805109946139,-29.11198198712243],[-53.08446635016525,-29.12247282822756],[-53.07529230500835,-29.12977353842355],[-53.073761608152,-29.13452390984961],[-53.08417498731449,-29.13851764846413],[-53.08634601301311,-29.14899886580766],[-53.0983884984914,-29.15494147310785],[-53.0956000352314,-29.16350297794545],[-53.07870024298324,-29.16866286974544],[-53.07717864351741,-29.17606320031192],[-53.10147804440867,-29.19039794656308],[-53.1101458943703,-29.21533156122661],[-53.11872205149258,-29.217952433216],[-53.12403474610399,-29.22394546496014],[-53.13136818144226,-29.22216621698164],[-53.14353960775763,-29.23033900644284],[-53.15881080583737,-29.22809424286195],[-53.17790643519636,-29.23448279276698],[-53.19833181865884,-29.22882210231704],[-53.21702228066926,-29.24190297505278],[-53.22614143223517,-29.2372506353711],[-53.23782865907674,-29.23944099506056],[-53.24066228873727,-29.23343254800398],[-53.22916707438805,-29.22201132533131],[-53.2377923338537,-29.2166905619717],[-53.23860015019006,-29.21312727633237],[-53.22010856096513,-29.19660800681202],[-53.22602800734992,-29.18636118181776],[-53.24407227405677,-29.19014374477068],[-53.24843443499952,-29.1850476643427],[-53.23253058439247,-29.17873943332232],[-53.22070510567922,-29.16598088223936],[-53.22385165359152,-29.16305039325152],[-53.23700203313116,-29.16211399816953],[-53.2422646723907,-29.15736337718401],[-53.25198402339694,-29.15705573218157],[-53.25447832814707,-29.14528384996678],[-53.2506474893799,-29.14285069193704],[-53.24073625950298,-29.14417315021507],[-53.23596368975214,-29.14840858536577],[-53.22896364903605,-29.14755365080509],[-53.22470041708988,-29.14110007385583],[-53.21358138155621,-29.14149286817303],[-53.20824260236503,-29.13654617938504],[-53.22350390022953,-29.11707031605767],[-53.21595004330625,-29.10897638450072],[-53.21594366257109,-29.1052214530935],[-53.22018283852801,-29.10271919455902],[-53.22727738166787,-29.10571473135668],[-53.23246580875493,-29.10282862747209],[-53.234229543654,-29.09584674021281],[-53.22965668378718,-29.08152761423206],[-53.25104985100257,-29.08158442134521],[-53.25708085436106,-29.07587695642754],[-53.26689044860866,-29.07366463232847],[-53.26972683721306,-29.07803622479078],[-53.2655244630387,-29.08405601196412],[-53.26765505539559,-29.09414917859644],[-53.27691701545896,-29.10022610082015],[-53.27234369542182,-29.11187951350729],[-53.26597752731338,-29.11911982355757],[-53.25771742930511,-29.11335161104154],[-53.24873796833808,-29.11292875862428],[-53.24596456323013,-29.1165734816441],[-53.24857272087946,-29.12252169388653],[-53.26149457993814,-29.12456108795405],[-53.26520408813218,-29.13319652886554],[-53.27310290191735,-29.13783100404383],[-53.2637327232377,-29.14767639212253],[-53.26326000477472,-29.15576324293376],[-53.27552397224179,-29.16267505945575],[-53.2767031981817,-29.16621704251665],[-53.26251760648513,-29.1736033283836],[-53.26132313708565,-29.17833673554949],[-53.26948350088758,-29.18216714837022],[-53.27852792560989,-29.19395503374354],[-53.26516607021897,-29.20247078890931],[-53.25521643470896,-29.20167062437219],[-53.25260281568029,-29.20552750407181],[-53.25822311367688,-29.21444050355431],[-53.25937874342279,-29.23407823613296],[-53.27062446695386,-29.23983112709585],[-53.28204218942216,-29.23559013844015],[-53.28465145971541,-29.24281687016279],[-53.27119266479109,-29.25054313733564],[-53.25858255675335,-29.24921123211502],[-53.25617071130858,-29.25795946706152],[-53.26500331376504,-29.27011575541868],[-53.27610759463264,-29.26594154181579],[-53.28471570208801,-29.27344699737939],[-53.28306834007984,-29.27830997792679],[-53.27200852941811,-29.27978585143313],[-53.26748029192213,-29.2836418982032],[-53.25531949068203,-29.28007532849275],[-53.25079145029319,-29.28316958381476],[-53.25519531707398,-29.29746645323956],[-53.26052454471528,-29.30113111564],[-53.26259229741299,-29.30789912593619],[-53.25883275975098,-29.31745009522707],[-53.28382893096099,-29.32404722075633],[-53.29084208000714,-29.32892619329359],[-53.29367645579773,-29.3375421814196],[-53.3057836807136,-29.34218425375133],[-53.30790773969196,-29.35074807821328],[-53.3191404214878,-29.35547217723345],[-53.32873355152138,-29.35638183610255],[-53.35194644361802,-29.34234850912557],[-53.38562652451663,-29.34186162279058],[-53.39080831015415,-29.35381267619794],[-53.39027904662724,-29.36034144803158],[-53.40196108269339,-29.36623281152181],[-53.4120232043101,-29.36528460553144],[-53.41832575390018,-29.38710413246138],[-53.42863336939546,-29.39730306564509],[-53.43626472094427,-29.39290217961963],[-53.45213037533662,-29.39484417158934],[-53.45666982395581,-29.3897482594993],[-53.45586052940897,-29.38261784552061],[-53.46727545617799,-29.37480179895543],[-53.47383817592267,-29.37507795490184],[-53.47851323050308,-29.38143259932075],[-53.48593973796081,-29.38404508001694],[-53.49326057883003,-29.37914021238836],[-53.51520809395065,-29.37928534522556],[-53.52369050381039,-29.36276031187491],[-53.53848777368666,-29.35878839122163],[-53.5410171658249,-29.36339768274962],[-53.53172819606711,-29.37271224289528],[-53.54114234512765,-29.38293912126699],[-53.53848490975017,-29.3917646806385],[-53.5469890946944,-29.39328061740601],[-53.54907805261193,-29.39652896229204],[-53.54594142501668,-29.40156677780445],[-53.53514687855976,-29.40320159061914],[-53.53169103610777,-29.41107511656109],[-53.53480992690755,-29.41904791528712],[-53.54650161868214,-29.41802281041548],[-53.55143770283734,-29.42835680674268],[-53.56526164528881,-29.42645618009609],[-53.58082464953096,-29.43606961786725],[-53.59597945501024,-29.42449347111025],[-53.59694633318298,-29.41711326893956],[-53.59159898422311,-29.40859878702762],[-53.60052922245825,-29.40532771795537],[-53.62287782940948,-29.40719309963438],[-53.62624454490914,-29.41051978517841],[-53.62257912951006,-29.41671462509069],[-53.60967255056038,-29.41912956938923],[-53.6033753931595,-29.43108195787963],[-53.60528433028502,-29.43695543576986],[-53.6224307890408,-29.43092819623233],[-53.63125378897263,-29.4241242183133],[-53.64010695002199,-29.42933294251313],[-53.65788397933658,-29.42642111214883],[-53.65915646442275,-29.43081686188942],[-53.64998556376916,-29.44219393380738],[-53.64047849551104,-29.44209938980563],[-53.62526519084673,-29.44768345404134],[-53.62135362078545,-29.45401200119403],[-53.62312413349954,-29.45788071648219],[-53.63048372798091,-29.45903188320531],[-53.65338160122723,-29.45446758253099],[-53.66264410634697,-29.4613009075964],[-53.65495802339436,-29.46855318134721],[-53.6606453287326,-29.47887427936656],[-53.65780855844122,-29.48459247645824],[-53.66016896881516,-29.49111668746653],[-53.65460432694363,-29.4953721632622],[-53.65473378591732,-29.50190262574636],[-53.63513801869739,-29.51125735905242],[-53.64505285974424,-29.521860957253],[-53.64505574616776,-29.52603755690339],[-53.63757864642137,-29.52923325240362],[-53.63658993454789,-29.53514603925751],[-53.61730607021819,-29.55530071229592],[-53.6157679641403,-29.5617843699129],[-53.60116154593805,-29.56905675439395],[-53.60234313589937,-29.57261864185518],[-53.61001289548102,-29.57591821632196],[-53.60948877648391,-29.58331179829962],[-53.6206607110695,-29.59704047185802],[-53.62982214182164,-29.5993373943362],[-53.64075253438051,-29.59723953410474],[-53.64720363998778,-29.60634627222995],[-53.65840569106835,-29.60710852218265],[-53.66476150839085,-29.59460576690194],[-53.6736533826607,-29.59501252293272],[-53.6824136807194,-29.58853247608764],[-53.68579229537629,-29.57337048412847],[-53.67318985023285,-29.56325540745016],[-53.67656675378369,-29.56036619602809],[-53.68417182862237,-29.56169323008957],[-53.68658319247654,-29.55785027384596],[-53.68332693022132,-29.5517254901327],[-53.67245530970639,-29.54510217896818],[-53.66885227719583,-29.536700366426],[-53.67441470447202,-29.51721532428275],[-53.68883557457358,-29.52748014656067],[-53.69146271392873,-29.53443386007374],[-53.70693292571352,-29.53898556023398],[-53.70708443501533,-29.54482077049166],[-53.71345536070584,-29.55168052383862],[-53.70949629410243,-29.55789326739136],[-53.70916229304276,-29.57642248091462],[-53.71252411184898,-29.57978606126713],[-53.71718431879913,-29.57870677244638],[-53.72664981359372,-29.56480840529302],[-53.73066341138752,-29.55254943233636],[-53.72949014085093,-29.54715123606016],[-53.7361670876248,-29.5387536643901],[-53.74324343946124,-29.54160381281917],[-53.75173687920587,-29.55123662456015],[-53.76748961154509,-29.54811051758348],[-53.77116861002588,-29.56046070196095],[-53.78654424774825,-29.56005643631936],[-53.79016379430534,-29.55504826637737],[-53.78485674853132,-29.54717327799856],[-53.78880424845008,-29.53807914821347],[-53.77782974010464,-29.53497706951997],[-53.7745826265333,-29.52782302624093],[-53.75342952297539,-29.5197037973305],[-53.75198633248919,-29.50996728988094],[-53.75582975112074,-29.50524842151069],[-53.77422363750738,-29.51492525846564],[-53.78476944077276,-29.51191738275221],[-53.79578892359559,-29.51949054448372],[-53.80760005652663,-29.51600509883221],[-53.81349714668503,-29.53033596138146],[-53.81856581304596,-29.53363631596539],[-53.8254577313719,-29.52955046048142],[-53.83527158232326,-29.53325378610525],[-53.86241726624541,-29.52396095830034],[-53.88188931473614,-29.52396609508431],[-53.88649087560527,-29.51649248696937],[-53.90427797510964,-29.51095609278921],[-53.91158435926386,-29.51760418002556],[-53.92404227093984,-29.51601085053203],[-53.92742462944816,-29.52543987858638],[-53.93830390329796,-29.52635005738242],[-53.94504119157983,-29.53030977119047],[-53.9476412229384,-29.53616522757272],[-53.94450045959689,-29.54149626589409],[-53.94576981308677,-29.54878549283013],[-53.95170604690205,-29.55931327054471],[-53.96571948685938,-29.5588667429972],[-53.97790895982967,-29.55309378091541],[-53.98537551234641,-29.55580776354944],[-53.99461137607732,-29.55400493378721],[-54.00349557258881,-29.55972063608906],[-54.02341167031866,-29.55855804927829],[-54.02557561058622,-29.55460350634079],[-54.02030982936144,-29.54625754199847],[-54.00794452397835,-29.54432806251207],[-54.00400293364701,-29.54020948614971],[-54.00386893148103,-29.53427597411397],[-54.02124507641011,-29.51425425753537],[-54.01807350895869,-29.51066072506587],[-54.00761821847782,-29.51033621718748],[-54.00313351319767,-29.50028764452324],[-54.00263508554779,-29.48891242041525],[-54.00937336698428,-29.47979622830316],[-54.00726255185277,-29.47134627838151],[-54.03274004389404,-29.44373171690521],[-54.02624112498228,-29.43741355027773],[-54.01017635084335,-29.44117785998807],[-54.00446982705729,-29.43695655802964],[-54.00496565058521,-29.43177658296598],[-54.01223615480057,-29.42625933508572],[-54.00585982637476,-29.4095462041373],[-54.01107867484107,-29.40302556120838],[-54.00926945592894,-29.39283413801538],[-54.01684806034989,-29.38640965590908],[-54.02705400496423,-29.38324613647185],[-54.03470306390466,-29.38957942283591],[-54.04707833141617,-29.38873175951443],[-54.05288464727045,-29.37333447688403],[-54.06353856554551,-29.36755391722169],[-54.06713596502977,-29.37107851110501],[-54.06583488808068,-29.38125798385288],[-54.07363747455242,-29.38967757018532],[-54.06749752098413,-29.40472304279404],[-54.06895725686035,-29.40899807061015],[-54.07566197940194,-29.41133640257382],[-54.08821502831162,-29.40393168435612],[-54.10494828167924,-29.41253258258353],[-54.11107835348705,-29.40082530989962],[-54.11179306371672,-29.39180995488769],[-54.10118080388091,-29.372970203296],[-54.11369850256862,-29.36432721132122],[-54.12791097974203,-29.37845227496362],[-54.15124544650835,-29.38721248939883],[-54.15569063942372,-29.37703971933045],[-54.15478203720491,-29.36884167032618],[-54.16316882488974,-29.35954156646867],[-54.15470992695769,-29.34760647497706],[-54.15932656468973,-29.34302701629912],[-54.15887638155564,-29.3365264205295],[-54.16449714709694,-29.33139668234621],[-54.18262358803647,-29.34854693734939],[-54.20553804551946,-29.35403820140398],[-54.2087496492098,-29.35767555420169],[-54.20837641408623,-29.36481395115703],[-54.23308003106676,-29.38168917450049],[-54.26032173930067,-29.37327702750764],[-54.26143471717731,-29.36416952418229],[-54.26914922640949,-29.3611076253231],[-54.27914484621943,-29.36698505896672],[-54.27881296721561,-29.37493695183227],[-54.28474580298403,-29.38035947401228],[-54.29944948400539,-29.37568425463211],[-54.30669953506343,-29.37779831608208],[-54.3131822172109,-29.37398417297766],[-54.32616247270086,-29.383966865574],[-54.33430473848259,-29.37999706839184],[-54.35428838318254,-29.38277464629064],[-54.3559144585138,-29.3912694919295],[-54.3666717332967,-29.39790817512558],[-54.36364288726174,-29.40609548244029],[-54.36809910166596,-29.41256918695246],[-54.36388943090902,-29.41904629042368],[-54.36959430278354,-29.42397647429551],[-54.37094854734536,-29.43173435411884],[-54.38719701849981,-29.42963156906657],[-54.39134882389848,-29.4428227164637],[-54.39645978337889,-29.44439176328354],[-54.40056262294664,-29.43791755396445],[-54.41350537171536,-29.43479953079644],[-54.42064466801421,-29.42905433700701],[-54.41736023262379,-29.42288438923655],[-54.40139297982113,-29.41533473309074],[-54.39735082823523,-29.40918745957912],[-54.41007989151331,-29.40447427983539],[-54.41645252384734,-29.39700056405194],[-54.42772812615919,-29.39875472597084],[-54.43136334126157,-29.39306480561227],[-54.42921274688804,-29.3779275840331],[-54.42653274615169,-29.37360007923235],[-54.41667450955536,-29.37162524462449],[-54.41092824983346,-29.36564393574801],[-54.40725630620067,-29.36705932809697],[-54.40623571150895,-29.37417727223307],[-54.40290101598984,-29.37636209981565],[-54.39376112975079,-29.37410025030228],[-54.37974701456021,-29.3783081419616],[-54.3745479662937,-29.37007039755338],[-54.39916353967202,-29.35595976422321],[-54.39904155758708,-29.35213671286618],[-54.39175473289512,-29.34640978015117],[-54.40083983088552,-29.33466407338423],[-54.42171463487617,-29.33544489420072],[-54.42953809687152,-29.34409037649209],[-54.45189272903695,-29.34363855132055],[-54.45888225445255,-29.33213663550979],[-54.44477366979584,-29.31267948119443],[-54.43426994154049,-29.31206471957668],[-54.42489626646226,-29.3044986978026],[-54.40555729829254,-29.29869177700595],[-54.40965513219517,-29.28408873213705],[-54.42733028321429,-29.28437568986672],[-54.43294384354317,-29.27951136312959],[-54.42119312461471,-29.25783623481359],[-54.40772749816671,-29.2525467811211],[-54.41421527249847,-29.24335998143688],[-54.43034425006655,-29.23884013077547],[-54.43476149851314,-29.24209111988349],[-54.43372022871676,-29.25816858754964],[-54.44032084041489,-29.26682310676511],[-54.44986877912864,-29.26450071175568],[-54.46155445840519,-29.26697012836224],[-54.46623696812457,-29.27276978375732],[-54.47691299254589,-29.27630601589624],[-54.47368484578308,-29.28071271287908],[-54.45357359404825,-29.2810416156188],[-54.44771508666854,-29.28704603839863],[-54.44953154258296,-29.29251617011122],[-54.46075096551572,-29.28952480091368],[-54.46559827620677,-29.29715496089509],[-54.47645364263634,-29.2982233471256],[-54.49643830238589,-29.27937935962095],[-54.50508125809434,-29.28253457957177],[-54.51282167781456,-29.28066934650135],[-54.51177808951803,-29.26441393541226],[-54.5180041608317,-29.25936262657476],[-54.52783378745109,-29.26301035056918],[-54.5401785823932,-29.25910208050078],[-54.54747246816514,-29.26640325550409],[-54.54052462290668,-29.27924295879778],[-54.55808789625964,-29.2899951368159],[-54.56771764004394,-29.31248169651581],[-54.58995576522118,-29.31297622443239],[-54.59331086149898,-29.31942828998308],[-54.59982040346067,-29.32294594442353],[-54.62211361736987,-29.32121165533285],[-54.62870042804301,-29.31300441889346],[-54.652516776811,-29.30847914229506],[-54.65525246893812,-29.30119192929102],[-54.6423125525443,-29.29962205420589],[-54.64044288148897,-29.29020552958703],[-54.65115869580368,-29.28598993810815],[-54.66042331310791,-29.27406974236883],[-54.64873399155525,-29.26288180739649],[-54.6544458061641,-29.2576273978012],[-54.65570323092903,-29.24606324927917],[-54.65891842106688,-29.24335205437436],[-54.67062979002193,-29.24635299376136],[-54.67292394120282,-29.26188855838144],[-54.68091235633469,-29.26251522785332],[-54.68505964465016,-29.26814785121735],[-54.69674967276235,-29.26911758860876],[-54.70401360848822,-29.26462792037147],[-54.6999748260645,-29.25675960108637],[-54.70047672785005,-29.24945893475714],[-54.71269169726439,-29.24819017619583],[-54.71704098683336,-29.23597690878707],[-54.72261809838419,-29.23483103226373],[-54.7304096807941,-29.2485920778128],[-54.71409645429015,-29.27064229303939],[-54.72270966075535,-29.28149135178111],[-54.73187928381665,-29.27526823997124],[-54.75599454891952,-29.27243039087166],[-54.75492096550587,-29.26033271240349],[-54.74395784343387,-29.25365813684299],[-54.74951795156781,-29.24501265888307],[-54.7624406469104,-29.24650930598045],[-54.76584047802165,-29.25934613262212],[-54.77009913403555,-29.26292597158794],[-54.77939870749305,-29.2560263783365],[-54.78649410659809,-29.2611801614965],[-54.79381622785345,-29.26172732276308],[-54.79874543878071,-29.25949651431273],[-54.79916351552477,-29.25614808346553],[-54.78704450128147,-29.24885560480604],[-54.78594885139029,-29.24201287491837],[-54.8017363279241,-29.24301878732542],[-54.80245136689594,-29.23328769581235],[-54.80580799282642,-29.22967164494396],[-54.82898246503623,-29.22931477099297],[-54.83375979154101,-29.23712106278608],[-54.84432473124234,-29.23885495689928],[-54.85255696448701,-29.2452463622215],[-54.85815375049158,-29.25717129522504],[-54.84017877906857,-29.27189497180441],[-54.83322838592225,-29.28736393056352],[-54.83500152122472,-29.29973083657509],[-54.84532830927606,-29.29867982447829],[-54.85917813013226,-29.28870436108295],[-54.86673070936569,-29.29911490462096],[-54.87794067238973,-29.30396419433213],[-54.88119601450243,-29.31117845462474],[-54.89037938757404,-29.3146784184451],[-54.88691524051313,-29.32901579596453],[-54.89127614811003,-29.32964492110405],[-54.90785540265033,-29.32020536659578],[-54.91248008894974,-29.32260564699572],[-54.90939872123953,-29.33096024564126],[-54.8846152461415,-29.34321394385454],[-54.87665721495911,-29.34364991034434],[-54.8758466837354,-29.35268061730689],[-54.86838291116158,-29.35841616875381],[-54.87101174114274,-29.36625907905899],[-54.88451009263738,-29.37104989150389],[-54.89750255544864,-29.38904083095032],[-54.8991809123137,-29.4060420179186],[-54.89031329943639,-29.4191158444737],[-54.90216474654476,-29.43174249889177],[-54.90809916392545,-29.43113176922828],[-54.9144453026787,-29.4204390375209],[-54.91988401057827,-29.42165978880133],[-54.92301208708783,-29.42913930347638],[-54.93096247749905,-29.42852400860395],[-54.94963437973659,-29.40277099987446],[-54.96950892803446,-29.40401332410263],[-54.97191942968582,-29.39864342050069],[-54.97032053200492,-29.38792835039262],[-54.97395546858302,-29.38497664856613],[-54.98030269578364,-29.38725876846085],[-54.99722993977349,-29.38486262131823],[-55.00458428426118,-29.38747819831331],[-55.01386286613346,-29.39754458033824],[-55.0240475155089,-29.42293427509156],[-55.04360274149327,-29.42059880457552],[-55.04605522592919,-29.41569533322661],[-55.04140965853696,-29.40966180298311],[-55.02515515240628,-29.40374246750479],[-55.02477478027204,-29.39833226627331],[-55.0303508447439,-29.39343168717168],[-55.02947694676715,-29.38718042244492],[-55.0231961518312,-29.37844974599619],[-55.01388330552746,-29.37247205050198],[-55.01726339284641,-29.36662561322195],[-55.02792229682695,-29.36553002564333],[-55.04434600982147,-29.37509527318808],[-55.05363937650809,-29.36772471516422],[-55.04653876547798,-29.35461327915585],[-55.05466062441553,-29.3494282639498],[-55.05529131050176,-29.34583752827267],[-55.05042915343026,-29.34232816328517],[-55.04190168046933,-29.34303058245419],[-55.03415945228716,-29.33588846219407],[-55.03232167849578,-29.32704492859553],[-55.04494890328684,-29.32525922943574],[-55.05034657167395,-29.31902572882207],[-55.06965295218551,-29.32276751046759],[-55.08079324759802,-29.316801439817],[-55.09095212290161,-29.32208804102512],[-55.10502048361984,-29.32212971334895],[-55.1125877026603,-29.33038232607363],[-55.12131760330064,-29.33307978181952],[-55.12389032398997,-29.34335369261628],[-55.10004456999731,-29.38548440061902],[-55.10611872054245,-29.39614001118296],[-55.11908450591127,-29.40213038547635],[-55.11567376966229,-29.40932904626397],[-55.11710005271243,-29.41663142645339],[-55.13707243328915,-29.43092542632388],[-55.14864877474343,-29.43048309634031],[-55.15004349557889,-29.43496034950055],[-55.14344495750365,-29.44346975789067],[-55.13457960300865,-29.44374054950696],[-55.12928871551536,-29.44735020617694],[-55.12158100311853,-29.46142324482305],[-55.11111992521881,-29.47204642977695],[-55.08835586277841,-29.48092157119131],[-55.07891789514174,-29.49103970643869],[-55.06893738049122,-29.49552005716642],[-55.04655132054958,-29.484870461594],[-55.03847009796464,-29.48890558475559],[-55.03112969891301,-29.48641774112401],[-55.02151024969224,-29.46807227483876],[-55.02130232450404,-29.46138182231965],[-55.0172317326226,-29.45724305743394],[-55.01184543525043,-29.45748473327171],[-55.01203137886525,-29.46925023162791],[-55.00183350044406,-29.47067969023975],[-54.9924050331452,-29.47918529621779],[-54.99113028846687,-29.49192727934794],[-54.99433833509274,-29.49481088183363],[-55.0068265406281,-29.49557498563262],[-55.02281333015402,-29.50491932817346],[-55.02379552684311,-29.50824050155204],[-55.01901676892106,-29.51770054980522],[-55.00949294149837,-29.51850579817787],[-55.0060145401343,-29.52549041302546],[-54.99127652809042,-29.52508452603341],[-54.99368940704049,-29.53766857013202],[-54.9907682416199,-29.54102344799808],[-54.96912448451849,-29.5300291905139],[-54.96227414989533,-29.51859598888425],[-54.96716153853165,-29.51276818109037],[-54.96692945983744,-29.50778767292593],[-54.95648385715433,-29.50261166504955],[-54.95810614722538,-29.49554365439153],[-54.95462158680056,-29.49029771180289],[-54.94379436095859,-29.49523897717816],[-54.92577580741013,-29.49532811216779],[-54.92122656851721,-29.49005739577463],[-54.92490862334936,-29.48010467312657],[-54.92094319008419,-29.47738137413961],[-54.89932157406113,-29.48344789688535],[-54.89232076473493,-29.49023342578525],[-54.88111830690554,-29.49049518330446],[-54.87604049751088,-29.47872382994213],[-54.86911090948916,-29.47431366343416],[-54.87304344890802,-29.45945083386005],[-54.85923381717903,-29.45864718124882],[-54.85655465467668,-29.45566481141453],[-54.8568819845382,-29.44313783033596],[-54.84773693418119,-29.44407924090801],[-54.83989744262117,-29.44019491655285],[-54.84208300451064,-29.43443263982598],[-54.85016142987368,-29.42828577828629],[-54.84691387233058,-29.42015312830115],[-54.84903933050766,-29.4129872790031],[-54.85918945656969,-29.40781555910764],[-54.85915889457954,-29.39873810499078],[-54.85342698215489,-29.38877616962142],[-54.8312865994959,-29.37099896985718],[-54.79425193599674,-29.36812929485761],[-54.78143484474397,-29.37651819346056],[-54.75838216419141,-29.37161512977664],[-54.75380587350721,-29.37786730030472],[-54.75494982193962,-29.38792078558576],[-54.76743231882482,-29.40214511957358],[-54.76626052013076,-29.41409854704498],[-54.77889911299312,-29.41904415178111],[-54.78118845852702,-29.42509495662561],[-54.78726715586968,-29.42911380532001],[-54.78701294952565,-29.43658227551621],[-54.79812751785889,-29.44161063716775],[-54.79517909667959,-29.44538910328007],[-54.78173321641316,-29.44932181115841],[-54.7792174205667,-29.45656954490684],[-54.77923348983399,-29.46922945042742],[-54.79002747685077,-29.47507880915725],[-54.79414687449457,-29.48190381701209],[-54.77684186840194,-29.49274081697958],[-54.77446518625202,-29.50033743985782],[-54.7657234079032,-29.50252252751901],[-54.76004439268791,-29.51070504933782],[-54.7712666550414,-29.52686729478857],[-54.76881820311819,-29.5336816533412],[-54.76276533664942,-29.5342451434948],[-54.75065120250107,-29.52130989652359],[-54.73826805116747,-29.52231978385351],[-54.73108528201524,-29.51669788402614],[-54.72238971257749,-29.52643763941915],[-54.7035415612567,-29.52886628781946],[-54.69061982341633,-29.52567920201698],[-54.6725610783008,-29.53420163115497],[-54.66225201559991,-29.54589537977607],[-54.66078867073438,-29.55325783557375],[-54.65158802179518,-29.56618560839737],[-54.63445485897689,-29.57298158460679],[-54.62358204634118,-29.57298966045753],[-54.61850067748981,-29.56546684039496],[-54.627860654939,-29.53494896077272],[-54.62122625804241,-29.52424094322668],[-54.60966116825745,-29.51886686140393],[-54.59689304408863,-29.52463429602942],[-54.58520780098924,-29.52321110236916],[-54.57526465587583,-29.51430182449537],[-54.57582862567352,-29.5099995143002],[-54.58447646022803,-29.50711939045667],[-54.59570376167583,-29.51157584236031],[-54.60838308252908,-29.51101992612627],[-54.61803871400126,-29.50134884091927],[-54.62993810424044,-29.50248853108882],[-54.63656079052427,-29.49407644802142],[-54.64374402938081,-29.49100169750988],[-54.65826288387466,-29.49175878628116],[-54.67068875288903,-29.48117695789267],[-54.67972249656911,-29.47801052632182],[-54.71734854798709,-29.47904969963727],[-54.72206296643623,-29.48339181214279],[-54.72731022154519,-29.49871971334077],[-54.73155192703923,-29.50009231521942],[-54.7372635490728,-29.49456718944291],[-54.7372963179407,-29.48463757739407],[-54.74770295728955,-29.47455486711436],[-54.73083211143755,-29.46275775190512],[-54.73173818488603,-29.45279349722471],[-54.74187509198024,-29.44181541948196],[-54.74183953346292,-29.43806577744691],[-54.73659657448614,-29.43355019330416],[-54.72807864271476,-29.43348361114624],[-54.72281921936033,-29.42611932837948],[-54.73476412563058,-29.4175366023426],[-54.74374850762144,-29.40538013240307],[-54.7432995100999,-29.40112433948054],[-54.73468491890727,-29.39459247992862],[-54.72079432948889,-29.39611741689583],[-54.70015569625536,-29.422717067739],[-54.68639421753392,-29.42922075346165],[-54.68110310131789,-29.42782037301925],[-54.6764751053738,-29.41994874808278],[-54.65037429868661,-29.40992903616207],[-54.63558163872239,-29.42359903327757],[-54.63459788445105,-29.42796136396603],[-54.63914554409185,-29.43454456148215],[-54.63727174018545,-29.43852469863878],[-54.61183875050136,-29.43385442521254],[-54.61064097965794,-29.42669117416098],[-54.62534270157769,-29.41819720596308],[-54.63290051530642,-29.40860764862162],[-54.63321710538647,-29.40264444287868],[-54.63941158751506,-29.39838432976312],[-54.63900009122452,-29.39471957602147],[-54.62962917746503,-29.39028373999741],[-54.62873424825283,-29.3864384475699],[-54.64465419498327,-29.37677000179605],[-54.64951963625748,-29.37052609018483],[-54.64804609247999,-29.36279252224557],[-54.63447925712,-29.36234118994975],[-54.62866280065649,-29.36857749084322],[-54.62059215690177,-29.3702881175223],[-54.61729079382,-29.37814978974507],[-54.61067475056652,-29.38205419560211],[-54.61495837879647,-29.39587196339899],[-54.60864341782185,-29.40066511795729],[-54.60044879521617,-29.4003348730182],[-54.59580465300112,-29.40688465283233],[-54.58736246140715,-29.40639829491549],[-54.57087247752711,-29.41969829281563],[-54.56878949623893,-29.42404093887649],[-54.57110348077205,-29.4382093993821],[-54.56352127441081,-29.44230975488174],[-54.56064685853453,-29.44955530955569],[-54.55427839657512,-29.45089241014549],[-54.54443224103621,-29.45898216310789],[-54.54225190364022,-29.46530283349181],[-54.54718293936592,-29.47158650074384],[-54.54281927136535,-29.48551370499912],[-54.53209070630854,-29.49081285019374],[-54.52991151169527,-29.5003242962997],[-54.54279238903867,-29.51162961298575],[-54.54241031905869,-29.51866719102265],[-54.53878412905794,-29.53365398155243],[-54.52809058381995,-29.54789613825719],[-54.51345054584094,-29.55183074953155],[-54.49026992884335,-29.54094888630167],[-54.46250346831417,-29.55381131932528],[-54.4526588607979,-29.54954609420295],[-54.44783726093375,-29.56554186586513],[-54.42494560903209,-29.58026606722643],[-54.42181475941859,-29.57824435301657],[-54.41853762416299,-29.56441925541797],[-54.39845108479651,-29.5677153457606],[-54.37610653712571,-29.55658523906174],[-54.36344604333662,-29.56158551974971],[-54.34721904757188,-29.55974364310751],[-54.3446309102674,-29.55644044574871],[-54.34961915050321,-29.5463974059818],[-54.34749476303526,-29.54248366347692],[-54.33286873579222,-29.53527364047398],[-54.31611622349984,-29.538973918214],[-54.31086080722756,-29.53242165827696],[-54.30392044974678,-29.53184443490708],[-54.29469554375265,-29.52581326901312],[-54.29099641242056,-29.5288924651456],[-54.2927387912907,-29.53980424161466],[-54.26827876751196,-29.55202408578885],[-54.24858211651424,-29.54517834500657],[-54.22417752367701,-29.55225607551315],[-54.21818118849973,-29.54938152504733],[-54.21720648524285,-29.54009540400911],[-54.19401440559636,-29.537127312557],[-54.18396163279341,-29.54294366756733],[-54.18342019060844,-29.55181372851602],[-54.18922458011149,-29.5552320034779],[-54.21009851908373,-29.55511470492359],[-54.22050160004495,-29.56434357323883],[-54.21784007903724,-29.57201859188905],[-54.2072312958765,-29.575144394447],[-54.20042087604163,-29.57091106289641],[-54.18442783846805,-29.56991010333887],[-54.17105806599632,-29.57928053681898],[-54.13354565466791,-29.58542513798711],[-54.12430782465815,-29.59440216091357],[-54.11000228870797,-29.59339142285603],[-54.10570994693465,-29.58220037783654],[-54.09611248592453,-29.57896797183041],[-54.0883384962567,-29.56591153397592],[-54.07689332436488,-29.57507339437026],[-54.07525478094501,-29.58648728541769],[-54.05287858619283,-29.60270554325318],[-54.04666729131015,-29.59986939044771],[-54.04947920328619,-29.5914783399247],[-54.0451115475778,-29.58558120233635],[-54.02795600609672,-29.5800999643922],[-54.02060306947129,-29.58082723812297],[-54.01139277381768,-29.58959202757262],[-54.00280662430567,-29.59158426341062],[-53.99694070748783,-29.59709876909002],[-53.98431965788792,-29.59752616931659],[-53.97568956527068,-29.60154670214698],[-53.96758365938319,-29.59835475079346],[-53.95070907694816,-29.59984091263985],[-53.94447905310977,-29.59138894461926],[-53.92618466886124,-29.59253284644899],[-53.90750764908105,-29.58932116886755],[-53.89743826877569,-29.58410005033689],[-53.88434557053472,-29.58430591749466],[-53.8749775575845,-29.59480994880789],[-53.85371560219141,-29.60034061608752],[-53.85252674609642,-29.61044242790209],[-53.84358944377441,-29.61892482654889],[-53.84362989282373,-29.63809977847906],[-53.83417915552126,-29.64402120012083],[-53.84076397380873,-29.65714713410701],[-53.82934127700639,-29.66934126736689],[-53.84115325811173,-29.68477708188835],[-53.8453350549457,-29.68484643831452],[-53.85386750761538,-29.67789803556678],[-53.8632912151946,-29.68291287415885],[-53.87586422227825,-29.6830054014532],[-53.88173056835021,-29.6909421995929],[-53.87721954908252,-29.70542362080059],[-53.85190428582077,-29.70950951138684],[-53.83816193052293,-29.70577376155568],[-53.83339299304085,-29.72227471947788],[-53.82665375762586,-29.72731870180764],[-53.81979373959005,-29.74488265890773],[-53.815064417654,-29.74322114908972],[-53.81012066363402,-29.7340502736149],[-53.79768317199522,-29.72750689837061],[-53.79752260568105,-29.71863507545543],[-53.79030959780088,-29.71648554892578],[-53.78716960024125,-29.70997841196302],[-53.77534960244054,-29.70566123915913],[-53.77453484849599,-29.69656326207201],[-53.76394891869904,-29.69295424974086],[-53.76116084652102,-29.6791682509013],[-53.74119559474277,-29.6664129429925],[-53.73596924510679,-29.66734821763832],[-53.73465811460488,-29.67417924975926],[-53.7279550258855,-29.68025306479689],[-53.6971475822013,-29.67971170260641],[-53.691876770428,-29.67331190009885],[-53.69766848542103,-29.66291689345973],[-53.68753367281376,-29.65704484456379],[-53.68739517408595,-29.64088175029114],[-53.68369499221815,-29.63777654493451],[-53.67145835228228,-29.64466468381928],[-53.67096478548731,-29.65596897229301],[-53.66505769565391,-29.67080532883321],[-53.65327660558512,-29.67874147182625],[-53.64054051455654,-29.67339087438739],[-53.63575159198697,-29.67518753179159],[-53.63798238854205,-29.69113086320481],[-53.64472152935291,-29.69865061988378],[-53.63892120097529,-29.71568155274823],[-53.63443712824031,-29.71627366011863],[-53.62279687029538,-29.71019297428535],[-53.61952146901991,-29.71902087008909],[-53.61589487081056,-29.7209697873397],[-53.59483189229719,-29.71088687715796],[-53.58067076279498,-29.71346373411669],[-53.57607439626953,-29.71608999489153],[-53.57220037045364,-29.72989903984253],[-53.56695152586018,-29.73389371433055],[-53.55456016411352,-29.72423341232894],[-53.5369018472723,-29.73271817604332],[-53.52939813202592,-29.72633905100682],[-53.51531020748445,-29.73082877736148],[-53.5058992675224,-29.72638089926389],[-53.50247978165869,-29.70377128808421],[-53.49750136935096,-29.69182476678576],[-53.48956712207582,-29.68519198480628],[-53.47130011108813,-29.68426379773951],[-53.4632184099273,-29.6709507534646],[-53.44871381266518,-29.67389765831587],[-53.42187584254901,-29.66990742333836],[-53.41450917216322,-29.67331311188769],[-53.39908782698693,-29.67011858754763],[-53.39602702937514,-29.65694755255373],[-53.39092798318384,-29.65237959060436],[-53.38012377429698,-29.65237723731857],[-53.36410635013176,-29.657440589889],[-53.35649150428841,-29.6736651752356],[-53.35308297840466,-29.69067159437173],[-53.34601808543162,-29.69867929888129],[-53.3313932715466,-29.69781176361198],[-53.31766025594089,-29.68956443894951],[-53.30209459035198,-29.69476303779015],[-53.30412053174967,-29.70686971613322],[-53.30027585829595,-29.72158075802152],[-53.31062655817509,-29.73158157801786],[-53.31842944899061,-29.72924722513148],[-53.32651628689217,-29.71913269739276],[-53.32634913762555,-29.70721034253111],[-53.34099351109928,-29.70755021542113],[-53.34097342325045,-29.73554851022707],[-53.34903717145582,-29.74851497711548],[-53.34558284612308,-29.75108151975691],[-53.3307690346009,-29.75025216613336],[-53.30470820307713,-29.74249125578243],[-53.29369624340947,-29.74994186236575],[-53.29242208903832,-29.76476838602676],[-53.30178328311475,-29.77183248079014],[-53.31425220235446,-29.7740521548892],[-53.31309117627402,-29.78005273312512],[-53.31635242564753,-29.7850942395879],[-53.31441061307886,-29.79831398222116],[-53.30416915932322,-29.8021545648619],[-53.28035151688731,-29.79878985287281],[-53.27399809951807,-29.80169177276166],[-53.26823399933962,-29.8067208980123],[-53.26485987951954,-29.82175654195095],[-53.26947458403078,-29.83491971397688],[-53.26051405675639,-29.8394543479021],[-53.23898467758256,-29.83785516251648],[-53.21224270148089,-29.84239442837029],[-53.20416161033818,-29.84028855800505],[-53.19601038486859,-29.83169313104705],[-53.18789735544893,-29.79251015555777],[-53.1795599654038,-29.77364967545965],[-53.17014038534218,-29.77046615373881],[-53.15110747307421,-29.75373455930599],[-53.14664266976919,-29.75439497186461],[-53.13554823248628,-29.76500454350826],[-53.07125515449764,-29.76169648447904],[-53.06854986716191,-29.74749710329464],[-53.07044751368178,-29.74158098174227],[-53.06696688181551,-29.73537627903232],[-53.0704163545196,-29.72367901355313],[-53.06549534746129,-29.71551043921202],[-53.0478820463872,-29.72211795530504],[-53.03648820756865,-29.73074243577859],[-53.01347279182615,-29.73855798974514],[-53.0024580839688,-29.75250298796157],[-52.98177669253641,-29.76598756007299],[-52.97622300393668,-29.76229395284211],[-52.98239776147923,-29.75550919614858],[-52.9827866470166,-29.74770411991153],[-52.96909011428203,-29.73706215597046],[-52.97203623962629,-29.71961831708741],[-52.96135272053267,-29.71357681844016],[-52.95097494490665,-29.7143497834168],[-52.94298280658635,-29.72050262429818],[-52.92917583854581,-29.72389358685965],[-52.90778020564345,-29.72604119782994],[-52.8983483993625,-29.72126552119659],[-52.88527289350998,-29.72169602834932],[-52.87591365003211,-29.73205274780144],[-52.8644183255087,-29.73280114933525],[-52.85937569473901,-29.74194255053757],[-52.84836115128866,-29.74825355659249],[-52.82898615954436,-29.74167640420808],[-52.79661912341314,-29.74359740200337],[-52.79065605240451,-29.74690050235514],[-52.77827460615782,-29.74438390846518],[-52.77202095952605,-29.74625566975897],[-52.75985516813886,-29.74388342284221],[-52.75542598744842,-29.73771926434496],[-52.73879393676422,-29.73244003310968],[-52.72478645323723,-29.73457564280993],[-52.7078880710978,-29.74196596945771],[-52.67387111849455,-29.74560925781079],[-52.66768340773266,-29.75285434026829],[-52.65521889847999,-29.75190408725553],[-52.64569350840519,-29.74360502523633],[-52.63052732506576,-29.74580078013754],[-52.62208613419048,-29.75226696022157],[-52.62214706141842,-29.76794722921698],[-52.60206203493754,-29.77446735020216],[-52.60134194442252,-29.78043203339796],[-52.60926124605484,-29.7883923772495],[-52.6089203915569,-29.79214941401044],[-52.57447904109809,-29.80690754499481],[-52.56845684114595,-29.81817700420936],[-52.55590365354414,-29.82443726742054],[-52.55205206375312,-29.83175309132931],[-52.53736279765167,-29.83382984697593],[-52.52601469362439,-29.84424311047338],[-52.52544740516418,-29.84816585943828],[-52.53744972649822,-29.85822766428077],[-52.53788650351071,-29.86240110164049],[-52.52017081354452,-29.86399596928134],[-52.51787968621836,-29.87120828487446],[-52.51011223202263,-29.87630896029376],[-52.50313051259079,-29.88843976502985],[-52.48678839948121,-29.89091259811194],[-52.48423837138655,-29.89703780276316],[-52.48547329438866,-29.90778389663978],[-52.47575496629896,-29.91304245890198],[-52.46831384374531,-29.92753123559314],[-52.44938605697455,-29.92652515936005],[-52.44826907034038,-29.94007352320159],[-52.44479311579463,-29.94432112712787],[-52.43630219137636,-29.94306618488584],[-52.42704011348525,-29.9473602774807],[-52.40308680314619,-29.9466011399742],[-52.39884215329015,-29.95498362477334],[-52.39042213222515,-29.96099413604784],[-52.39824256022857,-29.97223938010102],[-52.40649056886999,-29.97607419979147],[-52.40592661133065,-29.97980441255719],[-52.4015311465141,-29.98127280037574],[-52.37790594849885,-29.97651975194049],[-52.3720791995969,-29.96694850215416],[-52.37280025309661,-29.95391293914791],[-52.38454181333738,-29.94822314784908],[-52.38631252922546,-29.93689644840173],[-52.39939676224221,-29.92213951382014],[-52.41617752589923,-29.92282832149332],[-52.42404224270506,-29.92815001989685],[-52.42842274071733,-29.92739102785375],[-52.42731102800768,-29.9108091258202],[-52.43372693655191,-29.89874863195652],[-52.44762304722136,-29.90481379808411],[-52.45962862444211,-29.90146815653281],[-52.46564309362454,-29.89157891223934],[-52.46527489139615,-29.87398462247325],[-52.46908042882281,-29.86659513958786],[-52.46850561016979,-29.85650721386597],[-52.4610107562495,-29.84482599488938],[-52.46577978904129,-29.83271065306901],[-52.46440419017836,-29.82259321802908],[-52.4478440369522,-29.81322992000294],[-52.46124370254206,-29.79972792635052],[-52.45716410757067,-29.78954906491813],[-52.44612310646399,-29.77927079830798],[-52.45643451469856,-29.77352522181993],[-52.45118119906111,-29.75672242815231],[-52.46109978920796,-29.74411008563968],[-52.45397465395874,-29.73215386546201],[-52.44973891343229,-29.70907075205849],[-52.4525913889635,-29.70102446097442],[-52.44836579575316,-29.68687663807],[-52.42556807303894,-29.69016172691014],[-52.4163829745293,-29.69843563682781],[-52.41008378052556,-29.72012425609557],[-52.40985760577355,-29.73407241459671],[-52.40065679384156,-29.74030108515806],[-52.40143801094261,-29.7457874731117],[-52.41031147089651,-29.75421303279109],[-52.40683337916533,-29.76262767588015],[-52.40941386963672,-29.76990399662515],[-52.396346413463,-29.7774017723466],[-52.3877962114787,-29.77736576298202],[-52.38539480162673,-29.78601117621678],[-52.37549033312498,-29.79489609983711],[-52.36953225676628,-29.79333601450987],[-52.36890491953378,-29.78176156991091],[-52.36227848807257,-29.7811202701674],[-52.35355995053683,-29.78587999319207],[-52.34833108237695,-29.8024155854264],[-52.34155758130509,-29.80614551180102],[-52.3339691561986,-29.80035824345908],[-52.3394549702892,-29.78719061409784],[-52.33743191175039,-29.78351951162151],[-52.32230317533801,-29.78744354789689],[-52.31491319126776,-29.77781190808328],[-52.29530949491476,-29.77903930848125],[-52.28258158530888,-29.76809205375074],[-52.25405484065295,-29.76593667279068],[-52.24570496436989,-29.77270096921807],[-52.2439419760267,-29.78337804783292],[-52.22784653706512,-29.79254560495527],[-52.22749416770851,-29.80353952718373],[-52.21726786849185,-29.80610471020035],[-52.21657383996345,-29.81302674527093],[-52.21119549143512,-29.81955122815448],[-52.21458887274051,-29.82945661390716],[-52.20301712436878,-29.83544733340692],[-52.19112479734593,-29.83216126890105],[-52.18436021661308,-29.82175769690474],[-52.17598955921601,-29.81981007387027],[-52.17089612312962,-29.81022547821886],[-52.18243533162842,-29.79958401174021],[-52.18981023136808,-29.79792953182749],[-52.20234237875477,-29.78348543991374],[-52.18380394024964,-29.76246761852823],[-52.18566694674083,-29.75408902049704],[-52.19092348084349,-29.74907225528549],[-52.20150361172713,-29.74661172877459],[-52.2181019593306,-29.75326875545198],[-52.22558154850415,-29.76122849061797],[-52.25081736863524,-29.75765010425299],[-52.25528574448864,-29.75296314957696],[-52.25676597299304,-29.73475888162281],[-52.26007110878965,-29.73076981309597],[-52.27178616177395,-29.73590246860567],[-52.28491650786878,-29.73767241225758],[-52.28860931442875,-29.73537523109834],[-52.28810554468902,-29.72911957543256],[-52.27650264894839,-29.72144989547011],[-52.27063290352206,-29.7077626421841],[-52.24996410870293,-29.7035514071718],[-52.23011436493055,-29.68679001530386],[-52.21840045598111,-29.68295907310339],[-52.17346800782368,-29.68279468820484],[-52.16720902123095,-29.69717686502907],[-52.13555401744706,-29.72583225830731],[-52.13814267572748,-29.74414237012081],[-52.13408678910692,-29.74755688784405],[-52.12623827361703,-29.73744190919647],[-52.11774241584853,-29.73286096193781],[-52.08186401927563,-29.72627495595302],[-52.06850204391537,-29.72846845674485],[-52.04811709848168,-29.72587616327361],[-52.04342078392434,-29.71989875577009],[-52.04379982420178,-29.71342960352281],[-52.03032083792806,-29.70358129332698],[-52.02133901949365,-29.70911812132659],[-52.00968382493735,-29.71095230023725],[-52.00694107941925,-29.7191353863777],[-51.98696075097168,-29.73688428711684],[-51.97799702694756,-29.75808836282334],[-51.94735446736647,-29.77827727291933],[-51.92599805635792,-29.78682772063179],[-51.92129100161864,-29.80549984682801],[-51.89911867890181,-29.83318180443012],[-51.8833118897825,-29.8394573993094],[-51.86016393881327,-29.83516604391475],[-51.83901922971498,-29.84485941133807],[-51.83633996101062,-29.85421136574287],[-51.82634746981213,-29.85629120838383],[-51.82278158641296,-29.85169905377807],[-51.83751850244682,-29.82448655410638],[-51.85733675225328,-29.8171042130994],[-51.87521816650029,-29.80606669320798],[-51.87039181376453,-29.79041386035387],[-51.87579656243349,-29.77506249198504],[-51.88309537013148,-29.77114137634181],[-51.88861774049436,-29.75461619104862],[-51.88460199026714,-29.7452885318777],[-51.88985036016476,-29.74004078137204],[-51.90328802327507,-29.74334382723206],[-51.90791165471125,-29.72699702329588],[-51.89022915571917,-29.70610717541729],[-51.88262308024924,-29.70386209351803],[-51.8644229855169,-29.70599945519498],[-51.85798670600533,-29.70322371956307],[-51.85582484011162,-29.6963308624423],[-51.85006633539549,-29.69266185934664],[-51.83945444860587,-29.70085778708613],[-51.83654597574549,-29.71136611327189],[-51.82691790388903,-29.71598530079549],[-51.81366453260483,-29.7165270489459],[-51.80707344794412,-29.70534044194299],[-51.80796661049467,-29.69276263281997],[-51.79109098612776,-29.6779982924995],[-51.7931886133244,-29.66628828700774],[-51.80811222473731,-29.66287505200921],[-51.80753467248086,-29.6546256764572],[-51.8029556124038,-29.64623790122207],[-51.79235192152188,-29.64215150661163],[-51.77999073757399,-29.64795811209127],[-51.77604076333815,-29.66107404020552],[-51.76703156232976,-29.6670346869672],[-51.77252904771345,-29.67769468809142],[-51.76813372100381,-29.68371001918495],[-51.76837029600466,-29.69672155978246],[-51.76520701751059,-29.69954531912207],[-51.7585319301264,-29.69808479809832],[-51.747008051375,-29.68208066115615],[-51.73844623601617,-29.68651755313651],[-51.72542147541758,-29.6877741501142],[-51.71881965203836,-29.68224731834542],[-51.70395440781954,-29.68397601289057],[-51.69530146801541,-29.6767219702616],[-51.68954993260992,-29.68439669973075],[-51.68037988305645,-29.68694582539938],[-51.68222450951544,-29.69507850444065],[-51.6775054876813,-29.69904686892169],[-51.65471051559123,-29.6982612645734],[-51.64561470348134,-29.70480076952229],[-51.6313688442232,-29.6924298736135],[-51.62072882381135,-29.70071858032458],[-51.61289491037201,-29.70269126439409],[-51.60551888782511,-29.69352649437288],[-51.60721144839416,-29.67853190793922],[-51.59641109452195,-29.668626853021],[-51.58620591366642,-29.66881046324254],[-51.57937222670727,-29.66402814206964],[-51.57055852042501,-29.66823627439701],[-51.56042597704958,-29.66750989475311],[-51.54825444461503,-29.68913798393379],[-51.53942047075415,-29.6907355824883],[-51.53444139283199,-29.69722569445722],[-51.52232458508599,-29.69546538107999],[-51.51503783143227,-29.70352149713298],[-51.48492329645688,-29.70768042977874],[-51.47875272079059,-29.71510368194306],[-51.46343189674882,-29.72338992531551],[-51.45617587452073,-29.72034887822555],[-51.44914040342564,-29.71064605832893],[-51.43531282803848,-29.71113729712724],[-51.41295739067296,-29.70426070815502],[-51.40937906886935,-29.71242071386245],[-51.41127211135593,-29.7197808221299],[-51.40575189058323,-29.72795033510166],[-51.37282746880119,-29.74643687244584],[-51.36771178637533,-29.74545838106603],[-51.36279973625658,-29.73981524483999],[-51.35551085542023,-29.7228060298339],[-51.34662755675538,-29.71935906540951],[-51.34232817004657,-29.72450676158502],[-51.34947352200977,-29.73481205450852],[-51.35048044972879,-29.74465571049208],[-51.3429343010291,-29.75571419996093],[-51.33085465835183,-29.75867652450083],[-51.32761133995784,-29.76575982176044],[-51.33261983919318,-29.77480359129217],[-51.33100154605336,-29.77971155381063],[-51.30224253395053,-29.78571356538022],[-51.28328590310781,-29.78113657100816],[-51.27807207793732,-29.77421769890552],[-51.25319080379608,-29.77443468689491],[-51.22985251948434,-29.7866831180847],[-51.23061567722122,-29.79441919091307],[-51.22406668412907,-29.79968857850701],[-51.22322239125784,-29.81313544033423],[-51.19993105619573,-29.80970339720178],[-51.18813645898287,-29.82336964160596],[-51.17706685600758,-29.81987708588843],[-51.16857246446708,-29.80464858539796],[-51.15648329589028,-29.80991749136829],[-51.13493698460068,-29.81191960825231],[-51.1286855919731,-29.8168888132029],[-51.1279348089685,-29.82602735225087],[-51.12105690823604,-29.83062259103344],[-51.12092105952474,-29.83737271056818],[-51.11176116287853,-29.84458106131885],[-51.1189389780349,-29.85483847285183],[-51.11505576528315,-29.85889951678632],[-51.09758321908832,-29.85527167000759],[-51.09426019380508,-29.84884702325936],[-51.08634047858921,-29.84670950594938],[-51.06016828103851,-29.84896179776682],[-51.05386464135029,-29.84191159358244],[-51.04230564463586,-29.84943948619244],[-51.03688682861196,-29.8496896634525],[-51.01927829762537,-29.83920102898572],[-51.01083147453545,-29.85038335079759],[-50.99608549136786,-29.8517533254369],[-50.99154302827154,-29.85953488191509],[-50.98072436063222,-29.86696550222191],[-50.95723667691071,-29.85148703545765],[-50.97253758510389,-29.83478905547276],[-50.96980307322943,-29.82782927162776],[-50.96051957843128,-29.8270550980746],[-50.93877773789227,-29.83824232608163],[-50.92881151537776,-29.85257344445816],[-50.91942011678918,-29.85157807524883],[-50.91838888138612,-29.84284228536102],[-50.91528551415015,-29.84041797031202],[-50.90807561085592,-29.83983736383261],[-50.90329871698115,-29.84678703848713],[-50.8944051699816,-29.84688555826003],[-50.89263788894704,-29.85045838424764],[-50.89871601846254,-29.86307011896687],[-50.89789813050638,-29.86777240183918],[-50.88890663362139,-29.87258841058367],[-50.87727618092009,-29.87349654588408],[-50.86541727431167,-29.85773266831668],[-50.8588835781685,-29.85493387264049],[-50.85567500514697,-29.84258199599687],[-50.84785742674745,-29.83910938786382],[-50.84600679168724,-29.83068724034654],[-50.82989077529468,-29.819243146377],[-50.8186785810366,-29.8184005898576],[-50.8142395926378,-29.81313962605952],[-50.80010690355758,-29.80895047384956],[-50.79986116271207,-29.79182662832751],[-50.79114024894514,-29.78742861254305],[-50.78625507464726,-29.77949601519511],[-50.7552025051692,-29.77686214618145],[-50.74374084152564,-29.77995754687629],[-50.74749522492313,-29.78961414841707],[-50.74199261869801,-29.79726461450564],[-50.71939264022097,-29.80478162636548],[-50.70834074816799,-29.80359547993022],[-50.70189165846562,-29.80984411361748],[-50.69177206971978,-29.80735552861032],[-50.68756227928783,-29.80289857932085],[-50.68041742078075,-29.80292539696939],[-50.67617134709826,-29.79784801328507],[-50.66930050484011,-29.79752240380558],[-50.66263945511707,-29.7889373532468],[-50.64563763411753,-29.78980613628434],[-50.63838003595642,-29.78720978848442],[-50.63019390165911,-29.79035934906159],[-50.62180892264968,-29.79937391589476],[-50.60472665519302,-29.8054820851344],[-50.60183496467471,-29.81482661995284],[-50.59520388700689,-29.81941032050823],[-50.58292730460586,-29.82645551226684],[-50.57600125890624,-29.82211590998572],[-50.57072616971638,-29.8226797024236],[-50.56683852038887,-29.83109050200882],[-50.56190949576811,-29.83321985513917],[-50.55734892151256,-29.83176148615168],[-50.55013561914086,-29.82051781487588],[-50.55735582929213,-29.81451590927537],[-50.55249542624023,-29.81380039081425],[-50.55049456924834,-29.806218978846],[-50.546492505188,-29.805503963016],[-50.5457464322631,-29.81654984778797],[-50.53834451848071,-29.81308568430575],[-50.54011731126234,-29.8256004335636],[-50.53650275335265,-29.84054883649227],[-50.5256956303843,-29.84054496349398],[-50.52085704127322,-29.84897329673819],[-50.5164276190692,-29.8402662699171],[-50.51645217511837,-29.84540433388272],[-50.51127107130879,-29.84520348460587],[-50.51208924629449,-29.83794144383832],[-50.50843583737749,-29.83604649431071],[-50.50862337582218,-29.84422297570673],[-50.50390617060074,-29.84740651880876],[-50.50625784600584,-29.85068037287702],[-50.52316486955006,-29.85089677867818],[-50.52101632803937,-29.86244204045363],[-50.53708205864672,-29.86663036325981],[-50.53832999569579,-29.87387804285684],[-50.53124186171998,-29.87739097480821],[-50.51651645760003,-29.87610348739954],[-50.5008092394861,-29.8797201818741],[-50.47906196949373,-29.89735839596188],[-50.46024750252181,-29.88802542218647],[-50.45693885065566,-29.87804030725874],[-50.44569407664138,-29.8811611304392],[-50.42922263097903,-29.87800878152743],[-50.41330160350661,-29.86780734376764],[-50.40439217501189,-29.87003793544648],[-50.40134248075767,-29.87745076198226],[-50.37900696573535,-29.89129843476553],[-50.35717995567469,-29.89232541606587],[-50.34591036426229,-29.89721808345217],[-50.29573791489331,-29.89498658584961],[-50.26369472080168,-29.87870071329213],[-50.25095309753576,-29.86338543419622],[-50.24692171709864,-29.84000368012121],[-50.24974147357074,-29.82339535651584],[-50.24041489069636,-29.80447817374877],[-50.23185690688952,-29.79466178977346],[-50.23522024247001,-29.78430576549134],[-50.22325500918304,-29.77283630962605],[-50.22734160602155,-29.76391322560685],[-50.2140392407882,-29.7536709941225],[-50.20968270825165,-29.74653622778143],[-50.20240487397728,-29.74733333175864],[-50.19886123713898,-29.76191188475295],[-50.1870076898641,-29.77920046725435],[-50.18147840776747,-29.78366246202921],[-50.17693121478147,-29.78135521475306],[-50.17060762651607,-29.75838125095564],[-50.17840134322407,-29.73748317018634],[-50.20096625453689,-29.72443351031544],[-50.19769268366527,-29.70665468824938],[-50.20166466427155,-29.69187871107634],[-50.1861263545892,-29.69214038133917],[-50.17377737723205,-29.69849421941296],[-50.17140431106175,-29.70963139449247],[-50.16522032782615,-29.71543710400934],[-50.14172674550545,-29.71397960817832],[-50.13747757016204,-29.72121346694979],[-50.13886352537788,-29.71425951960732],[-50.13280590851919,-29.70417748818167],[-50.13263647511656,-29.69411340153458],[-50.12438647478263,-29.68732031054551],[-50.15001404776843,-29.69502653476706],[-50.15625259850529,-29.6915345645748],[-50.13990405264497,-29.67587658553171],[-50.13303149408276,-29.66305981315416],[-50.11437011741849,-29.65162975906347],[-50.10885689587391,-29.64438403312131],[-50.10807777764492,-29.63627363142734],[-50.11501952328879,-29.62760454759865],[-50.11049930944024,-29.6191248653099],[-50.11227677259577,-29.61055570531511],[-50.1188255279003,-29.60790083411705],[-50.12059739191931,-29.59982162726311],[-50.10341602532642,-29.59305231745931],[-50.1002579730295,-29.59012184291354],[-50.09983973998607,-29.58104075643583],[-50.07961753586557,-29.58491483229947],[-50.0790214557067,-29.57837318620396],[-50.09086686522253,-29.5650973538703],[-50.08272923170001,-29.55224145473455],[-50.07538037290477,-29.55739640743138],[-50.0719316836971,-29.55461745059105],[-50.07549261765602,-29.5514992390284],[-50.06265421636037,-29.5536808904681],[-50.05401702479498,-29.54571469014904],[-50.05526243352111,-29.53768414475343],[-50.04637571778184,-29.5408229173431],[-50.04049968965322,-29.53550065816619],[-50.02875401655415,-29.53559869019241],[-50.01571227609267,-29.52980347469174],[-50.00542882821547,-29.53515872624979],[-50.00590091564234,-29.52714279816388],[-49.99198257744172,-29.5175226655381],[-49.98043350359514,-29.50251537577825],[-49.9793228101815,-29.49668954484904],[-50.00264453783493,-29.48497908061502],[-49.9750661427435,-29.48531071138222],[-49.96692118339964,-29.48052102767856],[-49.95378264242269,-29.46544777636294],[-49.9341723584932,-29.4599197491658],[-49.9310550565532,-29.45394931191993],[-49.9238801684319,-29.45097576897307],[-49.92316620258035,-29.44008735890081],[-49.91773403078862,-29.43475382971751],[-49.91819017437498,-29.42364139912597],[-49.9228185217764,-29.41827526145568],[-49.91776699684589,-29.41370931277312],[-49.91648555585453,-29.40431566690307],[-49.90517740361662,-29.39298258953428],[-49.91265012039315,-29.38894878320795],[-49.9203918430829,-29.39187330694893],[-49.91641369535787,-29.38444528829015],[-49.91785001445388,-29.37641237984291],[-49.9132587323743,-29.37465256206402],[-49.91361272975043,-29.36051822943329],[-49.92312543128951,-29.3548318484275],[-49.92686886625791,-29.33159426619122],[-49.91900442267224,-29.32280021720051],[-49.90972149279133,-29.32013887254415],[-49.91184952694105,-29.31857876557732],[-49.90355781419978,-29.30587587902387],[-49.904463691673,-29.29512793620628],[-49.89862017286614,-29.28923891213169],[-49.89480270335063,-29.28930304439879],[-49.89151656490113,-29.27447950871375],[-49.87802114577037,-29.26645039293047],[-49.87033240911926,-29.27306297842791],[-49.85943062791784,-29.2768310261398],[-49.85784263978336,-29.28227962170672],[-49.86423758540822,-29.29425458417525],[-49.85646098065376,-29.29608647851826],[-49.85764772583259,-29.29976780145243],[-49.86362907413001,-29.29992900501827],[-49.85535976617714,-29.31045794280704],[-49.86187308069206,-29.33341059670367],[-49.8663551112065,-29.33337844118702],[-49.87956992428875,-29.35539378821863],[-49.88595274898991,-29.35684091919425],[-49.88849963278201,-29.36150019525292],[-49.88507190932391,-29.36788810912367],[-49.88066662959488,-29.36452305103644],[-49.87419975499155,-29.36637796797178],[-49.87765480673389,-29.37162669027651],[-49.86833950023263,-29.37473903447241],[-49.86850186299091,-29.37726772811121],[-49.87436407881768,-29.37783109303416],[-49.86641178101868,-29.39197187921848],[-49.84372769284344,-29.39250245499704],[-49.84207794045852,-29.38552283140134],[-49.8535129598672,-29.37801260508147],[-49.847938461712,-29.37400742168577],[-49.85865905593111,-29.37150388841323],[-49.85068986536318,-29.36905725376088],[-49.85232671137189,-29.37113335447549],[-49.84733354409944,-29.37276192887072],[-49.84033686813571,-29.36635615555233],[-49.84241770739732,-29.35928305175623],[-49.84044307776819,-29.35645819677804],[-49.8311327018852,-29.35777312818753],[-49.82901930640633,-29.34303584506453],[-49.81993747161143,-29.33922166620501],[-49.81635105059232,-29.34248466044904],[-49.80900201104813,-29.34219975943682],[-49.80250173721224,-29.33445336608288],[-49.79543068677346,-29.33219279789057],[-49.79526547398657,-29.3279643510617],[-49.79869663340647,-29.32767871674162],[-49.79625471364836,-29.32026127589885],[-49.80378533364479,-29.32204314262445],[-49.80442850918715,-29.31932507314005],[-49.79203380441443,-29.3129804236581],[-49.7913925587888,-29.30924841134894],[-49.7974142908827,-29.31007086648888],[-49.79937810151318,-29.30512497662584],[-49.80165119803921,-29.31207212989428],[-49.80649330498059,-29.31553302158311],[-49.81684298982945,-29.31492641504551],[-49.81346457117058,-29.30600441619509],[-49.81381256375371,-29.2978792356489],[-49.81697664862344,-29.29576847085766],[-49.81011797476277,-29.29267991464449],[-49.8057706993228,-29.29478794949292],[-49.80662076996614,-29.3012260087702],[-49.8024085667488,-29.30061291967003],[-49.79858028479173,-29.30419423911575],[-49.79644376343669,-29.29898662092659],[-49.79611955762482,-29.30497562731993],[-49.79189375840676,-29.30712822272545],[-49.78993096282883,-29.29905065159789],[-49.78467498382172,-29.29868838335289],[-49.78732234908168,-29.29224653054389],[-49.78522108530571,-29.28928360234463],[-49.79169413640481,-29.2856264510642],[-49.79563488855286,-29.28945090725727],[-49.80989919756783,-29.2868036359988],[-49.8117357520711,-29.28374630196044],[-49.81687651630575,-29.2858280819142],[-49.82916337851479,-29.27598122422646],[-49.83682426269806,-29.2747739570613],[-49.8386196764837,-29.27925891154079],[-49.84068013541103,-29.27649312806071],[-49.84350822550518,-29.27784201814552],[-49.84792345500335,-29.27266520121028],[-49.84302249296224,-29.27189846055331],[-49.84500360728453,-29.26840804375352],[-49.84172830116579,-29.26053064556908],[-49.8550721375178,-29.25685598981156],[-49.85141823552259,-29.24924144209528],[-49.85612439411167,-29.25460334867717],[-49.86122267375379,-29.24472941785345],[-49.86933578879391,-29.24873760208371],[-49.86880763309107,-29.24371195809496],[-49.8625172798704,-29.24106779555438],[-49.86325973310095,-29.23245609327854],[-49.86020252038161,-29.23101259468224]]]]}},{"type":"Feature","properties":{"name":"Costeiro-Marinho","area":1.3010632483452582},"geometry":{"type":"MultiPolygon","coordinates":[[[[-53.37036645843776,-33.74368134395476],[-53.17757963652176,-33.86942840299525],[-53.13169629440518,-33.8392234850138],[-53.00393718669113,-33.74573571749213],[-52.88305808791448,-33.64626407271985],[-52.85664491178201,-33.62125206906052],[-52.80225074318259,-33.58469572314808],[-52.60332391773544,-33.42137082126955],[-52.50401849609357,-33.31727245880918],[-52.42146037346077,-33.21316235524718],[-52.38179321675319,-33.14594858979146],[-52.36561754614847,-33.10655636354437],[-52.34298485020051,-33.06946644918447],[-52.32479922939626,-33.02191764931014],[-52.30645283878162,-33.00222166436951],[-52.28680324951885,-32.97325631702569],[-52.24077459140508,-32.86314986907392],[-52.2184748696839,-32.79045706385666],[-52.21139958309237,-32.73225554677666],[-52.17067495655288,-32.61202366950825],[-52.13939310737178,-32.53283874298107],[-52.12205021794448,-32.50290182371562],[-52.11081801690463,-32.47095063379987],[-52.05635801008957,-32.39148683695744],[-52.05024833955141,-32.38497951254874],[-52.00077116190634,-32.37507275344117],[-51.96466190990601,-32.36186977450448],[-51.93955936491432,-32.34871980165039],[-51.90947412454197,-32.32724777955854],[-51.8899063538755,-32.30851743448455],[-51.86839010089964,-32.28059948364798],[-51.85263637445804,-32.25003260816549],[-51.83906108576203,-32.21120459640106],[-51.76322075069371,-32.13455137467852],[-51.71238244902482,-32.09527544552512],[-51.674121538093,-32.06916429049913],[-51.62531153332272,-32.04133065074611],[-51.53105917029915,-31.99694651374114],[-51.46712452647483,-31.95843192309336],[-51.36574560079566,-31.90805106243766],[-51.2118355180321,-31.80520643479401],[-51.19063305015449,-31.78791108116367],[-51.16661342726816,-31.76159759565464],[-51.09503428706964,-31.71824881755511],[-50.97176776558275,-31.59995988375092],[-50.94960357258655,-31.57250852043077],[-50.89425126542228,-31.52544741771726],[-50.87121868122597,-31.49853756786416],[-50.83265397248029,-31.47307605290448],[-50.79345291004736,-31.43592259557931],[-50.73505137493648,-31.39189168892271],[-50.69298384326953,-31.34597541356796],[-50.66632208536514,-31.3215957242411],[-50.64477956421705,-31.29382345696966],[-50.60462148665232,-31.25755307462922],[-50.5649315152111,-31.2101138108412],[-50.53718669794758,-31.15689491433097],[-50.50774130927221,-31.12377772681208],[-50.49414513641285,-31.10163320029044],[-50.45067732639015,-31.04632418225792],[-50.40747036868905,-30.98113931560516],[-50.37724592639745,-30.94844470326495],[-50.32176156536443,-30.87011722178753],[-50.28031986948399,-30.80412485922867],[-50.22572697547964,-30.73532065314954],[-50.20779638963796,-30.70575919288486],[-50.17908633958918,-30.67220085865616],[-50.14171038414235,-30.61381102526753],[-50.11561069108558,-30.56909774198198],[-50.07885517838296,-30.49195311750116],[-50.06871210794363,-30.45978458500608],[-50.04601531579913,-30.41359212681369],[-50.02437912313918,-30.34950328391504],[-50.01011876054282,-30.31847344803451],[-49.94780519052856,-30.14304130310335],[-49.93135900056502,-30.11288660824738],[-49.92078617620647,-30.08070053773188],[-49.90695126780704,-30.05874859628333],[-49.87368638314316,-29.98950305018988],[-49.84713781594432,-29.91804493083114],[-49.80141524437451,-29.84469851714287],[-49.76322975943198,-29.76806341843391],[-49.74689072575762,-29.74749964285731],[-49.72523542023095,-29.71028729951008],[-49.67594915645996,-29.6388637495588],[-49.59201706662142,-29.52737360497268],[-49.54616549068088,-29.49744727802097],[-49.51124446846416,-29.46193930171186],[-49.71256592172895,-29.3255720268254],[-49.73036431081673,-29.35015642638496],[-49.73086606026824,-29.35733292679313],[-49.73938422910174,-29.36315909266483],[-49.8285525989841,-29.47576889193244],[-49.91158998058765,-29.59077843459616],[-49.97639754584279,-29.69715094786094],[-50.0527830792058,-29.83830207405651],[-50.11937861447807,-29.97642344385572],[-50.15796921966803,-30.06651813313283],[-50.30405083522458,-30.44238907000816],[-50.34009772950692,-30.51119256360545],[-50.37397998981938,-30.56289159500202],[-50.46491019587888,-30.68070619609276],[-50.5583124476015,-30.81819723181093],[-50.66785394528236,-30.9629042513884],[-50.76723934509004,-31.11011193255035],[-50.83364504286165,-31.18210994594012],[-50.9082829031797,-31.25282845260616],[-50.89874265365545,-31.25969504890687],[-51.02260201422131,-31.35914231015127],[-51.15619644843265,-31.48925784591499],[-51.15811161646291,-31.49073603622134],[-51.16469787596138,-31.48269266591616],[-51.21453501753491,-31.53346258499855],[-51.26752184216099,-31.57861340380792],[-51.42723863191357,-31.69561744699906],[-51.48372377905283,-31.73193246151487],[-51.6123955916901,-31.80330630777515],[-51.7480208941387,-31.86998092361923],[-51.84767231911155,-31.93077759444349],[-51.92078158129673,-31.98774473546781],[-51.96890755539238,-32.0318384423874],[-52.07575375360593,-32.1414871371793],[-52.08199725412484,-32.16002160854423],[-52.11074247615639,-32.16353958279143],[-52.13307901216772,-32.17392667780214],[-52.19900577963272,-32.22660020283795],[-52.22521164709656,-32.25122890911155],[-52.25092147292435,-32.27984441242564],[-52.29303103470527,-32.33831874239711],[-52.3220209054807,-32.38854521079092],[-52.35987503677277,-32.46396172191023],[-52.41573387358586,-32.60523357263484],[-52.45583997043631,-32.76169005281338],[-52.48791282116478,-32.85106583700437],[-52.60346852133474,-33.06925730437373],[-52.65011109012218,-33.14169112762588],[-52.72665947351666,-33.23315109496975],[-52.80202404146155,-33.3049126180733],[-53.08616200349904,-33.53067133234072],[-53.16625992861586,-33.59790370662243],[-53.26497551184995,-33.67131146277515],[-53.37036645843776,-33.74368134395476]],[[-49.69815750880437,-29.34032670822956],[-49.69815731159967,-29.35186234932189],[-49.70975379282623,-29.35186240533359],[-49.70975398238198,-29.34044883702132],[-49.69815750880437,-29.34032670822956]]]]}}]}